,ct_perc_income_200000_or_more
,mean
st_loc,
A ST,24.717626029290322
ABBOT ST,0.618458611
ABBOTSFORD ST,1.061571125
ABBY RD,7.17325228
ABERDEEN ST,5.869565216999999
ACACIA RD,12.04819277
ACADEMY HILL RD,7.528828682294118
ACADIA ST,19.29212363
ACHORN CI,11.58759124
ACKLEY PL,5.15970516
ACORN ST,26.28465804
ACTON ST,7.610520425
ADA ST,7.283236994
ADAIR RD,11.22379986
ADAMS PL,21.12036336
ADAMS ST,7.7292842757410725
ADAMS TE,4.186655037
ADAMSON ST,3.9878465630000006
ADANAC TE,12.75362319
ADDINGTON RD,10.87570621
ADDISON ST,3.390804598
ADELAIDE ST,17.54901961
ADELAIDE TE,17.54901961
ADELLA PL,1.095461659
ADIRONDACK PL,6.57306956
ADRIAN ST,4.829770388
AGASSIZ PK,29.69432314
AGAWAM ST,4.186655037
AGNES AV,3.747927032
AGUADILLA ST,25.93103448
AINSLEY ST,4.043126685
AINSWORTH ST,11.95505618
AKRON PL,2.694235589
AKRON ST,2.694235589
ALABAMA ST,5.054151625
ALAMEDA RD,20.4825462
ALARIC ST,12.04819277
ALARIC TE,12.04819277
ALASKA ST,5.971223022
ALBAN ST,7.069846678
ALBANO ST,8.707709373
ALBANY ST,13.513404172015385
ALBEMARLE CT,7.610520425
ALBEMARLE ST,7.156126653499999
ALBERT PL,4.186655037
ALBERTA ST,24.61956522
ALBION PL,26.01568068
ALBION ST,3.6754299295
ALBRIGHT ST,10.875706209999999
ALCOTT ST,3.987846563
ALDER ST,8.707709373
ALDIE ST,5.5805494215
ALDO TE,6.048387097
ALDRICH ST,11.3986014
ALDWIN RD,8.108108108
ALDWORTH ST,29.694323140000005
ALEXANDER ST,2.481902792
ALFORD ST,26.01568068
ALFRED ST,16.70182841
ALGER ST,27.97593468
ALGONQUIN ST,4.42804428
ALHAMBRA RD,20.4825462
ALICIA RD,1.053799224
ALKYRIS RD,6.020558003
ALLANDALE ST,23.28561960307692
ALLEGHANY ST,2.66171977
ALLEN RD,9.171800137
ALLEN ST,7.318593895857143
ALLENWOOD ST,24.619565219999995
ALLERTON ST,0.0
ALLEYNE ST,24.61956522
ALLSTATE RD,7.4899942820000005
ALLSTON ST,10.89893660785849
ALMONT ST,3.362725259708861
ALNA PL,4.523424879
ALPHA RD,7.082630691
ALPHEUS RD,5.499276411
ALPINE PL,2.694235589
ALPINE ST,2.728225635548387
ALPINE WY,12.18611521
ALTACREST RD,12.04819277
ALTAIR RD,6.020558003
ALTHEA ST,4.186655037
ALTHER ST,0.0
ALVAH KITTREDGE PK,3.6953242839999993
ALVAN TE,9.87432675
ALVARADO AV,7.610520425
ALVESTON ST,16.70182841
ALVESTON TE,16.70182841
ALWARD RD,17.04918033
ALWIN ST,7.610520424999999
AMBOY ST,3.987846563
AMBROSE ST,0.0
AMERICAN LEGION HW,4.328664171976471
AMESBURY ST,10.87570621
AMHERST ST,8.707709373
AMORET RD,6.0205580030000005
AMORY AV,0.627802691
AMORY ST,3.9188304561315785
ANAWAN AV,21.897602080588236
ANAWAN TE,11.398601399999999
ANCHOR WY,
ANDERSON PL,15.27777778
ANDERSON ST,16.500764475555556
ANDOVER RD,17.04918033
ANDRIA RD,3.747927032
ANGELL ST,0.618458611
ANITA TE,3.6953242840000002
ANNABEL ST,9.87432675
ANNAFRAN ST,3.7479270319999998
ANNAPOLIS ST,9.87432675
ANNAVOY ST,6.572379368
ANNUNCIATION RD,0.0
ANSEL RD,1.55180283
ANSELM TE,8.194233687
ANSON ST,6.508549366
ANSONIA RD,12.04819277
ANTHONY J GRIECO TE,7.737397421
ANTHONY R VALENTI WY,23.05570877
ANTRIM ST,6.572379368
ANTWERP ST,7.173252279999999
APPIAN PL,4.739336493
APPIAN WY,7.17325228
APPLETON ST,29.019651084927535
ARAMON ST,4.523424879
ARBELLA RD,1.053799224
ARBORCREST TE,2.697921274
ARBORETUM RD,8.108108108
ARBORFIELD RD,3.747927032
ARBOROUGH RD,11.95505618
ARBORVIEW RD,28.631138979999996
ARBORWAY ,17.569844173
ARBORWAY ST,18.88378653327027
ARBORWAY TE,29.69432314
ARBROTH ST,4.043126685
ARBUTUS ST,1.55180283
ARCADIA PK,1.991798477
ARCADIA ST,2.8131076170370366
ARCH ST,23.96356784
ARCHDALE RD,8.108108108
ARCOLA ST,9.558823529
ARDALE ST,11.95505618
ARDEE ST,4.523424879
ARDEN ST,3.987846563
ARDENT ST,11.398601399999999
ARDMORE RD,20.4825462
ARGUS PL,8.194233687
ARGYLE ST,7.069846678
ARGYLE TE,7.069846678
ARION ST,2.481902792
ARLINGTON AV,26.015680679999996
ARLINGTON CT,9.171800137
ARLINGTON ST,9.171290581592594
ARMANDINE ST,4.316740216
ARMINGTON ST,1.095461659
ARMORY ST,26.015680679999996
ARMSTRONG ST,8.236536431
ARNOLD PL,13.4502924
ARUNDEL ST,5.869565217
ARVALE RD,4.42804428
ASCOT ST,7.17325228
ASHBURTON PL,24.10236822
ASHCROFT ST,16.70182841
ASHEVILLE RD,5.499276411
ASHEVILLE ST,5.499276411
ASHFIELD ST,11.95505618
ASHFORD CT,3.987846563
ASHFORD ST,3.987846563
ASHFORD TE,3.987846563
ASHLAND AV,12.04819277
ASHLAND ST,4.186655037
ASHLEY ST,6.899267362517857
ASHMONT CT,3.303143314
ASHMONT PK,12.75362319
ASHMONT ST,7.377097710956521
ASHMORE RD,8.108108108
ASHTON ST,1.5161039234545455
ASHWOOD TE,7.283236994
ASPEN ST,5.971223022
ASPINWALL RD,3.211009174
ASTICOU RD,8.108108108
ASTORIA ST,1.872659176
ATHELWOLD ST,3.211009174
ATHENS ST,26.828006586086957
ATHERSTONE ST,1.053799224
ATHERTON AV,8.524844548333332
ATHERTON PL,0.627802691
ATHERTON ST,2.780456363775
ATHOL ST,7.17325228
ATKINS ST,10.53122088
ATKINSON ST,0.0
ATLANTIC AV,23.83076611551724
ATLANTIC ST,14.84751204
ATLANTIS ST,10.87570621
ATWILL RD,20.4825462
ATWOOD SQ,11.58759124
AU BON PAIN WY,
AUBURN PL,26.01568068
AUBURN SQ,26.01568068
AUBURN ST,26.01568068
AUBURN TE,26.01568068
AUCKLAND ST,11.145660207307692
AUGUSTUS AV,7.5681314698
AURIGA ST,4.043126685
AUSTIN AV,6.572379368
AUSTIN ST,13.384793681816326
AUTUMN ST,7.822430984428571
AVALON RD,10.87570621
AVENUE DE LAFAYETTE ,23.96356784
AVENUE LOUIS PASTEUR ,1.785714286
AVERBUCH TE,9.868421053
AVERTON ST,8.707709373
AVERY PL,26.01568068
AVERY ST,23.96356784
AVILA RD,13.450292399999999
AVON PL,23.87836491
AVON ST,28.63113898
AVONDALE ST,6.57306956
AYLES RD,2.724042637
AYR RD,8.183401045
B ST,25.40806539671875
BABBITT ST,7.660455487
BABCOCK ST,3.987846563
BABSON ST,2.4161244600487803
BACK ST,20.355042955000002
BADGER PL,23.87836491
BADGER RD,6.048387097
BAGNAL ST,7.17325228
BAILEY ST,1.053799224
BAIRD ST,1.55180283
BAKER AV,2.481902792
BAKER CT,7.489994282
BAKER PL,10.87570621
BAKER ST,11.098975365395061
BAKERS AL,14.54664057
BAKERSFIELD ST,9.87432675
BALDWIN PL,10.98115016709091
BALDWIN ST,26.01568068
BALFOUR ST,4.829770388
BALINA PL,7.407407407
BALL ST,1.56133829
BALLARD ST,11.58759124
BALLARD WY,11.58759124
BALLIN PL,16.70182841
BALLOU AV,1.159114858
BALLOU PL,1.159114858
BALMORAL PK,20.80808081
BALSAM ST,1.55180283
BANCROFT ST,0.627802691
BANFIELD AV,2.697921274
BANGOR RD,10.87570621
BANKS ST,10.87570621
BANTON ST,7.069846678
BANTRY WY,20.80808081
BARBARA ST,16.70182841
BARCLAY RD,20.4825462
BARD AV,0.0
BARDWELL ST,11.58759124
BARKER ST,9.171800137
BARLOW ST,6.7567567566666655
BARNA RD,1.053799224
BARNARD PL,19.29212363
BARNES AV,6.572379368
BARRETT AV,20.80808081
BARRINGTON RD,12.75362319
BARROWS ST,1.095461659
BARRY PK,3.726708075
BARRY ST,5.360452950787234
BARSTOW ST,6.308919507
BARTLETT AV,12.04819277
BARTLETT PL,12.57367387
BARTLETT SQ,6.508549366
BARTLETT ST,16.64353663331579
BARTON ST,23.05570877
BASILE ST,3.918824353
BASTO TE,11.95505618
BATCHELDER ST,3.0164741939090907
BATEMAN ST,5.499276411000001
BATESWELL RD,12.75362319
BATTERY ST,18.16911251
BATTERYMARCH ST,23.96356784
BAXTER ST,15.124045800000001
BAY ST,13.699266607000002
BAY STATE PL,19.29212363
BAY STATE RD,9.88517794852349
BAY VIEW PL,14.84751204
BAYARD ST,7.17325228
BAYSIDE ST,12.18611521
BAYSWATER ST,6.572379368000001
BEACH ST,13.66511911788
BEACHVIEW RD,6.572379368
BEACON ST,18.86881541614759
BEAL PL,7.610520425
BEALE ST,12.75362319
BEARSE AV,12.75362319
BEAUFIELD ST,3.303143314
BEAUFORT RD,16.70182841
BEAUMONT ST,12.75362319
BEAVER PL,26.28465804
BEAVER ST,13.434894231000001
BECKET ST,12.75362319
BECKLER AV,12.89156627
BEDFORD ST,23.96356784
BEECH GLEN ST,3.695324284
BEECH ST,8.798012265846154
BEECHCROFT ST,11.22379986
BEECHER ST,17.54901961
BEECHLAND CI,1.6816143499999998
BEECHMONT FW,5.499276411
BEECHMONT ST,5.499276411
BEECHMONT TE,5.499276411
BEECHWOOD ST,3.726708075
BEETHOVEN ST,5.15970516
BELDEN SQ,4.121212121
BELDEN ST,4.121212121
BELFORT ST,9.480932203
BELGRADE AV,12.795360714007812
BELGRAVIA PL,18.16911251
BELL CT,15.1240458
BELLAIRE RD,17.04918033
BELLAMY ST,10.53122088
BELLE AV,12.04819277
BELLE ISLE INLET ,3.390804598
BELLEVUE HILL RD,24.61956522
BELLEVUE ST,16.999267638923076
BELLFLOWER ST,7.489994282
BELLINGHAM PL,15.27777778
BELLVISTA RD,2.110947472
BELMONT PL,4.523424879
BELMONT ST,26.01568068
BELMORE TE,17.54901961
BELNAP RD,7.610520425
BELNEL RD,3.747927032
BELTON ST,3.303143314
BELVIDERE ST,4.884157796
BENNET PL,3.283735249
BENNET ST,9.085714286
BENNETT ST,9.171800137
BENNINGTON ST,3.7704951093598016
BENSON ST,7.17325228
BENTHAM RD,1.725888325
BENTLEY ST,6.308919507
BERKELEY ST,28.594779021785715
BERKSHIRE ST,12.75362319
BERNARD ST,0.7184597773214286
BERNICE ST,4.186655037
BERRY ST,9.10099889
BERTRAM ST,3.987846563
BERTSON AV,20.4825462
BERWICK ST,10.87570621
BERYL ST,11.3986014
BEVERLY ST,23.05570877
BEXLEY RD,3.918824353
BICKFORD AV,4.82069371
BICKFORD ST,2.3778651630526313
BICKNELL ST,0.618458611
BIGELOW CI,10.53122088
BIGELOW ST,10.67839391325
BILLERICA ST,23.05570877
BILLINGS LA,28.63113898
BILLINGS ST,12.04819277
BILODEAU RD,0.0
BILTMORE ST,16.70182841
BINFORD ST,27.97593468
BINNEY ST,2.188081937
BIRCH RD,6.020558003
BIRCH ST,8.707709373
BIRCHCROFT RD,3.747927032
BIRCHLAND AV,12.048192769999998
BIRCHLAND TE,12.04819277
BIRCHWOOD ST,3.8798498120000002
BIRD PL,20.4825462
BIRD ST,3.30879966109375
BISCOE PL,23.87836491
BISHOP JOE L SMITH WY,0.0
BISHOP ST,16.70182841
BISMARCK ST,5.1069283925
BISPHAM ST,4.186655037
BLABAN PL,23.87836491
BLACKFAN CI,1.785714286
BLACKFAN ST,2.053959386666667
BLACKINTON ST,6.572379368
BLACKSTONE SQ,25.93103448
BLACKSTONE ST,24.10236822
BLACKWELL ST,9.10099889
BLACKWOOD ST,11.5555055975
BLAINE ST,3.987846563
BLAKE ST,3.7479270320000007
BLAKEMORE ST,4.6827237235000005
BLAKEVILLE ST,3.726708075
BLANCHARD ST,3.695324284
BLANCHE ST,4.186655037
BLANDFORD ST,7.660455487
BLANVON RD,8.108108108
BLENFORD RD,6.573317775
BLOCK ST,0.0
BLOOMFIELD ST,1.991798477
BLOOMINGTON ST,9.10099889
BLOSSOM ST,21.12036336
BLUE HILL AV,2.4605966917583335
BLUE LEDGE DR,1.68161435
BLUEFIELD TE,2.697921274
BLUEVIEW CI,3.879849812
BLUEVIEW RD,3.879849812
BOARD AL,14.54664057
BOARDMAN ST,6.0633274048
BOBOLINK ST,24.61956522
BODWELL ST,2.481902792
BOGANDALE RD,6.020558003
BOLSTER ST,8.236536431
BOLTON PL,23.87836491
BOLTON ST,27.011911637882356
BONAD RD,9.195077984500001
BONAIR ST,10.87570621
BOND ST,25.93103448
BONELL TE,1.637554585
BORDER ST,1.8186858259615386
BOSTON AND MAINE RR ,14.703242638999999
BOSTON ST,10.541091788085106
BOSTON UNI BRIDGE ZZ ,5.614035088
BOSTON WHARF RD,30.10928962
BOSTONIA AV,11.05845182
BOTHWELL RD,11.22379986
BOULEVARD TE,2.110947472
BOURNE ST,6.559008268869564
BOURNEDALE RD,8.108108108
BOURNESIDE ST,7.082630691
BOUTWELL ST,4.043126685
BOW ST,6.048387097
BOWDITCH RD,28.63113898
BOWDOIN AV,4.42804428
BOWDOIN PK,3.4766056062499997
BOWDOIN SQ,24.10236822
BOWDOIN ST,4.453247148437869
BOWEN ST,15.1240458
BOWER ST,2.694235589
BOWKER ST,24.10236822
BOWMAN ST,9.10099889
BOXFORD TE,24.61956522
BOYD ST,1.991798477
BOYDEN ST,1.55180283
BOYLSTON PL,7.658074603818181
BOYLSTON ST,15.748180282594468
BOYNTON ST,6.508549366
BRACKETT ST,11.22379986
BRADBURY ST,4.567011238818182
BRADDOCK PK,27.89165447
BRADEEN ST,3.918824353
BRADEEN STREET FW,3.918824353
BRADFIELD AV,11.95505618
BRADFORD CI,11.95505618
BRADFORD RD,6.57306956
BRADFORD ST,25.93103448
BRADLEE CT,3.7479270320000007
BRADLEE LA,3.747927032
BRADLEE PK,3.747927032
BRADLEE ST,3.805798964914286
BRADSHAW ST,0.6420080075
BRADSTON ST,0.0
BRADSTREET AV,5.544063046
BRADWOOD ST,11.3986014
BRAEBURN RD,13.4502924
BRAEMORE RD,3.724247227
BRAEWOOD ST,13.4502924
BRAGDON ST,0.627802691
BRAHMS ST,11.3986014
BRAINARD ST,12.415654523076922
BRAINERD RD,3.1728245145454546
BRAINTREE ST,3.987846563
BRANCH ST,26.28465804
BRANCHFIELD ST,12.75362319
BRANTON ST,3.303143314
BRAYTON RD,11.05845182
BRAYTON TE,11.05845182
BRECK AV,11.05845182
BREED ST,6.572379368
BREMEN ST,5.632336314442623
BREMEN TE,7.7268491059999995
BRENT ST,7.069846678
BRENTON ST,0.665557404
BRENTWOOD ST,7.17325228
BREWER ST,29.69432314
BREWSTER ST,14.84751204
BRIARCLIFF TE,2.697921274
BRIDGE CT,21.12036336
BRIER RD,24.61956522
BRIGHAM ST,4.523424879
BRIGHTON AV,2.9281604025636367
BRIGHTON ST,26.01568068
BRIMMER ST,26.28465804
BRINSLEY ST,0.0
BRINTON ST,3.951701427
BROAD ST,24.027184680833333
BROADLAWN PK,10.87570621
BROADWAY ST,20.45579391088889
BROCK ST,10.297090307677419
BROCKTON ST,5.054151625
BROMFIELD ST,23.96356784
BROMLEY ST,2.242152466
BRONX RD,12.04819277
BROOK AV,3.639871268461538
BROOK FARM RD,10.760107443166667
BROOK MARSHALL RD,1.3125840384999998
BROOK ST,6.128702758
BROOKDALE ST,3.918824353
BROOKFIELD ST,11.955056180000001
BROOKFORD ST,4.829770388000001
BROOKLEDGE ST,1.5089163240000003
BROOKLEY RD,6.508549366
BROOKLINE AV,6.354384139883721
BROOKS ST,5.767974776808511
BROOKSDALE RD,11.223799860000002
BROOKSIDE AV,5.195201060157895
BROOKVALE ST,12.75362319
BROOKVIEW ST,1.55180283
BROOKWAY RD,8.108108108
BROOKWAY TE,3.918824353
BROWN AV,5.040295233333333
BROWN TE,16.70182841
BROWNING AV,0.618458611
BROWNSON TE,17.04918033
BRUCE ST,12.75362319
BRUCEWOOD ST,10.87570621
BRUNSWICK ST,2.396471411842105
BRUSH HILL TE,6.048387097
BRUSHWOOD CI,6.048387097
BRYANT RD,6.020558003
BUCHANAN RD,17.04918033
BUCKINGHAM ST,9.6386338295
BUCKLEY AV,8.236536431
BUCKNAM ST,4.82069371
BUICK ST,5.614035088
BULLARD ST,4.42804428
BUMSTEAD CT,23.96356784
BUNGALOW RD,6.020558003
BUNKER HILL CT,26.01568068
BUNKER HILL ST,23.342024484489794
BUNKER ST,7.610520425
BURARD ST,20.4825462
BURBANK ST,4.736842105
BURGOYNE ST,12.75362319
BURKE ST,1.637554585
BURLEY ST,5.768104153142858
BURLINGTON AV,5.869565217
BURMAH ST,5.054151625
BURNETT ST,6.508549366
BURNEY ST,2.202339986
BURNSIDE AV,17.04918033
BURR ST,17.54901961
BURRAGE ST,16.70182841
BURRELL ST,2.251655629
BURRILL PL,14.847512040000002
BURROUGHS ST,29.69432314
BURRWOOD RD,17.04918033
BURT ST,1.053799224
BURTON AV,5.971223022
BURTON ST,10.53122088
BURWELL RD,20.4825462
BUSHNELL ST,12.75362319
BUSINESS ST,9.627107692263158
BUSSEY PL,23.96356784
BUSSEY ST,
BUSWELL ST,5.869565217
BUTLER ST,12.75362319
BUTTONWOOD CT,7.489994282
BUTTONWOOD ST,7.489994282
BYNNER ST,7.07823791636
BYRD AV,6.128702758
BYRON ST,7.5192043990163935
C ST,25.11667307238095
CABOT ST,1.637554585
CADDY RD,6.57306956
CAHNERS PL,27.89165447
CALDER ST,0.618458611
CALDWELL ST,26.015680679999996
CALEDONIAN AV,12.048192769999998
CALL ST,15.815456319217391
CALLENDER ST,1.55180283
CALTHA RD,11.05845182
CALUMET ST,2.5233152934204544
CALVIN RD,28.63113898
CAMBRIA ST,4.884157796
CAMBRIDGE (1L-1M) ST,5.614035088
CAMBRIDGE ST,10.75256698057068
CAMBRIDGE TE,1.095461659
CAMDEN ST,8.96239621
CAMELIA RD,3.747927032
CAMELOT CT,1.095461659
CAMERON ST,4.817073171
CAMP RD,6.020558003
CANAAN ST,5.054151625
CANAL ST,23.05570877
CANDOR PL,16.70182841
CANTERBURY ST,5.8240104826
CAPEN PL,7.407407406999999
CAPEN ST,7.407407407
CAPITAL ST,10.87570621
CARDINGTON ST,3.951701427
CAREY ST,8.108108108
CARLFORD RD,8.108108108
CARLISLE ST,5.358686258
CARLOS ST,1.55180283
CARLOTTA ST,4.186655037
CARLSON CI,17.04918033
CARLSON RD,6.048387097
CARMEL ST,2.202339986
CARMELA LA,1.053799224
CARMEN ST,4.42804428
CARNES PL,3.695324284
CAROL AV,0.727566694
CAROL CI,6.020558003
CAROLINA AV,16.70182841
CAROLINA PL,16.70182841
CARPENTER ST,27.97593468
CARROLL ST,10.87570621
CARROLTON RD,3.879849812
CARRUTH ST,12.75362319
CARSON ST,7.489994281999999
CARTER ST,26.015680679999996
CARVER ST,9.085714286
CARYLL ST,6.57306956
CASPAR ST,10.87570621
CASPIAN WY,12.186115210000002
CASS ST,12.04819277
CASSNET ST,4.186655037
CASTLE CT,5.486041081333333
CASTLE ISLAND TERMINAL ,
CASTLE ROCK ST,12.18611521
CASTLEGATE RD,0.665557404
CASTLETON ST,7.329115378882353
CATAUMET ST,28.631138979999996
CATAWBA ST,2.6942355889999994
CATHERINE ST,6.128702758
CATON ST,3.747927032
CAUSEWAY ST,22.4154602045
CAWFIELD ST,4.121212121
CAZENOVE ST,27.31762918
CEDAR AV,4.42804428
CEDAR GROVE ,3.303143314
CEDAR LANE WY,26.28465804
CEDAR PK,3.6953242840000002
CEDAR PL,2.481902792
CEDAR RD,6.020558003
CEDAR SQ,3.695324284
CEDAR ST,6.349705393177966
CEDARCREST CI,3.879849812
CEDARCREST LA,3.879849812
CEDARCREST RD,3.879849812
CEDARCREST TE,3.879849812
CEDARWOOD RD,28.63113898
CEDRIC ST,2.251655629
CEDRUS AV,8.707709373
CEFALO RD,20.4825462
CELIA RD,24.61956522
CEMETERY LA,6.57306956
CEMETERY RD,10.87570621
CEMETERY RD ISLAND ,10.87570621
CENACLE RD,8.194233687
CENTER PZ,24.10236822
CENTERVALE PK,7.082630691
CENTOLA ST,7.17325228
CENTRAL AV,3.4402031220000002
CENTRAL ST,24.10236822
CENTRE AV,7.079434687750001
CENTRE CT,4.186655037
CENTRE LA,6.020558003
CENTRE PL,4.663126114571428
CENTRE ST,12.670920770784893
CENTRE STREET TE,3.695324284
CENTRE TE,6.020558003
CERDAN AV,17.04918033
CERINA RD,16.70182841
CEYLON ST,1.7555990605
CHADWICK ST,0.0
CHAMBERLAIN ST,4.42804428
CHAMBLET ST,2.481902792
CHAMPLAIN CI,3.211009174
CHAMPNEY PL,15.27777778
CHAMPNEY ST,10.53122088
CHANDLER ST,27.31762918
CHANNEL CENTER ST,27.97593468
CHANNEL ST,30.10928962
CHAPEL PL,23.05570877
CHAPEL RD,2.98001373575
CHAPIN AV,20.4825462
CHAPPIE ST,26.01568068
CHARLAME PL,2.694235589
CHARLAME ST,2.694235589
CHARLEMONT ST,3.303143314
CHARLES PARK RD,12.04819277
CHARLES RD,7.407407407
CHARLES RIVER ,18.6952903495
CHARLES RIVER AV,25.625
CHARLES RIVER DAM ,21.12036336
CHARLES RIVER SQ,15.27777778
CHARLES ST,14.245672549462427
CHARLES STREET PL,26.01568068
CHARLES STREET SOUTH ,15.92268237125
CHARLESGATE EAST ,14.42542787
CHARLESGATE ST,14.42542787
CHARLESGATE WEST ,9.633138338
CHARLESVIEW ST,10.53122088
CHARLOTTE ST,0.618458611
CHARME AV,6.128702758
CHARTER ST,14.096144505000002
CHASE ST,8.649046806400001
CHATHAM RO,24.10236822
CHATHAM ST,24.10236822
CHAUCER ST,3.390804598
CHAUNCY ST,23.96356784
CHEEVER CT,4.523424879
CHELLMAN ST,10.87570621
CHELMSFORD ST,3.303143314
CHELSEA CREEK ,
CHELSEA ST,5.58616284274026
CHELSEA TE,4.739336493
CHEMICAL LA,26.01568068
CHENEY ST,1.508916324
CHERITON RD,3.8798498119999993
CHEROKEE ST,2.202339986
CHERRY RD,6.020558003
CHERYL LA,7.610520425
CHESBROUGH RD,10.87570621
CHESHIRE ST,16.70182841
CHESTER PK,5.054151625
CHESTER PL,20.4825462
CHESTER ST,2.350380095740741
CHESTERFIELD ST,7.610520425
CHESTERTON ST,0.0
CHESTNUT AV,12.781131283105264
CHESTNUT HILL AV,7.621993948565218
CHESTNUT HILL DR,6.308919507
CHESTNUT PL,11.5053739585
CHESTNUT RD,6.020558003
CHESTNUT SQ,16.70182841
CHESTNUT ST,24.926192455641026
CHESTNUT TE,16.70182841
CHEVERUS RD,7.069846678
CHICKAMAUGA PK,3.6953242840000002
CHICKATAWBUT ST,4.6600882360425535
CHILCOTT PL,5.15970516
CHILD ST,12.62668698554217
CHILTON RD,10.875706209999999
CHIPMAN ST,7.069846678
CHISHOLM LA,7.283236994
CHISHOLM RD,7.283236994
CHISHOLM TE,7.283236994000001
CHISWICK RD,7.224993931117647
CHISWICK TE,8.194233687
CHITTICK RD,6.048387097
CHOCORUA ST,
CHRISTOPHER ST,4.186655037
CHRISTY LA,7.610520425
CHURCH AV,15.1240458
CHURCH ST,14.506703811623932
CHURCHILL RD,24.61956522
CIRCUIT SQ,2.694235589
CIRCUIT ST,2.694235589
CITY HALL AV,24.10236822
CITY HALL SQ,24.10236822
CITY POINT CT,19.20529801
CITY SQ,23.819976995
CITY VIEW RD,0.727566694
CLANCY RD,6.5730695599999995
CLAPP ST,7.4899942820000005
CLARE AV,4.2090016774
CLAREMONT PK,22.6744186
CLAREMONT ST,22.6744186
CLARENCE ST,0.0
CLARENDON PK,7.283236994
CLARENDON ST,30.89045749375
CLARIDGE TE,7.069846678
CLARK ST,18.16911251
CLARKEN CT,26.01568068
CLARKSON ST,3.8427043618085106
CLARKWOOD ST,1.872659176
CLARON ST,4.482425672000001
CLAXTON ST,8.108108108
CLAY ST,2.724042637
CLAYBOURNE ST,1.9917984770000001
CLAYMONT TE,4.043126685
CLAYMOSS RD,6.5733177750000005
CLAYTON PL,4.186655037
CLAYTON ST,4.186655037
CLEARWATER DR,6.5730695599999995
CLEARWAY ST,4.884157796
CLEAVES ST,0.627802691
CLEMATIS ST,4.186655037
CLEMENT AV,24.61956522
CLEMENTINE PK,7.082630691
CLERMONT ST,1.053799224
CLEVELAND PK,0.0
CLEVELAND PL,10.25073746
CLEVELAND ST,12.2154344215625
CLEVEMONT AV,3.987846563
CLIFFMONT ST,6.739343153692308
CLIFFORD ST,7.943878815469136
CLIFTON ST,2.989638454789474
CLIFTONDALE ST,8.707709373
CLINTON PL,26.01568068
CLINTON ST,24.10236822
CLIVE ST,17.54901961
CLOVER ST,3.3031433140000006
COBDEN ST,3.9517014270000006
CODMAN HILL AV,1.053799224
CODMAN PK,3.9517014270000006
CODMAN ST,1.053799224
COFFEY ST,9.10099889
COHASSET ST,8.707709373
COLBERG AV,11.3986014
COLBERT ST,11.95505618
COLBORNE RD,6.573317775
COLBURN ST,4.82069371
COLBY RD,17.04918033
COLCHESTER ST,9.868421053
COLEBROOK ST,14.84751204
COLEMAN ST,3.8824745172857145
COLERIDGE ST,3.4872159546666666
COLEUS PK,1.029295329
COLGATE RD,8.108108108
COLLINS ST,3.7479270320000007
COLLISTON RD,0.727566694
COLONIAL AV,7.069846678
COLORADO ST,4.773431703029412
COLUMBIA CI,1.894736842
COLUMBIA RD,6.931051996050632
COLUMBIA ST,3.747927032
COLUMBIA TE,3.726708075
COLUMBUS AV,12.36042948452381
COLUMBUS SQ,35.37815126
COLWELL AV,8.194233687
COMMERCIAL CT,10.25073746
COMMERCIAL ST,17.407874558928572
COMMERCIAL WHARF EAST ,24.10236822
COMMODORE TE,13.4502924
COMMON ST,25.625
COMMONWEALTH AV,10.913744654151218
COMMONWEALTH TE,2.110947472
COMO RD,7.610520425
CONCORD AV,20.240547537999998
CONCORD SQ,22.6744186
CONCORD ST,23.661458159
CONDOR ST,2.941613043225352
CONGRESS ST,27.920845728333333
CONGREVE ST,11.95505618
CONISTON RD,11.95505618
CONLEY ST,9.10099889
CONRAD ST,9.87432675
CONRY CR,28.63113898
CONSTANCE RD,12.04819277
CONSTITUTION PZ,25.625
CONSTITUTION RD,12.18760314
CONVERSE ST,11.22379986
CONWAY ST,11.95505618
COOK ST,23.87836491
COOK STREET CT,23.87836491
COOKSON TE,2.697921274
COOLIDGE RD,5.736765971272727
COOPER ST,12.57367387
COPELAND PK,5.971223022
COPELAND PL,5.971223022
COPELAND ST,5.971223022
COPENGER ST,4.82069371
COPLEY ST,3.765273631076923
COPPERSMITH WY,0.642201835
COPPS HILL TE,10.25073746
CORAL PL,23.87836491
CORBET ST,7.407407407
CORCORAN DR,6.048387097
CORDIS ST,20.658684362941177
COREY RD,1.4379514178378379
COREY ST,15.835693514871796
COREY TE,20.4825462
CORINNE RD,11.22379986
CORINTH ST,8.707709373
CORMAN RD,5.054151625
CORNAUBA ST,7.283236994
CORNAUBA XT,7.283236994
CORNELL ST,8.887879373103448
CORNHILL ST,24.10236822
CORNWALL ST,5.15970516
CORONA ST,1.9917984769999997
CORONADO RD,3.747927032
CORTES ST,27.317629179999997
CORWIN ST,1.991798477
COTTAGE CT,4.829770388
COTTAGE PL,13.4502924
COTTAGE RD,6.020558003
COTTAGE ST,4.53754558105618
COTTING ST,23.05570877
COTTON ST,11.95505618
COTTRELL ST,7.4899942820000005
COTUIT ST,10.87570621
COUNTRYSIDE DR,6.573069560000001
COURT SQ,24.10236822
COURT ST,24.10236822
COURTLAND RD,0.0
COURTNEY RD,15.814485506
COVENTRY ST,1.637554585
COVINGTON ST,14.84751204
COWING ST,24.61956522
COWPER ST,4.286077274971428
CRAFT PL,8.108108108
CRAGMERE TE,2.697921274
CRANDALL ST,7.283236994
CRANE ST,3.747927032
CRANMORE RD,6.048387097
CRANSTON ST,17.54901961
CRAWFORD ST,2.6519773358311687
CREEK SQ,24.10236822
CREHORE RD,17.04918033
CREIGHTON ST,4.4371537849
CRESCENT AV,8.039218536068965
CRESCENT ST,26.01568068
CREST ST,20.4825462
CRESTHILL RD,11.22379986
CRESTON PK,1.029295329
CRESTON ST,1.029295329
CRESTWAY RD,6.572379368
CRESTWOOD PK,1.061571125
CRICKET LA,10.875706209999999
CRISPUS ATTUCKS PL,2.694235589
CROCKERS LA,24.61956522
CROCKETT AV,3.3031433140000006
CROFTLAND AV,1.053799224
CROMWELL RD,3.480924575363637
CROSBY PL,0.0
CROSBY SQ,16.70182841
CROSS RD,6.0205580030000005
CROSS ST,22.042286261363635
CROSSLAND PL,6.308919507
CROSSMAN ST,2.697921274
CROSSTOWN AV,12.048192769999998
CROWELL ST,7.407407406999999
CROWN ST,3.747927032
CROYDON ST,5.054151625
CRYSTAL PL,26.01568068
CUFFLIN ST,10.53122088
CULBERT ST,5.054151625
CUMBERLAND ST,7.425623625142857
CUMMINGS HW,3.747927032
CUMMINGS RD,0.727566694
CUMMINGS ST,0.0
CUMMINGTON ST,7.660455487000001
CUMMINS HW,5.104913681549738
CUMSTON ST,25.93103448
CUNARD ST,1.637554585
CUNNINGHAM ST,4.829770388
CURLEW ST,6.020558003
CURLEY ST,6.128702758
CURRIER ST,4.3321299642857145
CURTIS ST,3.390804598
CURVE ST,23.96356784
CUSHING AV,7.59856263945
CUSHMAN RD,6.308919507
CUSTER ST,11.58759124
CUSTOM HOUSE ST,23.96356784
CUTHBERT RD,24.61956522
CUTLER CT,12.89156627
CUTTER RD,10.875706209999999
CYGNET ST,7.17325228
CYPHER ST,28.829276656
CYPRESS ST,12.04819277
CYPRESS TE,12.04819277
D ST,20.123103283298246
DABNEY ST,2.694235589
DACIA ST,4.829770388
DACY ST,2.724042637
DADE ST,1.063829787
DAKOTA ST,1.991798477
DAKOTA TE,1.991798477
DALE ST,3.9825008894210523
DALIN PL,4.829770388
DALKEITH ST,4.829770388
DALRYMPLE ST,5.15970516
DALTON ST,8.597017950857142
DALY ST,4.043126685
DAMON PL,7.610520425
DAMRELL ST,27.97593468
DANA AV,5.078969642310924
DANA RD,6.020558002999999
DANBURY RD,3.747927032
DANE ST,29.69432314
DANFORTH ST,8.236536431
DANIA ST,2.697921274
DANIA TE,2.697921274
DANIEL CT,7.610520425
DANNY RD,7.610520425
DANUBE ST,4.829770388
DANVILLE ST,24.61956522
DARLING ST,2.3526201728125002
DARLINGTON ST,7.069846678
DARTMOUTH PL,35.37815126
DARTMOUTH ST,33.02584252540541
DAVID G MUGAR WY,26.28465804
DAVID RD,28.631138979999996
DAVIDSON AV,3.726708075
DAVIS CT,4.739336493
DAVISON ST,2.724042637
DAVITT ST,12.18611521
DAWES ST,9.874326749999998
DAWES TE,9.87432675
DAWSON ST,4.043126685
DAY ST,5.546455526709678
DAYTON ST,7.082630691000001
DEACONESS RD,2.188081937
DEAN ST,4.829770388
DEAN WY,19.20529801
DEARBORN ST,0.354609929
DECATUR ST,3.9056525223076926
DECKARD ST,5.358686258
DEDHAM BRANCH ,7.610520425
DEDHAM LINE ,8.739470739
DEDHAM PARISH RD,5.614035088
DEDHAM PW,5.123406683
DEDHAM ST,7.293415407291666
DEER ISLAND ,
DEER ST,12.186115209999999
DEERFIELD ST,11.0429416785
DEERING RD,0.0
DEFOREST ST,5.499276411
DELANO CT,7.283236994
DELANO PK,7.283236994
DELANO ST,1.725888325
DELANY CI,8.194233687
DELAWARE PL,9.171800137
DELFORD ST,8.108108108
DELHI ST,2.697921274
DELL AV,2.724042637
DELL TE,2.724042637
DELLE AV,2.202339986
DELLMORE RD,7.4483063246666665
DELMONT ST,3.303143314
DELNORE PL,2.697921274
DELORE CI,7.283236994
DELOS ST,6.0205580030000005
DENBY RD,3.987846563
DENNIS ST,1.978727673969697
DENNISON ST,3.951701427
DENNY ST,12.18611521
DENT ST,20.4825462
DENTON TE,8.707709373
DENVIR ST,4.043126685
DERNE ST,21.07925801
DEROMA RD,6.0205580030000005
DERRY RD,2.724042637
DESIGN CENTER PL,
DESMOND RD,6.57306956
DESOTO RD,3.879849812
DESTEFANO RD,5.446623094
DEVENS ST,22.53067484857143
DEVER ST,3.726708075
DEVINE WY,27.97593468
DEVON ST,1.1166413090421052
DEVONSHIRE ST,24.03296803
DEWAR ST,12.18611521
DEWEY ST,4.829770388
DEWEY TE,4.829770388
DEWITT DR,1.063829787
DEWOLF ST,4.817073171
DEXTER RO,23.87836491
DEXTER ST,27.97593468
DICKENS ST,4.186655037
DICKINSON RD,11.05845182
DIETZ CT,7.610520425
DIETZ RD,7.610520424999999
DIGHTON ST,8.194233687
DILLINGHAM ST,12.18611521
DIMOCK ST,0.627802691
DITSON ST,1.991798477
DIX ST,4.186655037
DIXFIELD ST,14.847512040000002
DIXWELL ST,0.627802691
DODGE RD,7.610520425
DOLANS CT,5.15970516
DOLPHIN WY,
DON ST,1.55180283
DONALD RD,1.55180283
DONCASTER ST,7.283236994
DONNA TE,13.4502924
DONNYBROOK RD,11.22379986
DONWOOD TE,2.697921274
DOONE AV,2.697921274
DORCHESTER AV,10.906617114674287
DORCHESTER ST,17.093505387063065
DORIS ST,9.480932203
DORR ST,3.695324284
DORRANCE ST,26.01568068
DORSET ST,7.489994282
DOUGLAS CT,12.57367387
DOUGLAS ST,14.847512040000002
DOVE ST,4.829770388
DOW RD,10.87570621
DOWNER AV,4.817073171
DOWNER CT,4.817073171
DOWNEY CT,4.829770388
DOWNING ST,1.637554585
DR MARY M BEATTY CI,2.697921274
DRACUT ST,12.75362319
DRAKE PL,7.737397421
DRAPER RD,9.868421053
DRAPER ST,2.2115760854615383
DRAYTON AV,2.481902792
DRAYTON ST,2.481902792
DRESDEN ST,17.54901961
DRESSER ST,19.29212363
DRIFTWOOD RD,28.631138979999996
DRISCOLL DR,1.053799224
DROMEY ST,4.829770388
DRUID ST,6.57306956
DRUMLIN RD,6.572379368
DRUMMOND ST,0.665557404
DRURY RD,7.610520425
DRYDOCK AV,
DUDLEY PL,1.637554585
DUDLEY ST,1.6582541075022623
DUDLEY TE,4.121212121
DUKE ST,0.0
DUMAS ST,1.159114858
DUNBAR AV,7.069846678
DUNBARTON RD,3.8798498119999993
DUNBOY ST,10.946768268000001
DUNCAN PL,4.186655037
DUNCAN ST,4.186655037
DUNCAN TE,4.186655037
DUNCKLEE ST,9.171800137
DUNFORD ST,3.9517014270000006
DUNGARVEN RD,6.508549366
DUNKELD ST,1.029295329
DUNLAP ST,3.211009174
DUNMORE ST,0.0
DUNNS TE,3.303143314
DUNREATH ST,5.971223022
DUNSTER RD,29.69432314
DUNWELL ST,12.04819277
DURANT ST,10.87570621
DURHAM ST,7.425623625142857
DURLAND ST,10.53122088
DURNELL AV,8.707709373
DUSTIN ST,6.308919506999999
DUVAL ST,7.17325228
DUXBURY RD,6.57306956
DWIGHT ST,25.931034480000005
DWINELL ST,10.87570621
DYER AV,30.10928962
DYER CT,7.407407407
DYER ST,7.407407407
E BERKELEY ST,15.195076778074075
E BOUNDARY RD,0.0
E BROADWAY ,17.644945989326423
E BROADWAY ST,12.89156627
E BROOKLINE ST,19.54022989
E CANTON ST,18.011873185
E CONCORD ST,19.54022989
E COTTAGE ST,5.190486981954023
E DEDHAM ST,16.48351648
E EAGLE ST,2.569303584
E EIGHTH ST,14.685329699890243
E FIFTH ST,15.84949113281407
E FIRST ST,19.268005402222222
E FOURTH ST,16.86851502323171
E INDIA RO,24.10236822
E NEWTON ST,19.54022989
E NINTH ST,5.752840909
E SECOND ST,19.277652693333334
E SERVICE RD,30.10928962
E SEVENTH ST,15.826830356094675
E SIXTH ST,15.570874693556702
E SPRINGFIELD ST,19.54022989
E ST,19.273805627076925
E THIRD ST,19.268391293866664
EAGLE PASS ZZ ,26.01568068
EAGLE SQ,2.569303584
EAGLE ST,6.020558003
EARHARDT RD,7.283236994
EARL ST,15.1240458
EARNSHAW ST,12.04819277
EAST SERVICE RD,30.10928962
EAST ST,4.212684549304348
EASTBOURNE ST,11.3986014
EASTBURN PL,8.194233687
EASTBURN ST,8.194233687
EASTERN AV,18.8822765026
EASTLAND RD,6.128702758
EASTMAN ST,4.121212121
EASTMONT RD,7.610520425
EASTON AV,9.868421053
EASTON ST,7.17325228
EASTWOOD CC,12.048192770000002
EASTWOOD CT,12.04819277
EATONIA ST,3.987846563
EDEN ST,23.87836491
EDGAR ST,0.0
EDGE HILL ST,2.242152466
EDGEBROOK RD,10.87570621
EDGEMERE RD,3.879849812
EDGEMONT ST,11.955056180000001
EDGERLY PL,27.31762918
EDGERLY RD,4.736842105
EDGEWATER DR,4.991950453904762
EDGEWAY TE,5.499276411
EDGEWOOD PK,5.971223022
EDGEWOOD ST,5.971223022
EDGEWORTH PL,6.5830721
EDINBORO ST,23.96356784
EDISON GREEN ,7.489994282
EDITH ST,6.048387097
EDNA RD,3.303143314
EDSON ST,7.278524242464286
EDSON TE,7.610520425
EDWARDSON ST,2.724042637
EDWIN ST,4.043126685
EGAN WY,9.171800137
EGLESTON ST,5.15970516
EGREMONT RD,0.727566694
EIGHTH ST,19.04547501
ELBA TE,3.726708075
ELBOW ST,7.737397421
ELDER ST,4.121212121
ELDON ST,8.818801221666666
ELDORA ST,2.188081937
ELDRIDGE RD,8.108108108
ELEANOR ST,1.095461659
ELECTRIC AV,11.22379986
ELENE ST,5.054151625
ELGIN ST,24.61956522
ELIOT PL,29.69432314
ELIOT ST,29.69432314
ELIOT TE,3.695324284
ELIZABETH ST,1.872659176
ELKINS ST,
ELKO ST,6.308919507
ELLARD RD,2.724042637
ELLERY CT,27.97593468
ELLERY ST,26.40009311092308
ELLET ST,3.3149171269999997
ELLINGTON ST,0.665557404
ELLIS ST,5.9030715592666665
ELLISON AV,6.57306956
ELLSWOOD ST,10.875706209999999
ELLSWORTH ST,3.3149171269999997
ELLWOOD ST,25.625
ELM HILL AV,2.67551327369697
ELM HILL PK,5.358686258
ELM LAWN ,4.186655037
ELM ST,17.743502117862743
ELMDALE ST,4.186655037
ELMER RD,12.75362319
ELMHURST ST,7.069846678
ELMIRA ST,7.493559767689655
ELMONT ST,4.42804428
ELMORE ST,3.1972219242
ELMWOOD ST,3.695324284
ELTON ST,9.480932203
ELVEN RD,8.108108108
ELWELL RD,28.63113898
ELWYN RD,3.211009174
ELY RD,12.75362319
EMBANKMENT RD,15.27777778
EMBASSY RD,8.194233687
EMELIA TE,20.4825462
EMERALD CT,7.411273486
EMERSON PL,21.12036336
EMERSON ST,15.771817082
EMERY RD,3.987846563
EMMET PL,6.5830721
EMMETT ST,14.339523960681818
EMMONS ST,7.737397421
EMMONSDALE RD,24.619565220000002
EMPIRE ST,3.9878465629999997
EMROSE TE,2.481902792
ENDICOTT CT,12.57367387
ENDICOTT ST,11.838077340166668
ENDICOTT TE,7.082630691
ENFIELD ST,16.70182841
ENGLEWOOD AV,1.6047236764705881
ENNIS RD,5.15970516
ENTERPRISE ST,7.4899942820000005
EPPING ST,7.069846678
ERIC RD,3.987846563
ERICSSON ST,9.10099889
ERIE PL,5.15970516
ERIE ST,0.665557404
ERNEST AV,7.610520425
ERNST ST,0.627802691
ESKRIDGE ST,2.697921274
ESMOND ST,0.618458611
ESSEX ST,19.757014432432435
ESTABROOK RD,1.063829787
ESTELLA ST,0.0
ESTES AV,3.726708075
ESTHER RD,20.4825462
ESTRELLA ST,6.8637803591666655
ETHEL ST,7.283236994
ETNA ST,6.8961770721282045
EUCLID ST,7.069846678000001
EUGENIA RD,11.3986014
EULITA TE,6.308919507
EUNICE ST,3.726708075
EUSTIS ST,0.11820330966666667
EUSTON RD,6.573317775
EUTAW ST,2.813974373120482
EVANDALE TE,12.18611521
EVANS RD,0.727566694
EVANS ST,7.407407407
EVANS WY,1.785714286
EVELYN ST,1.872659176
EVERDEAN ST,4.186655037
EVERETT AV,9.87432675
EVERETT CT,4.523424879
EVERETT PL,4.523424879
EVERETT SQ,7.17325228
EVERETT ST,5.74367518137963
EVERGREEN ST,9.558823529
EVERTON ST,3.7267080749999995
EWER ST,27.975934680000005
EXETER ST,27.81571481
F ST,16.70136040469697
FABYAN ST,1.55180283
FACTORY ST,2.724042637
FAIRBANKS ST,11.22379986
FAIRBURY ST,4.829770388
FAIRFAX ST,12.75362319
FAIRFIELD ST,23.373412304374998
FAIRLAND ST,0.0
FAIRLANE RD,12.048192769999998
FAIRLAWN AV,5.054151625
FAIRMOUNT AV,5.383518205000001
FAIRMOUNT CT,2.724042637
FAIRMOUNT ST,4.2306033155
FAIRVIEW AV,7.610520425
FAIRVIEW ST,11.95505618
FAIRWAY ST,5.054151625
FALCON ST,3.0408284829
FALKLAND ST,11.22379986
FALL RD,6.020558003
FALMOUTH ST,4.884157796
FAN PIER BL,30.10928962
FANEUIL HALL MARKETPLACE ,24.10236822
FANEUIL HALL SQ,24.10236822
FANEUIL ST,10.333769318524272
FARADAY ST,6.048387097
FARGO ST,30.10928962
FARMINGTON RD,10.87570621
FARNHAM ST,0.0
FARNSWORTH ST,30.10928962
FARQUHAR ST,11.95505618
FARRAGUT RD,19.20529801
FARRAGUT ST,10.87570621
FARRAR AV,3.747927032
FARRIN ST,7.610520425
FARRINGTON AV,3.987846563
FARWELL AV,6.048387097
FAULKNER CI,7.082630691
FAULKNER ST,7.082630691
FAUNCE RD,2.697921274
FAVRE ST,5.054151625
FAWNDALE RD,3.9188243529999998
FAXON ST,0.0
FAY ST,16.48351648
FAYETTE ST,27.31762918
FAYSTON ST,1.029295329
FAYWOOD AV,6.572379367999999
FEDERAL RD,10.87570621
FEDERAL ST,23.96356784
FELLOWS ST,1.063829787
FENCOURT ST,2.490272374
FENDALE AV,1.053799224
FENELON ST,0.665557404
FENENO TE,3.362445415
FENNER ST,3.951701427
FENSMERE RD,3.8798498120000002
FENTON ST,4.186655037
FENWAY ST,2.72110089825
FENWOOD RD,2.188081937
FERMOY HEIGHTS AV,0.618458611
FERN ST,7.17325228
FERNALD TE,4.817073171
FERNBORO ST,1.029295329
FERNCROFT RD,20.4825462
FERNDALE ST,7.069846678
FERNWOOD RD,24.61956522
FERRIN ST,14.78382148
FESSENDEN ST,1.872659176
FID KENNEDY AV,
FID KENNEDY DR,
FIDELIS WA,1.095461659
FIDELIS WY,1.095461659
FIELD ST,0.362756953
FIELDMONT ST,3.747927032
FIELDS CT,7.4899942820000005
FIFIELD ST,4.817073171
FIFTH AV,19.04547501
FIFTH ST,19.04547501
FILOMENA RD,8.707709373
FIRST AV,19.04547501
FIRTH RD,3.918824353
FISHER AV,4.82069371
FISKE TE,3.362445415
FLAHERTY WY,0.226244344
FLAVIA ST,3.303143314
FLEET ST,16.616624535714287
FLETCHER ST,12.49698428106383
FLINT PL,20.80808081
FLINT ST,1.872659176
FLORAL PL,6.048387097
FLORENCE ST,4.907006976174603
FLORIAN ST,6.488594639818182
FLORIAN WY,6.128702758
FLORIDA ST,6.276587327307692
FLOYD ST,1.55180283
FOLLEN ST,30.87417888
FOLSOM AV,2.202339986
FOLSOM ST,4.942721028869565
FOODMART RD,27.97593468
FORBES ST,13.367904713306121
FORD ST,6.572379368
FORDHAM RD,0.829875519
FOREST HILLS ST,5.760270939125
FOREST PL,19.102691928
FOREST ST,0.0
FORESTVALE RD,9.868421053
FORSTERS CT,18.40490798
FORSYTH ST,1.2745492762857142
FORT AV,3.6953242839999993
FORT AVENUE TE,3.695324284
FORT STRONG ,
FOSSDALE RD,12.75362319
FOSTER CT,10.25073746
FOSTER ST,8.54983217983871
FOTTLER RD,1.1524056467692307
FOUNDRY ST,27.975934680000005
FOUNTAIN PL,18.16911251
FOUNTAIN ST,2.694235589
FOURTH STREET PL,14.84751204
FOWLE ST,3.918824353
FOWLER ST,0.665557404
FOX POINT RD,12.18611521
FOX ST,3.314917127
FRANCESCA ST,10.87570621
FRANCIS ST,2.188081937
FRANCLAIRE DR,24.61956522
FRANCONIA ST,3.303143314
FRANKFORT ST,3.54900855561194
FRANKLIN HILL AV,0.618458611
FRANKLIN PL,8.108108108
FRANKLIN ST,9.784137129020833
FRANKLIN TE,6.048387097
FRAWLEY ST,2.188081937
FRAZER ST,2.9101821403214285
FREDERICK ST,15.1240458
FREDERIKA ST,12.75362319
FREDONIA ST,1.991798477
FREELAND ST,2.697921274
FREEMAN AV,6.020558003
FREEMAN ST,5.0462978054
FREEPORT ST,6.9851868057692315
FREEPORT WY,12.18611521
FREMONT ST,2.697921274
FRENCH ST,2.697921274
FRENCH TE,3.695324284
FRESNO ST,8.707709373
FRIEND ST,23.05570877
FRIENDSHIP RD,3.747927032
FRONT ST,18.40490798
FRONTAGE RD,27.97593468
FRONTENAC ST,1.159114858
FROST AV,4.043126685
FRUEAN PL,12.18611521
FRUIT ST,21.12036336
FULDA ST,3.9517014269999997
FULLER ST,3.0153158442550336
FULTON ST,15.5510379868
FURBUSH RD,10.87570621
FURNIVAL RD,28.631138979999996
G ST,15.318910238939393
GAINSBOROUGH ST,1.1901240611666666
GALLIVAN BL,5.85030431372038
GALLUPS ISLAND ,
GALTY AV,1.053799224
GANNETT ST,5.358686258
GARDEN COURT CT,14.54664057
GARDEN COURT ST,14.54664057
GARDEN ST,15.27777778
GARDENA ST,6.308919507
GARDENSIDE ST,3.9188243529999998
GARDNER PL,17.357440073333333
GARDNER ST,8.43646574167033
GARDNER TE,3.987846563
GARFIELD AV,6.048387097
GARNER RD,4.043126685
GARNET RD,10.87570621
GARRISON ST,30.87417888
GARTH RD,20.4825462
GARTLAND ST,6.508549366
GARY ST,1.063829787
GASTON ST,5.358686258
GATES ST,5.752840908999999
GAY HEAD ST,2.242152466
GAY ST,3.695324284
GAYLAND ST,4.829770388
GAYLORD ST,4.42804428
GEM AV,8.194233687
GEN JOZEF PILSUDSKI WY,5.752840909
GEN WM H DEVINE WY,23.720887595666667
GENE ST,4.121212121
GENEVA AV,2.2619807719055114
GENEVA ST,1.8454685130952382
GEORGE ST,1.9646010226197186
GEORGES ISLAND ,
GEORGETOWNE DR,3.879849812
GEORGIA ST,1.508916324
GERAGHTY TE,3.7479270320000007
GERALD RD,8.194233687
GERARD ST,0.0
GERMANIA ST,5.15970516
GERRISH ST,10.53122088
GERTRUDE RD,24.61956522
GIBSON ST,4.186655037
GIFFORD PL,27.97593468
GILLESPIES LA,2.697921274
GILLETTE PK,27.97593468
GILMAN ST,5.446623094000001
GILMER ST,0.0
GILMORE TE,24.61956522
GINITA ST,4.186655037
GLADE AV,5.15970516
GLADESIDE AV,2.697921274
GLADESIDE TE,2.697921274
GLADSTONE ST,6.572379368
GLEASON ST,0.618458611
GLEN RD,5.466260661363636
GLEN ST,4.817073171
GLENARM ST,0.665557404
GLENBURNE ST,5.358686258
GLENBURNIE RD,17.04918033
GLENCLIFF RD,5.499276411
GLENCOE ST,6.645728992882352
GLENDALE ST,4.149881634142857
GLENDON ST,2.569303584
GLENDOWER RD,7.283236994
GLENELLEN RD,12.04819277
GLENHAM ST,10.87570621
GLENHAVEN RD,12.04819277
GLENHILL RD,2.697921274
GLENLEY TE,11.05845182
GLENMONT RD,8.194233687
GLENMORE ST,6.57306956
GLENROSE RD,4.043126685
GLENSIDE AV,5.15970516
GLENVALE TE,16.70182841
GLENVILLE AV,2.9207402586470588
GLENVILLE TE,0.829875519
GLENWAY ST,0.6550221476710526
GLENWOOD AV,6.565838669705883
GLIDE ST,3.303143314
GLINES AV,5.15970516
GLORIA RD,11.95505618
GLOUCESTER ST,23.74749037
GLOVER CT,27.97593468
GLOVER PL,12.186115210000002
GOETHE ST,3.879849812
GOFF ST,5.499276411
GOLD ST,15.1240458
GOLDSMITH PL,16.70182841
GOLDSMITH ST,11.58759124
GOODALE RD,0.0
GOODENOUGH ST,9.384075970413793
GOODRICH RD,16.70182841
GOODRIDGE CT,10.25073746
GOODWAY RD,6.128702758
GOODWIN CT,27.97593468
GOODWIN PL,15.27777778
GORDON AV,13.4502924
GORDON PL,4.186655037
GORDON ST,4.894362230297297
GORE ST,3.695324284
GOULD ST,12.04819277
GOULDVILLE TE,4.829770388
GOVE ST,5.39330384824138
GRACE CT,19.20529801
GRACE ST,7.069846678
GRAFTON ST,7.489994282
GRAHAM TE,20.4825462
GRAMPIAN WY,12.18611521
GRANADA AV,7.283236994
GRANADA PK,5.15970516
GRANBY ST,7.660455487
GRANDVIEW ST,1.68161435
GRANFIELD AV,3.918824353
GRANGER ST,4.186655037
GRANITE AV,4.353196633555556
GRANT PL,6.57306956
GRANT RD,4.42804428
GRANT ST,9.480932203
GRANTLEY ST,2.724042637
GRANTS CT,26.01568068
GRANVILLE ST,3.303143314
GRASSMERE RD,5.499276411
GRAY ST,27.31762918
GRAYFIELD AV,20.4825462
GRAYSON ST,3.303143314
GREATON RD,20.4825462
GREEN HILL ST,4.186655037
GREEN ST,17.992387885519232
GREENBRIER ST,1.991798477
GREENBROOK RD,13.4502924
GREENDALE RD,0.0
GREENFIELD RD,4.130785964431035
GREENHEYS ST,1.029295329
GREENLEY PL,5.15970516
GREENMOUNT ST,12.18611521
GREENOCK ST,1.55180283
GREENOUGH AV,16.70182841
GREENOUGH LA,18.16911251
GREENOUGH PK,16.70182841
GREENS BLOCK ,26.01568068
GREENVIEW AV,16.70182841
GREENVILLE PK,0.0
GREENVILLE ST,0.0
GREENWICH CT,1.56133829
GREENWICH PK,22.6744186
GREENWICH ST,2.6332175165820897
GREENWOOD AV,5.499276411
GREENWOOD CI,5.499276411
GREENWOOD PK,4.186655037
GREENWOOD SQ,5.499276411
GREENWOOD ST,0.665557404
GRETTER RD,17.04918033
GREW AV,7.00041219704
GREW HILL RD,5.499276411
GREYCLIFF RD,8.194233687
GREYLOCK RD,3.362445415
GREYMERE RD,11.05845182
GRIGGS PL,1.095461659
GRIGGS ST,2.2289535369999998
GRIMES ST,15.1240458
GROOM ST,4.121212121
GROTTO GLEN AV,9.558823529
GROTTO GLEN RD,9.558823529
GROUSE ST,6.020558003
GROVE PL,15.27777778
GROVE RD,6.020558003
GROVE ST,7.555932768453704
GROVE TE,6.020558003
GROVELAND ST,6.57306956
GROVENOR RD,16.70182841
GROVER AV,6.128702758
GUERNSEY ST,11.95505618
GUEST ST,7.17325228
GUILD RO,1.637554585
GUILD ST,3.6953242840000002
GUILFORD ST,6.308919507
GURNEY ST,0.18195050944444444
GUSTIN ST,15.1240458
GWINNETT ST,5.499276411
H ST,15.18270393257143
H STREET PL,19.29212363
HACKENSACK CI,17.04918033
HACKENSACK CT,17.04918033
HACKENSACK RD,17.04918033
HACKENSACK TE,17.04918033
HADWIN WY,5.446623094
HAGAR ST,29.69432314
HALBORN ST,2.697921274
HALE ST,13.4502924
HALEY ST,3.951701427
HALF MOON ST,2.481902792
HALFORD RD,20.4825462
HALIFAX ST,16.70182841
HALL PL,12.89156627
HALL ST,6.508549366
HALLAM ST,9.480932203
HALLECK ST,0.0
HALLET DAVIS ST,3.303143314
HALLET ST,3.303143314
HALLIDAY ST,6.128702758
HALLOWELL ST,5.054151625
HALLRON ST,5.499276411
HALSEY RD,6.048387097
HAMILTON PL,23.96356784
HAMILTON ST,4.41634479233871
HAMILTON TE,1.029295329
HAMLET ST,4.121212121
HAMMOND ST,1.56133829
HAMPDEN ST,0.0
HAMPSTEAD LA,11.58759124
HAMPSTEAD RD,11.58759124
HANCOCK ST,10.715247141942148
HANNON ST,1.159114858
HANO ST,3.9878465629999997
HANOVER AV,18.16911251
HANOVER ST,15.846717385526317
HANSBOROUGH ST,1.55180283
HANSFORD ST,2.694235589
HANSON ST,25.93103448
HARBELL TE,4.186655037
HARBOR SHORE DR,30.10928962
HARBOR ST,30.10928962
HARBOR VIEW ST,9.480932203
HARCOURT ST,30.87417888
HARDING RD,5.446623094
HARDWICK ST,10.53122088
HARDWICK TE,10.53122088
HARDY ST,20.80808081
HARLEM ST,0.665557404
HARLESTON ST,4.82069371
HARLEY ST,7.069846678
HARLOW ST,4.829770388
HARMON ST,5.054151625
HARMONY ST,3.390804598
HAROLD PK,2.6942355889999994
HAROLD ST,1.371214385413793
HARRIET ST,9.171800137
HARRINGTON AV,3.695324284
HARRIS AV,16.70182841
HARRIS ST,18.16911251
HARRISHOF ST,1.369031795425532
HARRISON AV,10.75996508028205
HARRISON AV XT,23.96356784
HARRISON ST,3.918824353
HARROW ST,4.121212121
HARRY AGGANIS WY,5.614035087999999
HART PL,12.89156627
HARTFORD CT,2.481902792
HARTFORD ST,4.015204079183674
HARTFORD TE,4.829770388
HARTLAND ST,9.480932203
HARTLAWN RD,12.04819277
HARTLEY TE,3.987846563
HARTWELL ST,1.508916324
HARVARD AV,3.282732659807229
HARVARD PK,4.42804428
HARVARD PL,25.625
HARVARD SQ,25.625
HARVARD ST,4.187076039966981
HARVARD TE,3.987846563
HARVEST ST,7.4899942820000005
HARVEST TE,7.4899942820000005
HARVEY STEEL RD,7.17325228
HARWOOD ST,1.159114858
HASKELL ST,3.987846563
HASLET ST,8.707709373
HASTINGS ST,20.4825462
HATCH ST,12.89156627
HATHAWAY ST,11.58759124
HATHERLY RD,8.194233687
HATHON SQ,18.40490798
HAUL RD,27.97593468
HAUTEVALE ST,5.500902516363637
HAVANA ST,11.3986014
HAVELOCK ST,1.55180283
HAVEN ST,25.93103448
HAVERFORD ST,5.15970516
HAVERHILL ST,23.05570877
HAVEY ST,8.707709373
HAVILAND ST,4.736842105
HAVRE ST,5.053231020769841
HAWKINS ST,24.10236822
HAWLEY ST,23.96356784
HAWTHORNE ST,7.0936677184375005
HAWTHORNE TE,7.283236994
HAYDEN ST,4.82069371
HAYDN ST,11.3986014
HAYES RD,8.707709373
HAYNES ST,6.5830721
HAZEL PK,5.971223022
HAZELMERE RD,11.95505618
HAZELTON ST,0.0
HAZELWOOD CT,1.061571125
HAZELWOOD ST,1.061571125
HAZLETON ST,0.0
HEATH ST,4.6511613944761905
HEATHCOTE ST,7.283236994
HEBRON ST,3.907334388328359
HECLA ST,3.314917127
HEFFERAN ST,5.614035088
HELDUN ST,12.048192769999998
HELEN ST,0.618458611
HELENA RD,12.753623189999999
HEMENWAY ST,1.8118016117758622
HEMLOCK RD,12.04819277
HEMMAN ST,7.283236994
HENCHMAN ST,17.037916074285715
HENDERSON RD,3.303143314
HENDRY ST,4.817073171
HENLEY ST,25.625
HENRICI ST,2.697921274
HENRY ST,6.5830721
HENSHAW ST,6.308919507
HENSHAW TE,20.4825462
HERALD ST,7.411273486000001
HERBERT ST,3.211009174
HERBERTSON RD,8.108108108
HEREFORD ST,24.86435502526316
HERON ST,6.0205580030000005
HERRICK ST,7.17325228
HERSEY PL,23.96356784
HESSTON TE,9.87432675
HESTIA PK,2.694235589
HEWINS ST,0.665557404
HEWLETT ST,11.95505618
HIAWATHA RD,1.872659176
HICHBORN ST,7.17325228
HICKORY AV,14.78382148
HIGGINS ST,1.095461659
HIGH RD,6.020558003
HIGH ROCK WY,1.095461659
HIGH ST,19.99328621945679
HIGH VIEW AV,6.020558003
HIGHFIELD RD,7.283236994
HIGHFIELD TE,7.283236994
HIGHGATE ST,3.9878465629999997
HIGHLAND AV,3.695324284
HIGHLAND PARK AV,3.6953242840000002
HIGHLAND PARK ST,3.695324284
HIGHLAND ST,3.9394921619787233
HIGHLAND TE,3.695324284
HILARY ST,23.87836491
HILBURN PL,7.283236994
HILBURN ST,7.283236994
HILDRETH ST,1.159114858
HILL ST,23.87836491
HILL TOP ST,3.303143314
HILLCREST ST,16.762457438749998
HILLCROFT RD,28.63113898
HILLIS RD,7.610520425
HILLOCK ST,11.398601400000002
HILLSBORO RD,0.0
HILLSBORO ST,4.121212121
HILLSDALE ST,12.75362319
HILLSIDE AV,8.108108108
HILLSIDE ST,2.1929666389722224
HILLVIEW AV,7.283236994
HILTON ST,2.724042637
HILTON TE,0.627802691
HINCKLEY ST,9.87432675
HINSDALE ST,7.660455487
HOBART ST,11.22379986
HOBSON ST,11.252146055675675
HODGDON TE,20.4825462
HOLBORN PK,5.358686258
HOLBORN ST,5.358686258
HOLBROOK AV,9.10099889
HOLBROOK ST,29.694323139999998
HOLDEN CT,18.16911251
HOLDEN RO,23.87836491
HOLDEN ST,4.121212121
HOLIDAY ST,1.9031617596666666
HOLLAND PL,9.085714286
HOLLANDER ST,1.061571125
HOLLINGSWORTH ST,4.84233142072973
HOLLIS PL,3.362445415
HOLLY RD,6.128702758
HOLLYWOOD RD,17.04918033
HOLMAN ST,3.987846563
HOLMES ST,7.17325228
HOLMFIELD AV,3.747927032
HOLTON ST,7.173252280000001
HOLWORTHY ST,1.061571125
HOLYOKE ST,27.89165447
HOMER ST,3.390804598
HOMES AV,1.8016788795714285
HOMESTEAD ST,1.2989379652857145
HOMEWOOD RD,24.61956522
HOOKER ST,3.987846563
HOOPER ST,7.082630691
HOOTEN CT,4.523424879
HOPEDALE ST,4.191120128625
HOPESTILL ST,3.211009174
HOPEWELL RD,3.747927032
HOPKINS PL,2.697921274
HOPKINS RD,28.631138979999996
HOPKINS ST,7.407407407
HORACE ST,3.390804598
HORADAN WY,0.0
HORAN WY,2.242152466
HORTON ST,0.0
HOSMER ST,1.872659176
HOUGHTON ST,4.186655037
HOUSTON ST,20.4825462
HOWARD AV,4.829770388
HOWARD PL,11.179301895333333
HOWARD ST,0.0
HOWE AV,14.84751204
HOWE ST,4.817073171
HOWE TE,4.817073171
HOWELL ST,7.489994282
HOWES ST,9.480932203
HOWITT RD,24.61956522
HOWLAND ST,4.186745767181819
HOYT PL,15.27777778
HOYT ST,12.18611521
HUBBARD ST,16.70182841
HUBBARD TE,0.0
HUBBARDSTON RD,12.186115210000002
HUCKINS ST,1.3134657835833334
HUDSON ST,12.704651636972972
HULL ST,10.25073746
HULL STREET PL,10.25073746
HUMAROCK WY,3.747927032
HUMBOLDT AV,2.2716258402
HUMBOLDT PL,27.97593468
HUMES RD,3.303143314
HUMPHREYS PL,4.121212121
HUMPHREYS ST,4.121212121
HUNNEMAN ST,1.063829787
HUNNEWELL AV,10.53122088
HUNTER ST,6.128702758
HUNTINGTON AV,3.456052962101961
HUNTOON ST,12.753623189999999
HURLCROFT AV,1.053799224
HURON CI,12.75362319
HUTCHINGS ST,1.3880122161621622
HUTCHINSON ST,12.75362319
HYDE PARK AV,5.940051496818352
I ST,15.49344760140845
IDAHO ST,6.57306956
IFFLEY RD,5.15970516
IMBARO RD,7.610520425
IMRIE RD,1.095461659
INDEPENDENCE DR,10.87570621
INDIA ST,23.96356784
INGLESIDE ST,4.829770388
INTERVALE ST,1.9704672700869565
INTERVALE TE,1.029295329
INWOOD ST,3.726708075
IONA ST,11.3986014
IOWA ST,1.991798477
IPSWICH PL,4.523424879
IPSWICH ST,4.840848806
IRENA RD,12.75362319
IRMA ST,1.55180283
IRON ST,27.97593468
IROQUOIS ST,2.795607730769231
IRVING ST,15.27777778
IRWIN AV,5.971223022
ISABELLA ST,27.31762918
ISLAND ST,0.0
ISLINGTON ST,1.095461659
ISLINGTON TE,1.095461659
ITASCA ST,4.599652703714286
IVES ST,0.0
IVORY ST,20.4825462
JACKSON AV,10.25073746
JACKSON ST,2.724042637
JACOB ST,1.159114858
JACQUELINE RD,12.04819277
JAEGER TE,28.631138979999996
JALLEISON ST,3.747927032
JAMAICA PL,11.58759124
JAMAICA ST,11.58759124
JAMAICAWAY CT,16.70182841
JAMAICAWAY ST,16.25974559186667
JAMES ONEILL ST,5.752840909
JAMESTOWN TE,2.697921274
JARVIS PL,2.251655629
JASON TE,14.84751204
JEANNE DR,3.726708075
JEFFERS ST,5.499276411
JEFFERSON AV,23.87836491
JEFFERSON ST,27.31762918
JEFFRIES ST,4.523424879
JENKINS ST,27.97593468
JENNER ST,18.40490798
JENNETT AV,20.4825462
JEROME ST,9.151861953
JERSEY ST,3.8925690842500003
JERUSALEM PL,12.57367387
JESHURUN RD,3.8798498119999993
JESS ST,5.15970516
JETTE CT,1.095461659
JEWETT ST,6.128702758
JFK EXPRESS WY,16.48351648
JIMMY FUND WY,2.188081937
JOAN RD,7.610520425
JOANNE TE,12.75362319
JOHN A ANDREW ST,16.70182841
JOHN ALDEN RD,24.61956522
JOHN ELIOT SQ,2.8722164044
JOHNNY CT,9.085714286
JOHNRAY RD,3.747927032
JOHNSON AV,8.236536431
JOHNSON ST,12.04819277
JOHNSON TE,1.159114858
JOHNSTON RD,1.55180283
JOHNSWOOD RD,3.9188243529999998
JONES AV,1.159114858
JORDAN RD,2.110947472
JOSEPH AGRI ST,5.752840909
JOSEPH ST,7.069846678
JOSEPHINE ST,1.991798477
JOY PL,21.07925801
JOY ST,21.323340826428574
JOYCE KILMER RD,12.04819277
JOYCE RD,3.747927032
JUDGE ST,4.82069371
JUDSON ST,4.829770388
JULIAN ST,4.829770388
JULIETTE ST,3.314917127
JUNE ST,1.68161435
JUNIPER ST,3.695324284
JUNIPER TE,3.695324284
JUSTIN RD,10.53122088
K ST,15.266431220357143
K STREET PL,19.29212363
KALADA PK,5.358686258
KANE ST,3.726708075
KARDON RD,7.610520425
KAVANAUGH WY,5.358686258
KEANE RD,10.87570621
KEARSARGE AV,0.0
KEARSARGE TE,0.0
KEEGAN ST,0.0
KEENAN RD,9.171800137
KEITH ST,10.87570621
KELLEY CT,14.133715875833332
KELLYS BLOCK ,26.01568068
KELTON ST,2.110947472
KEMBLE PL,19.20529801
KEMBLE ST,0.0
KEMP ST,2.445652174
KENBERMA RD,3.211009174
KENDALL ST,1.56133829
KENILWORTH ST,1.637554585
KENMARE RD,12.75362319
KENNEBEC ST,4.575815858549296
KENNETH ST,24.61956522
KENNEY ST,9.558823529
KENRICK ST,11.05845182
KENSINGTON PK,2.694235589
KENSINGTON ST,2.6942355889999994
KENTON RD,6.508549366
KENWOOD ST,7.082630691
KERNA RD,6.020558003
KERR PL,1.063829787
KERR WY,1.063829787
KERSHAW RD,6.020558003
KERWIN ST,0.618458611
KESWICK ST,5.869565217
KEVIN RD,9.87432675
KEYES STREET PL,6.508549366
KEYSTONE ST,12.04819277
KIERNAN RD,10.87570621
KILBY ST,24.10236822
KILMARNOCK ST,4.840848806
KILSYTH RD,0.727566694
KILSYTH TE,0.727566694
KIMBALL ST,3.3149171270000006
KINEO ST,1.029295329
KING ST,4.114023065328571
KINGBIRD RD,1.55180283
KINGSBORO PK,17.54901961
KINGSDALE ST,0.618458611
KINGSLAND RD,10.87570621
KINGSLEY ST,3.987846563
KINGSTON ST,23.96356784
KINROSS RD,3.724247227
KIRK ST,20.4825462
KIRKWOOD RD,8.194233687
KITTREDGE CT,7.283236994
KITTREDGE ST,8.315979468775001
KITTREDGE TE,8.707709373
KNAPP ST,9.085714286
KNEELAND ST,15.63752186496
KNIGHT ST,7.610520425
KNOLL ST,11.95505618
KNOWLES ST,11.05845182
KNOWLTON ST,5.752840909
KNOX ST,27.31762918
KOVEY CT,7.610520425
KOVEY RD,7.610520425
KRESSON TE,25.625
KRISTIN CT,7.610520425
L ST,16.028121199189187
LABAN PRATT RD,4.043126685
LACONIA ST,16.48351648
LAFIELD ST,4.186655037
LAGRANGE PL,0.0
LAGRANGE ST,19.816750804595237
LAKE SHORE RD,11.05845182
LAKE ST,10.533345162283332
LAKESIDE AV,9.868421053
LAKEVILLE RD,16.70182841
LAMARTINE CT,16.70182841
LAMARTINE PL,16.70182841
LAMARTINE ST,13.934964748820896
LAMARTINE TE,16.70182841
LAMBERT AV,3.4993462174285717
LAMBERT ST,3.695324284
LAMSON CT,4.523424879
LAMSON ST,4.523424879
LANARK RD,1.8929424568333333
LANCASTER ST,23.05570877
LANDOR RD,1.872659176
LANDSEER ST,24.61956522
LANDSEER TE,24.61956522
LANE PK,8.194233687
LANESVILLE TE,8.108108108
LANGDON ST,1.0954000357297295
LANGFORD PK,5.971223022
LANGLEY RD,11.05845182
LANSDOWNE ST,4.840848806000001
LANTERN LA,17.04918033
LARCH PL,6.128702758
LARCH ST,11.05845182
LARCHMONT ST,1.991798477
LAREDO ST,0.9149291813333333
LARK ST,15.1240458
LARKHILL RD,24.61956522
LAROSE PL,6.573317775
LASELL ST,10.87570621
LATIN RD,24.619565219999995
LAUREL AV,3.7479270320000007
LAUREL ST,5.186486097352941
LAURIAT ST,1.55180283
LAURIE AV,12.048192769999998
LAUTEN PL,19.20529801
LAVAL ST,5.499276411
LAWLEY ST,9.10099889
LAWN AV,6.572379368
LAWN ST,4.82069371
LAWNDALE TE,16.70182841
LAWNWOOD PL,18.40490798
LAWRENCE AV,1.029295329
LAWRENCE CT,27.97593468
LAWRENCE PL,6.308919507
LAWRENCE ST,24.691311177777777
LAWSON PL,2.569303584
LAWTON ST,9.868421053
LAWTON TE,9.868421053
LEAHAVEN RD,6.573069560000001
LEAMINGTON RD,6.573317774999999
LEDGE HILL RD,12.04819277
LEDGEBROOK RD,6.57306956
LEDGEDALE RD,17.04918033
LEDGEMERE RD,6.573317775
LEDGEWOOD RD,10.87570621
LEE HILL RD,11.95505618
LEE ST,12.068519753636364
LEEDS ST,27.97593468
LEEDSVILLE ST,3.314917127
LEFEVRE ST,3.747927032
LEGENDS WY,23.05570877
LEGION PL,5.446623094
LEICESTER ST,9.171800137
LEIGHTON RD,7.610520425
LELAND RD,17.04918033
LELAND ST,8.108108108
LENA TE,2.697921274
LENISTON ST,11.3986014
LENNOCO RD,8.108108108
LENOX ST,1.202026593388889
LENOXDALE AV,3.303143314
LEO M BIRMINGHAM PW,7.17325228
LEON ST,0.362756953
LEONARD CT,4.186655037
LEONARD PL,20.80808081
LEONARD ST,4.186655037
LEROY ST,1.991798477
LESEUR RD,6.048387097
LESHER ST,8.108108108
LESLIE PK,2.694235589
LESLIE ST,4.186655037
LESTER PL,16.70182841
LESTER ST,2.251655629
LESTON ST,1.8726591759999998
LETTERFINE TE,4.829770388
LEVANT ST,1.725888325
LEVERETT AV,6.572379368
LEVERETT CI,23.05570877
LEVERETT ST,
LEWIS PL,0.0
LEWIS ST,16.4577861
LEWIS WH,24.10236822
LEWISTON ST,2.724042637
LEXINGTON AV,4.703268961105263
LEXINGTON PL,1.427061311
LEXINGTON SQ,2.569303584
LEXINGTON ST,3.0728022274633027
LEYDEN ST,6.572379368
LEYLAND ST,4.121212121
LIBBEY ST,10.875706209999999
LIBERTY DR,30.10928962
LIBERTY PL,27.97593468
LIBERTY SQ,24.10236822
LILA RD,28.63113898
LILAC TE,8.707709373
LILLIAN ST,6.572379368
LILLIE WY,17.04918033
LILLY ST,15.1240458
LIME ST,26.28465804
LINCOLN PL,23.87836491
LINCOLN ST,6.737615418968085
LINDALL PL,15.27777778
LINDALL ST,3.918824353
LINDEN AV,3.747927032
LINDEN CT,3.314917127
LINDEN PARK ST,1.637554585
LINDEN RD,6.020558003
LINDEN ST,5.778367276943821
LINDSEY ST,1.9917984770000001
LINGARD ST,2.481902792
LINLEY TE,19.29212363
LINNET ST,24.61956522
LINVALE TE,2.697921274
LINWOOD SQ,3.695324284
LINWOOD ST,8.07510588710204
LISZT ST,11.3986014
LITCHFIELD ST,7.17325228
LITHGOW ST,7.069846678
LITTLEDALE ST,7.283236994
LIVERMORE ST,4.422382671875
LIVERPOOL ST,0.642201835
LIVINGSTONE ST,1.159114858
LOCHDALE RD,8.108108108
LOCHLAND RD,6.048387097000001
LOCHSTEAD AV,16.70182841
LOCKE PL,12.89156627
LOCKSLEY ST,16.70182841
LOCKWOOD ST,2.724042637
LOCUST ST,7.1498063501818185
LODGEHILL RD,5.499276411
LOGAN ST,3.6953242840000002
LOGAN WY,2.445652174
LOMASNEY WY,23.05570877
LOMBARD ST,12.75362319
LONDON CT,4.739336493
LONDON ST,3.567654422384615
LONG AV,2.766494013571428
LONG ISLAND ,
LONG TE,12.04819277
LONG WH,24.10236822
LONGFELLOW PL,23.05570877
LONGFELLOW ST,1.7258883250000001
LONGMEADOW ST,2.251655629
LONGWOOD AV,1.9987324541764706
LONSDALE ST,4.043126685
LORENE RD,16.70182841
LORENZO ST,9.10099889
LORETTE ST,17.96413274647059
LORING PL,6.048387097
LORING ST,9.551272912192983
LORNA RD,2.697921274
LORNE ST,0.618458611
LORRAINE ST,11.398601400000002
LORRAINE TE,2.110947472
LOTHIAN RD,8.183401045
LOTHROP PL,14.54664057
LOTHROP ST,7.17325228
LOTUS ST,6.508549366
LOUDERS LA,28.631138980000003
LOUDERS LN,28.63113898
LOUIS D BROWN WY,1.991798477
LOUIS PRANG ST,1.785714286
LOUIS TE,12.75362319
LOUISBURG SQ,26.28465804
LOURDES AV,6.508549366
LOVELL ST,14.28571429
LOVELLS ISLAND ,
LOVIS ST,15.1240458
LOWLAND PL,4.523424879
LOWNEY WY,14.78382148
LOYOLA CI,24.619565219999995
LUBEC ST,3.0756302521
LUCERNE ST,1.4620455792571427
LUDLOW ST,23.87836491
LYALL ST,10.87570621
LYALL TE,10.875706209999999
LYFORD ST,1.55180283
LYNDE ST,19.76263567
LYNDEBORO PL,9.085714286
LYNDEBORO ST,18.40490798
LYNDHURST ST,7.082630691000001
LYNE RD,6.573317775
LYNN ST,12.57367387
LYNNVILLE TE,4.42804428
LYON ST,3.314917127
M ST,18.662150687662336
M STREET PL,12.89156627
MACDONALD ST,5.499276411000001
MACKIN ST,7.17325228
MACNEIL WY,3.726708075
MACULLAR RD,12.04819277
MADELINE ST,9.171800137
MADISON ST,9.868421053
MAFFA WY,26.01568068
MAGAZINE ST,0.3411599437878788
MAGDALA ST,12.75362319
MAGEE ST,5.499276411
MAGNOLIA PL,4.829770388
MAGNOLIA SQ,2.481902792
MAGNOLIA ST,2.303918122245283
MAHLER RD,8.108108108
MAIDA TE,2.724042637
MAIN ST,23.01037444573913
MAITLAND ST,5.869565217
MALBERT RD,9.171800137
MALBON PL,3.695324284
MALCOLM RD,28.63113898
MALCOLM X BL,2.15199700975
MALDEN ST,16.48351648
MALIA TE,8.183401045
MALLARD AV,7.069846678000001
MALLET ST,4.043126685
MALLON RD,4.42804428
MALTA ST,5.054151625
MALVERN ST,3.987846563
MALVERNA RD,7.283236994
MAMELON CI,2.697921274
MANCHESTER ST,5.9917973171000005
MANILA AV,7.610520425
MANION RD,2.7240426370000006
MANLEY ST,4.186655037
MANN ST,3.879849812
MANNING ST,5.446623094
MANOR ST,4.043126685
MANSEN CT,7.610520425
MANSFIELD ST,4.5016216786451615
MANSUR ST,6.10480034
MANTHORNE RD,16.98914984
MANTON TE,3.362445415
MAPES ST,4.186655037
MAPLE CT,1.508916324
MAPLE LA,20.4825462
MAPLE LEAF DR,7.610520425000001
MAPLE PL,16.70182841
MAPLE ST,12.238812129952382
MAPLE TE,20.4825462
MAPLETON ST,9.171800137
MAPLEWOOD ST,11.865960271199999
MARBURY TE,5.15970516
MARCELLA ST,2.32192635968
MARCH AV,24.61956522
MARCH TE,24.61956522
MARCH WY,24.61956522
MARCY RD,5.054151625
MARDEN AV,1.159114858
MARGARET ST,13.012389459285714
MARGIN ST,2.724042637
MARGINAL ST,5.082981611619048
MARGO RD,11.05845182
MARIA LA,8.707709373
MARIE ST,3.314917127
MARINA PARK DR,30.10928962
MARINE RD,16.996867127647057
MARION PL,3.283735249
MARION ST,3.4514007111157023
MARIPOSA ST,3.7479270319999998
MARK ST,9.558823529
MARKET ST,8.06126308040678
MARLBOROUGH ST,28.414804530785716
MARLIN RD,10.87570621
MARLIN WY,3.8130530755714287
MARLOU TE,16.70182841
MARLOWE ST,7.082630691
MARMION ST,5.15970516
MARSH ST,3.303143314
MARSHALL BLOCK ,26.01568068
MARSHALL PL,26.015680679999996
MARSHALL ST,24.10236822
MARSHFIELD ST,2.251655629
MARSTON ST,5.499276411
MARTHA RD,23.05570877
MARTIN LUTHER KING JR BL,2.5853912913999997
MARTIN ST,24.61956522
MARTINWOOD RD,8.108108108
MARY BOYLE WY,5.752840909
MARYANNA RD,7.283236994
MARYKNOLL ST,3.540344814434783
MARYKNOLL TE,2.697921274
MARYLAND ST,12.18611521
MASCOMA ST,1.029295329
MASCOT ST,1.159114858
MASON CT,23.87836491
MASON ST,13.5410991031
MASSACHUSETTS AV,14.182914969381644
MASSASOIT ST,3.747927032
MASSPORT BYPASS RD,2.569303584
MATCHETT ST,10.531220879999998
MATHER CT,7.082630691000001
MATHER ST,7.082630691
MATIGNON RD,4.043126685
MATTAKEESET ST,4.372643141695653
MATTAPAN ST,1.872659176
MATTHEW ST,7.407407407
MAVERICK SQ,6.693007844857143
MAVERICK ST,5.321801069448485
MAXFIELD ST,24.61956522
MAXWELL ST,7.407407406999999
MAY ST,28.63113898
MAYBROOK ST,0.665557404
MAYBURY ST,5.358686258
MAYFAIR ST,2.694235589
MAYFIELD ST,9.6158103334
MAYHEW ST,7.489994282
MAYNARD ST,7.283236994
MAYWOOD ST,5.971223022
MAYWOOD TE,5.971223022
MBTA (SW CORRIDOR PROJ) ,6.508549366
MCBRIDE ST,6.508549366
MCCORMACK SQ,4.523424879
MCCRAW ST,11.95505618
MCDONOUGH CT,7.610520425
MCDONOUGH WY,2.445652174
MCGREEVEY WY,0.0
MCKAY PL,1.830065359
MCKENNA TE,20.4825462
MCKINLEY SQ,24.10236822
MCKONE ST,9.10099889
MCLELLAN ST,0.6375527162702702
MEACHAM ST,3.747927032
MEAD ST,16.407214968780487
MEAD STREET CT,26.01568068
MEADOW RD,9.868421053
MEADOWBANK AV,6.57306956
MEADOWVIEW RD,9.868421053
MECHANIC ST,14.54664057
MEDFIELD ST,5.869565217
MEDFORD ST,24.824054205172413
MEDWAY ST,12.75362319
MEEHAN PL,6.508549366
MEEHAN ST,6.508549366
MELBA WY,2.724042637
MELBOURNE ST,7.069846678
MELCHER ST,27.97593468
MELLEN ST,7.069846678
MELLISH RD,12.75362319
MELNEA CASS BL,1.0521842387391305
MELROSE ST,27.317629179999997
MELTON RD,6.573317775
MELVILLE AV,7.082630691
MELVILLE LA,7.082630691
MELVIN AV,0.727566694
MELVINSIDE TE,12.18611521
MENDELL WY,5.15970516
MENDELSSOHN ST,11.3986014
MENDUM ST,11.955056180000001
MENLO ST,6.308919507
MENTON ST,6.57306956
MERCER ST,5.237291626342857
MERCHANTS RO,24.10236822
MERCIER AV,1.053799224
MEREDITH ST,24.61956522
MERIDIAN ST,3.2923179527243587
MERLIN ST,3.2110091739999995
MEROLA PK,2.697921274
MERRIAM ST,5.15970516
MERRILL ST,0.665557404
MERRIMAC ST,23.05570877
MESHAKA ST,3.879849812
MESSINGER ST,5.054151625
METCALF ST,8.707709373
METROPOLITAN AV,5.664463002681818
METROPOLITAN CI,7.283236994000001
MEYER CT,6.128702758
MEYER ST,6.128702758
MIAMI AV,12.04819277
MIAMI TE,12.04819277
MICHAEL RD,8.194233687
MICHELANGELO ST,10.25073746
MICHIGAN AV,0.6655574039999999
MIDDLE ST,27.97593468
MIDDLEMAS CT,1.095461659
MIDDLETON ST,1.159114858
MIDLAND ST,12.18611521
MIDVALE RD,20.4825462
MILDRED AV,1.8726591759999998
MILES ST,0.627802691
MILFORD ST,25.93103448
MILK ST,24.065841804210525
MILL ST,4.186655037
MILLER PK,2.251655629
MILLERS LA,6.57306956
MILLET ST,3.5618125834545458
MILLICENT WY,7.411273486
MILLMONT ST,3.695324284
MILLS ST,2.694235589
MILLSTONE RD,9.868421053
MILTON AV,5.924063739414814
MILTON LINE ,6.048387097
MILTON PL,23.96356784
MILTON ST,4.352094436626507
MILTON TE,6.048387097
MILTON TOWN LINE ,6.048387097
MILWOOD ST,3.303143314
MILWOOD TE,3.303143314
MINDEN ST,2.242152466
MINDORO ST,0.0
MINER ST,5.869565217
MINNIE CT,12.89156627
MINOT PK,12.75362319
MINOT ST,6.0866907106829276
MINTON ST,5.15970516
MISHAWUM ST,26.01568068
MISSION ST,2.188081937
MITCHELL ST,15.1240458
MOHAWK ST,27.97593468
MOLONEY ST,12.04819277
MONADNOCK ST,2.481902792
MONASTERY RD,6.573317774999999
MONKS ST,20.80808081
MONMOUTH SQ,3.283735249
MONMOUTH ST,3.283735249
MONPONSET ST,3.747927032
MONSON ST,6.57306956
MONTAGUE ST,7.069846678
MONTANA ST,1.508916324
MONTCALM AV,6.308919507
MONTCLAIR AV,17.04918033
MONTEBELLO RD,5.15970516
MONTELLO ST,1.991798477
MONTEREY AV,5.054151625
MONTFERN AV,11.22379986
MONTGOMERY ST,35.37815126
MONTMORENCI AV,6.572379367999999
MONTROSE ST,5.971223022
MONTVALE ST,11.3986014
MONTVIEW ST,20.4825462
MONUMENT AV,25.625
MONUMENT CT,22.93062801
MONUMENT SQ,21.7613241625
MONUMENT ST,18.170473750833334
MOODY ST,7.069846678
MOON ST,14.546640570000001
MOORE ST,3.0842056653437497
MORA ST,1.053799224
MORAINE ST,16.70182841
MORELAND ST,2.5935321864352945
MOREY RD,17.04918033
MORLEY ST,3.6953242840000002
MORRELL ST,12.04819277
MORRILL ST,9.87432675
MORRIS ST,4.739336493
MORRISON ST,11.955056179999998
MORROW RD,6.308919507
MORSE ST,0.0
MORTON PL,1.99412705425
MORTON ST,3.794110868880597
MORTON VILLAGE DR,2.697921274
MOSELEY ST,7.489994282
MOSGROVE AV,8.108108108
MOSS HILL RD,28.631138980000003
MOSSDALE RD,28.63113898
MOTHER BROOK ,5.981694495666666
MOTHER JULIA RD,6.57306956
MOULTON ST,14.78382148
MOULTON WY,14.78382148
MOULTRIE ST,7.082630691
MOUNTAIN AV,1.159114858
MOUNTFAIR TE,6.048387097
MOUNTFORT ST,6.765010352
MOVILLE ST,12.04819277
MOZART ST,8.236536431
MSGR ALBERT A JACOBBE RD,0.642201835
MSGR P J LYDON WY,4.043126685
MSGR REYNOLDS WY,16.48351648
MT ASH RD,12.3294347
MT BOWDOIN TE,4.42804428
MT CALVARY RD,5.144032922111112
MT CUSHING TE,9.87432675
MT EVERETT ST,3.726708075
MT HOOD RD,0.727566694
MT HOPE ST,5.787662926
MT IDA RD,2.971343331972973
MT PLEASANT AV,0.0
MT PLEASANT PL,0.0
MT PLEASANT ST,6.048387097000001
MT PLEASANT TE,0.0
MT VERNON AV,20.20441074
MT VERNON PL,21.07925801
MT VERNON SQ,26.28465804
MT VERNON ST,16.853891126418805
MT WASHINGTON AV,27.97593468
MULVEY ST,1.872659176
MULVEY TE,3.695324284
MUNROE ST,2.0510647395454544
MUNSON ST,5.869565217
MURDOCK ST,6.8347547247551015
MURDOCK TE,6.308919507
MURRAY AV,5.971223022
MURRAY CT,6.583072099999999
MURRAY HILL RD,3.9188243529999998
MUSEUM RD,1.785714286
MYLES STANDISH RD,24.61956522
MYOPIA RD,13.4502924
MYRICK ST,7.17325228
MYRTLE ST,22.152220039166664
MYRTLEBANK AV,3.303143314
MYSTIC AV,26.01568068
MYSTIC PL,23.87836491
MYSTIC ST,23.113380589655172
N ANDERSON ST,21.12036336
N BEACON ST,7.139031040416667
N BENNET CT,14.54664057
N BENNET PL,14.54664057
N BENNET ST,14.54664057
N CHARLAME CT,2.694235589
N CHARLAME TE,2.694235589
N GROVE ST,21.12036336
N HARVARD ST,4.889525816347827
N HUDSON ST,10.25073746
N MARGIN ST,11.827015738214286
N MEAD ST,26.01568068
N MEAD STREET CT,26.01568068
N MUNROE TE,4.043126685
N QUINCY PL,26.01568068
N ST,20.106506891785717
N WASHINGTON ST,14.67008085
NAHANT AV,3.3031433140000006
NANCIA ST,6.572379368
NANTASKET AV,6.573317775
NARRAGANSETT ST,3.303143314
NASHUA ST,23.05570877
NATIONAL ST,14.84751204
NAVARRE PL,3.747927032
NAVARRE ST,4.326206542468086
NAVILLUS TE,4.817073171
NAY ST,2.569303584
NAZING CT,1.508916324
NAZING ST,1.508916324
NEAL CT,26.01568068
NEAREN RO,14.78382148
NECCO CT,27.975934680000005
NECCO ST,27.975934680000005
NEEDHAM RD,6.048387097
NEILLIAN CR,28.63113898
NELSON ST,7.407407407
NEPONSET ,3.303143314
NEPONSET AV,6.137192122343284
NEPONSET CT,6.128702758
NEPONSET FIELD LN,3.747927032
NEPONSET RIVER ,7.224456878461539
NEPONSET VALLEY PW,9.4803443825625
NEPTUNE CI,3.390804598
NEPTUNE RD,11.64952188115
NEVADA ST,1.053799224
NEVINS ST,1.095461659
NEW ACRE RD,6.048387097
NEW BEDFORD ST,6.048387097
NEW CHARDON ST,23.753481736666668
NEW ENGLAND AV,7.09797673875
NEW HAVEN ST,12.04819277
NEW HEATH ST,3.166898168363636
NEW HILL PL,19.29212363
NEW NORTHERN AV,30.10928962
NEW PARK AV,11.3986014
NEW PICKERTS WH,0.642201835
NEW RUTHERFORD AV,18.40490798
NEW ST,0.642201835
NEW SUDBURY ST,24.10236822
NEWBERN ST,16.70182841
NEWBURG ST,11.3986014
NEWBURY ST,25.44709337009852
NEWCASTLE RD,11.22379986
NEWCASTLE ST,5.054151625
NEWCOMB ST,1.063829787
NEWCROFT CI,2.697921274
NEWFIELD ST,10.87570621
NEWHALL PL,3.303143314
NEWHALL ST,5.235761839333333
NEWKIRK ST,4.186655037
NEWLAND ST,21.882368760000002
NEWMAN PL,0.0
NEWMARKET SQ,0.0
NEWPORT ST,9.480932203
NEWSOME PK,29.69432314
NEWTON ST,10.53122088
NIGHTINGALE ST,0.618458611
NIKISCH AV,11.3986014
NILES ST,9.171800137
NINTH ST,19.04547501
NIRA AV,9.558823529
NIXON ST,7.082630691
NOAH ST,3.747927032
NOBLE CT,4.523424879
NONANTUM ST,10.8360262671875
NONQUIT ST,2.481902792
NORCROSS PL,12.89156627
NORFOLK AV,1.8790388223561645
NORFOLK ST,4.527658253542056
NORFOLK TE,7.407407407
NORMANDY ST,0.8179585243076922
NORRIS RD,6.048387097
NORTH AV,2.251655629
NORTH SQ,14.54664057
NORTH ST,18.22427766488372
NORTHAM PK,7.069846678000001
NORTHAMPTON ST,18.374713079375002
NORTHBOURNE RD,8.108108108
NORTHDALE RD,12.04819277
NORTHDALE ST,12.04819277
NORTHDALE TE,12.04819277
NORTHERN AV,30.109289620000002
NORTHFIELD ST,1.56133829
NORTON ST,4.832278447727273
NORWAY PK,6.048387097
NORWAY ST,4.736842105
NORWELL ST,3.809711927758064
NORWOOD ST,9.10099889
NOTRE DAME ST,0.627802691
NOTT ST,2.724042637
NOTTINGHAM ST,4.42804428
NOTTINGHILL RD,6.573317775
NOYES PL,12.57367387
O CONNELL RD,6.5730695599999995
O DONNELL SQ,9.10099889
O DONNELL TE,4.186655037
O ST,19.33922915581818
O STREET PL,19.20529801
OAK HILL AV,2.697921274
OAK PL,13.4502924
OAK RD,6.020558003
OAK SQUARE AV,11.22379986
OAK ST,10.245726745265307
OAK STREET WEST ,9.085714286
OAKCREST RD,3.747927032
OAKDALE ST,16.70182841
OAKDALE TE,16.70182841
OAKHURST ST,1.55180283
OAKLAND PK,3.951701427
OAKLAND PL,9.171800137
OAKLAND ST,8.09177971424138
OAKLEY ST,1.991798477
OAKMAN ST,9.10099889
OAKMERE ST,12.04819277
OAKRIDGE ST,6.57306956
OAKTON AV,3.303143314
OAKVIEW AV,3.695324284
OAKVIEW TE,17.54901961
OAKWOOD ST,5.685713492166666
OCEAN ST,7.069846678
OCONNELL RD,6.57306956
OCONNOR WY,2.445652174
ODONNELL TE,4.186655037
OGDEN ST,1.053799224
OLD COLONY AV,21.138943469399997
OLD COLONY TE,12.186115210000002
OLD HARBOR ST,8.42774418282353
OLD MORTON ST,6.57306956
OLD RD,0.665557404
OLDFIELDS RD,0.0
OLIVA RD,11.22379986
OLIVE ST,9.171800137
OLIVER ST,23.96356784
OLMSTEAD ST,5.15970516
OLNEY ST,3.806405371022727
ONEIL PL,6.308919507
ONSLOW TE,20.80808081
OPHIR ST,5.15970516
ORANGE ST,11.3986014
ORCHARD AV,8.108108108
ORCHARD PARK ST,0.0
ORCHARD RD,0.727566694
ORCHARD ST,23.660277533488372
ORCHARDALE ST,1.991798477
ORCHARDFIELD ST,3.3149171269999997
ORCHARDHILL RD,8.108108108
ORGAN PARK ST,6.128702758
ORIENT AV,6.572379368000001
ORIOLE ST,24.61956522
ORKNEY RD,3.922924273
ORLANDO ST,5.054151624999999
ORLEANS ST,6.2378445024528295
ORMOND ST,0.0
ORNE ST,4.043126685
ORTON MAROTTA WY,0.226244344
OSCAR ST,3.695324284
OSCEOLA ST,3.747927032
OSGOOD CT,3.695324284
OSPREY WY,1.55180283
OSWALD ST,2.4932681775555556
OTIS PL,16.820147219307692
OTIS ST,23.96356784
OTISFIELD ST,5.358686258
OUTLOOK RD,0.0
OVERLAND ST,5.869565216999999
OVERLOOK RD,6.020558002999999
OWEN ST,2.697921274
OWENCROFT RD,1.053799224
OXFORD PL,23.96356784
OXFORD ST,23.96356784
P ST,19.20529801
PACIFIC ST,14.847512040000002
PACKARD AV,6.57306956
PAGE ST,0.665557404
PAGE TE,0.665557404
PAINE ST,6.128702758
PAISLEY PK,7.082630691
PALACE RD,1.785714286
PALERMO ST,6.572379368
PALFREY ST,3.918824353
PALMER ST,1.063829787
PARAGON RD,12.04819277
PARIS PL,7.737397421
PARIS ST,5.6989388708615385
PARISH ST,3.314917127
PARK DR,6.836425888367348
PARK LA,5.15970516
PARK LANE DR,10.87570621
PARK PL,29.69432314
PARK PZ,18.201671733
PARK RD,2.724042637
PARK ST,13.278585342232198
PARK TE,24.61956522
PARK VALE AV,3.362445415
PARK VIEW ST,1.061571125
PARKER HILL AV,3.74980078538983
PARKER HILL TE,4.82069371
PARKER ST,7.192708336647482
PARKLAWN RD,17.04918033
PARKMAN PL,4.186655037
PARKMAN ST,4.850722030058824
PARKSIDE DR,28.63113898
PARKSON ST,9.868421053
PARKTON RD,9.558823529
PARKWAY ST,0.618458611
PARKWOOD TE,9.558823529
PARLEY AV,16.70182841
PARLEY VALE ,16.70182841
PARLEY VALE AV,16.70182841
PARLEY VALE ST,16.70182841
PARMELEE ST,19.54022989
PARMENTER ST,14.54664057
PARROTT ST,13.4502924
PARSONS ST,9.679283939462366
PARTRIDGE PL,0.0
PARTRIDGE ST,24.619565219999995
PASADENA RD,0.665557404
PASSAGEWAY ST,3.246805298
PATTEN ST,8.108108108
PATTERSON ST,12.75362319
PATTERSON WY,5.752840909
PAUL GORE ST,15.787198468027025
PAUL GORE TE,17.54901961
PAUL SULLIVAN WY,16.48351648
PAULA RD,6.57306956
PAULMAN CI,17.04918033
PAWNING ST,1.637554585
PAXTON ST,1.55180283
PAYNE ST,4.186655037
PAYSON AV,4.817073171
PAYSON PL,23.87836491
PAYSON RD,17.04918033
PEABODY SQ,12.75362319
PEACEABLE ST,6.308919507
PEACEVALE RD,7.069846678
PEAK HILL RD,17.04918033
PEARL ST,20.92932563376712
PEARL STREET PL,20.0073769038
PELHAM TE,25.93103448
PELTON ST,24.619565219999995
PEMBERTON SQ,24.10236822
PEMBROKE ST,34.40086331724138
PENDER ST,20.4825462
PENFIELD ST,8.707709373
PENHALLOW ST,7.082630691
PENN CENTRAL RR ,3.303143314
PENNIMAN RD,3.9878465629999997
PEOPLES BAPTIST PL,1.56133829
PERABO TE,24.61956522
PERCIVAL ST,3.314917127
PERCY ST,3.695324284
PERHAM ST,17.102361759074075
PERKINS AV,13.4502924
PERKINS SQ,9.558823529
PERKINS ST,20.16593144211628
PERRIN ST,5.971223022
PERRY PL,25.625
PERSHING RD,16.70182841
PERTH ST,1.029295329
PERTHSHIRE RD,10.611133839230767
PETER PARLEY RD,5.15970516
PETERBOROUGH ST,4.151190826545455
PETERS ST,13.468391784
PETREL ST,6.020558003
PEVEAR PL,0.0
PEVERELL ST,9.87432675
PHEASANT ST,24.619565219999995
PHILBRICK ST,6.128702758
PHILIP ST,9.10099889
PHILLIPS ST,15.27777778
PHIPPS ST,18.40490798
PICKERING AV,2.6942355889999994
PIE AL,24.10236822
PIEDMONT ST,27.31762918
PIERCE AV,4.841349895387755
PIERCE ST,2.724042637
PIERPONT RD,20.4825462
PIERSON ST,0.0
PILGRIM PL,3.726708075
PILGRIM RD,1.9064245813
PINCKNEY ST,26.28465804
PINE AV,7.610520425
PINE LODGE RD,24.61956522
PINE RD,6.020558003
PINE RIDGE RD,6.57306956
PINE ST,4.137747447888889
PINE TREE LA,7.610520425
PINECLIFF RD,6.020558003
PINEDALE RD,7.283236994
PINEFIELD LA,7.610520425
PINEFIELD RD,7.610520424999999
PINEHURST ST,8.707709373
PINEWOOD ST,3.747927032
PING ON ST,23.96356784
PINGREE ST,2.724042637
PITSMOOR RD,6.128702758
PLAIN ST,7.054696922
PLAINFIELD ST,6.508549366
PLANET ST,7.283236994
PLATT RD,8.194233687
PLAYSTEAD RD,11.910299488333335
PLEASANT AV,20.4825462
PLEASANT HILL AV,6.573069560000001
PLEASANT ST,11.159769676873134
PLEASANT STREET CT,25.625
PLEASANT VALLEY CI,17.04918033
PLEASANTDALE RD,6.020558002999999
PLEASANTON ST,1.508916324
PLEASANTVIEW ST,3.747927032
PLOVER ST,6.020558003
PLYMPTON ST,16.48351648
POLK ST,23.87836491
POMEROY ST,6.308919507
POMFRET ST,20.4825462
POMPEII ST,0.0
POND CI,28.63113898
POND RD,6.020558003
POND ST,22.129355933708737
POND STREET PL,12.57367387
POND VIEW AV,16.70182841
PONTIAC ST,2.202339986
POPES HILL ST,5.973689165363637
POPLAR ST,6.849489193816425
PORT NORFOLK ,9.10099889
PORT NORFOLK ST,9.100998890000001
PORTER ST,6.525551742266667
PORTER TE,20.4825462
PORTINA RD,8.194233687
PORTLAND ST,23.05570877
PORTSMOUTH ST,7.17325228
POST OFFICE SQ,24.10236822
POTOMAC ST,20.482546199999998
POTOSI ST,3.314917127
POWELL ST,12.04819277
POWELLTON RD,0.665557404
POWER HOUSE ,
POWER ST,7.489994282
POWERS CT,18.16911251
POYDRAS ST,3.7479270320000007
PRAIRIE ST,3.0324909750000004
PRATT ST,3.987846563
PREBLE ST,27.97593468
PRENTISS ST,0.29773719727272724
PRESBY PL,0.0
PRESCOTT PL,7.17325228
PRESCOTT ST,8.865756043079365
PRESENTATION RD,10.53122088
PRESIDENT RD,17.04918033
PRESIDENT TE,3.987846563
PRESLEY RD,4.186655037
PRESTON RD,20.4825462
PRICE RD,3.362445415
PRIESING ST,8.236536431
PRIMROSE ST,11.955056180000001
PRINCE ST,19.562716313406593
PRINCETON PL,1.427061311
PRINCETON ST,1.9144180141466667
PRISCILLA RD,6.573317775
PROCTOR ST,0.0
PROPOSED RD,6.020558003
PROPOSED ST,4.753409321285715
PROSPECT AV,4.11242096609091
PROSPECT CI,6.048387097
PROSPECT PK,6.048387097
PROSPECT ST,8.753586083816666
PROVIDENCE ST,5.697831008475001
PROVINCE ST,23.96356784
PULASKI AV,19.29212363
PURCHASE ST,23.96356784
PURITAN AV,3.726708075
PUTNAM AV,15.27777778
PUTNAM PL,1.637554585
PUTNAM SQ,2.569303584
PUTNAM ST,5.32409027615625
QUAIL ST,6.0205580030000005
QUARLEY RD,6.128702758
QUEEN ST,4.043126685
QUEENSBERRY ST,3.3725447207096777
QUINCEFIELD PL,4.121212121
QUINCEFIELD ST,4.121212121
QUINCY CT,24.10236822
QUINCY PL,5.358686258
QUINCY ST,3.846019373774436
QUINCY TE,5.358686258
QUINN WY,24.61956522
QUINT AV,3.362445415
RADCLIFFE RD,3.747927032
RADCLIFFE ST,4.42804428
RADFORD LA,12.75362319
RADFORD PL,13.4502924
RADNOR RD,8.194233687
RAILROAD RD,20.4825462
RAILROAD ST,11.368823894875002
RAINIER RD,3.747927032
RAINSFORD ISLAND ,
RALDNE RD,7.610520425000001
RALEIGH ST,14.42542787
RALSTON RD,3.747927032
RALWOOD RD,3.747927032
RAMBLER RD,28.63113898
RAMSDELL AV,4.347466818588236
RAMSEY ST,4.121212121
RAND PL,4.829770388
RAND ST,4.829770388
RANDALL ST,1.063829787
RANDLETT PL,4.829770388
RANDOLPH ST,16.48351648
RANELEGH RD,11.22379986
RANGE RD,1.053799224
RANGELEY ST,12.75362319
RANLEY RD,3.747927032
RANSOM RD,6.573317775
RAPID TRANSIT ,4.186655037
RAVEN ST,9.480932203
RAVENNA RD,17.04918033
RAWSON ST,7.489994282
RAWSTON RD,7.283236994
RAYMOND ST,7.17325228
RAYNES RD,6.048387097
RAYNOR CI,1.56133829
READING ST,0.0
READVILLE ST,7.610520425
READVILLE TROTTING PK,9.868421053
REALTON RD,17.04918033
RECTOR RD,4.4010393285000005
RED PINE RD,6.048387097
REDDY AV,2.724042637
REDFIELD ST,9.10099889
REDFORD ST,3.362445415
REDGATE RD,24.61956522
REDLANDS RD,20.4825462
REDWOOD ST,4.186655037
REED ST,1.063829787
REED TE,1.063829787
REEDSDALE ST,0.829875519
REGAL ST,11.05845182
REGAN RD,1.053799224
REGENT CI,29.69432314
REGENT PL,2.694235589
REGENT ST,3.121738618217391
REGINA RD,7.082630691000001
REGIS RD,5.054151625
REMINGTON ST,7.082630691
RENA ST,3.987846563
RENDALL RD,17.04918033
RENFREW ST,1.063829787
RESERVATION RD,9.88980624565625
RESERVOIR CT,0.727566694
RESERVOIR RD,8.183401045
REV R M COSTELLO PL,3.303143314
REV RICHARD A BURKE ,5.752840909
REVERE ST,18.81344359347826
REXFORD ST,5.054151625
REXHAME ST,11.3986014
REYNOLD RD,7.610520425
RHOADES ST,1.55180283
RHODA ST,11.95505618
RICE ST,7.197600792666666
RICH ST,2.697921274
RICHARD TE,7.069846678
RICHARDSON ST,7.17325228
RICHFIELD PK,3.726708075
RICHFIELD ST,3.726708075
RICHMERE RD,5.054151625
RICHMOND ST,13.487246001555556
RICHVIEW ST,12.753623189999999
RICHWOOD ST,20.4825462
RICKER TE,10.53122088
RICKERHILL RD,10.875706209999999
RIDGE RD,6.308919507
RIDGE ST,3.918824353
RIDGECREST DR,3.879849812
RIDGECREST TE,3.879849812
RIDGEMONT ST,1.095461659
RIDGEVIEW AV,2.697921274
RIDGEWAY LA,21.07925801
RIDGEWOOD ST,1.7258883250000001
RIDLON RD,3.747927032
RILEY RD,9.868421053
RILL ST,4.817073171
RINGGOLD ST,25.93103448
RIPLEY RD,4.42804428
RISLEY RD,17.04918033
RITA RD,3.303143314
RITCHIE ST,0.627802691
RIVER ST,6.21030246311861
RIVER STREET PL,26.28465804
RIVER STREET TE,2.724042637
RIVERBANK PL,2.697921274
RIVERDALE RD,6.57306956
RIVERDALE ST,7.173252280000001
RIVERMOOR ST,12.04819277
RIVERSIDE SQ,2.7240426370000006
RIVERVIEW RD,11.22379986
RIVERWAY ,1.9198368363333334
RIVERWAY ST,16.439877627250002
ROACH ST,12.18611521
ROANOKE AV,16.70182841
ROANOKE RD,3.747927032
ROBBART LA,6.048387097
ROBERT ST,11.955056179999998
ROBERTS PL,7.610520425
ROBESON ST,5.15970516
ROBEY ST,3.1457913425652175
ROBIN HOOD ST,4.6732458816
ROBIN ST,24.61956522
ROBINSON ST,1.8353807405294116
ROBINWOOD AV,16.70182841
ROBKEN RD,11.955056180000001
ROCK AV,7.407407407
ROCK HILL RD,17.54901961
ROCK RD,3.747927032
ROCK TE,3.726708075
ROCKDALE ST,5.054151625000001
ROCKFORD ,2.251655629
ROCKFORD ST,2.251655629
ROCKINGHAM AV,6.0205580030000005
ROCKINGHAM RD,5.054151625
ROCKLAND AV,2.6942355889999994
ROCKLAND ST,3.3219137070588234
ROCKLEDGE ST,3.695324284
ROCKMERE ST,12.18611521
ROCKNE AV,3.303143314
ROCKVALE CI,6.508549366
ROCKVIEW PL,16.70182841
ROCKVIEW ST,16.70182841
ROCKVILLE PK,5.971223022
ROCKWAY ST,5.054151625
ROCKWELL ST,1.053799224
ROCKWOOD ST,28.631138979999996
ROCKWOOD TE,28.63113898
ROCKY NOOK TE,5.15970516
RODMAN ST,8.108108108
RODNEY ST,6.308919507
ROGERS PARK AV,8.194233687
ROGERS ST,27.97593468
ROLAND ST,26.01568068
ROLLINS PL,15.27777778
ROMAR TE,3.695324284
ROMSEY CI,9.480932203
ROMSEY ST,9.480932203
RONALD ST,0.0
RONAN ST,4.817073171
ROSA ST,2.724042637
ROSARIA ST,3.303143314
ROSE GARDEN CI,8.194233687
ROSEBERY RD,3.747927032
ROSECLAIR ST,7.489994282
ROSECLIFF ST,8.707709373
ROSECLIFF TE,8.707709373
ROSEDALE ST,3.211009174
ROSEGLEN RD,3.747927032
ROSELAND ST,7.069846678
ROSEMARY ST,6.508549366
ROSEMERE CT,8.707709373
ROSEMONT ST,3.8545269066944448
ROSEWAY ST,17.54901961
ROSEWOOD ST,5.054151625
ROSLIN ST,7.069846678
ROSLINDALE AV,10.07109466668
ROSLYN PL,17.54901961
ROSSELERIN RD,4.043126685
ROSSETER ST,4.42804428
ROSSMORE RD,6.508549366
ROSWELL ST,2.251655629
ROUGEMONT PL,0.627802691
ROUGHAN RD,25.625
ROUND HILL ST,2.242152466
ROWE ST,4.639769918928572
ROWELL ST,4.817073171
ROWEN CT,6.508549366
ROWENA ST,12.75362319
ROWLEY ST,4.186655037
ROXANA ST,7.610520425
ROXBURY ST,3.0094010509999998
ROXTON ST,0.665557404
ROYAL ST,3.9878465629999997
ROYCE RD,3.362445415
ROZELLA ST,4.186655037
RUFFING ST,5.499276411
RUGBY RD,4.618743427333333
RUGDALE RD,6.57306956
RUGG RD,3.987846563
RUGGLES CT,1.063829787
RUGGLES ST,0.9955243411999999
RUMFORD RD,10.87570621
RUNDEL PK,12.75362319
RUNNING BROOK RD,3.879849812
RUSFIELD ST,0.0
RUSHMORE ST,8.194233687
RUSKIN RD,3.747927032
RUSKIN ST,20.4825462
RUSKINDALE RD,3.7479270319999998
RUSSELL PL,26.01568068
RUSSELL ST,25.029227247692308
RUSSETT RD,18.62315781483871
RUSTIC RD,24.61956522
RUSTLEWOOD RD,20.4825462
RUTHERFORD AV,23.19373565047619
RUTHVEN PK,1.061571125
RUTHVEN ST,1.2302422656065575
RUTLAND SQ,31.28017298258065
RUTLAND ST,23.477297680000003
RUTLEDGE ST,24.61956522
RUXTON RD,3.7479270320000007
RYAN RD,9.171800137
RYDER HILL RD,11.05845182
S BAY AV,0.0
S BREMEN ST,0.642201835
S CEDAR PL,27.31762918
S CHARLAME CT,2.694235589
S CHARLAME TE,2.694235589
S FAIRVIEW ST,11.95505618
S HOBART ST,9.171800137
S HUNTINGTON AV,7.797278399970149
S MUNROE TE,4.043126685
S QUINCY PL,26.01568068
S RUSSELL ST,15.27777778
S SYDNEY ST,12.18611521
S WALTER ST,11.95505618
S WAVERLY ST,7.17325228
S WHITNEY ST,2.202339986
SACHEM ST,2.1906743095454546
SACKVILLE ST,25.086412953913044
SACO ST,4.186655037
SAFFORD ST,2.7240426370000006
SAGAMORE ST,9.480932203
SALCOMBE ST,9.87432675
SALEM CT,14.54664057
SALEM ST,13.805765429859154
SALEM STREET AV,18.40490798
SALERNO PL,14.84751204
SALINA RD,9.10099889
SALISBURY PK,4.186655037
SALMAN ST,12.04819277
SALUTATION ST,18.16911251
SAMMETT AV,6.128702758
SAMOSET ST,7.069846678
SAN JUAN ST,25.93103448
SANBORN AV,10.87570621
SANDERSON PL,9.171800137
SANDGRAV RD,18.40490798
SANDPIPER LA,1.55180283
SANFORD ST,6.992464590531915
SANGER ST,14.847512040000002
SANTUIT ST,7.069846678000001
SARANAC ST,3.303143314
SARATOGA PL,1.427061311
SARATOGA ST,3.4186805217002014
SARGENT CW,28.631138979999996
SARGENT ST,4.829770388
SARGENTS WHARF ,
SAUNDERS ST,6.308919507
SAVANNAH AV,5.054151625
SAVILLE ST,24.61956522
SAVIN HILL AV,11.951561770086705
SAVIN HILL CT,12.18611521
SAVIN HILL LA,12.18611521
SAVIN ST,5.971223022
SAVOY ST,16.48351648
SAWYER AV,5.615586894
SAWYER TE,3.987846563
SAXTON ST,9.480932203
SAYBROOK ST,6.308919507
SAYBROOK TE,6.308919507
SAYWARD PL,27.97593468
SAYWARD ST,2.481902792
SCHILLER RD,3.8798498119999993
SCHILLER ST,2.242152466
SCHIRMER RD,20.4825462
SCHOOL ST,9.260846734565892
SCHOOL STREET PL,0.627802691
SCHORTMANNS TE,3.879849812
SCHREPEL PL,19.29212363
SCHROEDER PZ,1.637554585
SCHUBERT ST,11.398601399999999
SCHUYLER ST,1.508916324
SCOTIA ST,4.884157796
SCOTTFIELD RD,2.110947472
SCRIBNER RD,7.610520425
SEA VIEW AV,6.572379368
SEA VIEW TE,12.18611521
SEABORN ST,7.082630691000001
SEAFOOD WY,
SEAGER CT,9.171800137
SEAPORT BL,30.109289620000002
SEAPORT LA,30.10928962
SEARLE RD,24.61956522
SEATTLE ST,3.9878465629999997
SEAVER ST,1.0440508711688312
SEAVERNS AV,16.70182841
SEDALIA RD,12.75362319
SEDGWICK ST,16.70182841
SEFTON ST,3.747927032
SEGEL ST,16.70182841
SELDEN ST,7.407407407
SELKIRK RD,1.7264602050000002
SELMA ST,6.572379368
SELWYN ST,11.95505618
SEMINARY ST,18.40490798
SEMINOLE ST,3.747927032
SEMONT RD,4.043126685
SENATOR BOLLING CI,1.55180283
SENDERS CT,7.610520425
SENTRY HILL PL,15.27777778
SERVICE DR,1.063829787
SEVENTH ST,19.04547501
SEVER ST,26.01568068
SEWALL ST,2.202339986
SEXTON CT,7.489994282
SEYMOUR RD,10.87570621
SEYMOUR ST,7.283236994
SHABAZZ WY,1.063829787
SHAFTER ST,4.42804428
SHANAHAN PL,3.918824353
SHANDON RD,0.618458611
SHANLEY ST,8.194233687
SHANNON ST,6.573317775
SHARP ST,7.082630691
SHATTUCK ST,2.188081937
SHAW ST,24.619565219999995
SHAWMUT AV,17.09645461517742
SHAWMUT ST,27.31762918
SHAWSHEEN RD,6.572379368
SHEAFE ST,12.945042737297298
SHEFFIELD RD,11.95505618
SHELBY ST,2.569303584
SHELDON ST,3.918824353
SHENANDOAH ST,12.75362319
SHEPARD CT,13.4502924
SHEPARD PL,6.308919507
SHEPARD ST,6.474168424499999
SHEPHERD AV,2.188081937
SHEPTON ST,4.043126685
SHEPTON TE,20.80808081
SHERBORN ST,7.660455487
SHERBROOK ST,19.281691201250002
SHERIDAN PL,17.54901961
SHERIDAN ST,17.54901961
SHERMAN SQ,26.01568068
SHERMAN ST,10.245472388625
SHERRIN ST,5.499276411
SHERWOOD CT,0.0
SHERWOOD ST,3.918824353
SHETLAND ST,0.0
SHIRLEY ST,1.5140443022586207
SHORT ST,20.68978896490909
SHORT STREET PL,26.01568068
SHREWSBURY RD,17.04918033
SHURLAND ST,6.508549366
SIDLAW RD,8.183401045
SIDLEY RD,20.4825462
SIERRA RD,9.868421053
SIGOURNEY ST,5.15970516
SILLOWAY ST,7.082630691
SILVA PL,1.061571125
SILVER ST,18.30826915774648
SILVIA CT,7.610520425
SIMBROCO ST,12.04819277
SINCLAIR RD,7.17325228
SIXTEENTH ST,19.04547501
SIXTH ST,19.04547501
SKYLINE RD,6.048387097
SLEEPER ST,30.10928962
SLOCUM RD,28.63113898
SMITH CT,15.27777778
SMITH ST,0.314619998
SNELLING PL,10.25073746
SNOW HILL ST,10.25073746
SNOW ST,6.573317775
SNOWDEN WY,1.55180283
SOBIN PK,27.97593468
SOJOURNER TRUTH PL,1.063829787
SOLARIS RD,7.610520425
SOLDIERS FIELD PL,7.17325228
SOLDIERS FIELD RD,6.871468307354839
SOLDIERS FIELD RD XT,7.17325228
SOLEY ST,25.625
SOMERSET ST,24.10236822
SONOMA ST,1.508916324
SORRENTO ST,3.987846563
SOUTH ST,11.55944633867843
SOUTHAMPTON ST,9.434436123600001
SOUTHBOURNE RD,7.568270285272726
SOUTHER RD,12.75362319
SOUTHERN AV,6.426707094
SOUTHMERE RD,6.5730695599999995
SOUTHVIEW ST,12.18611521
SOUTHWICK ST,9.10099889
SOUTHWOOD ST,5.971223022
SPALDING ST,6.508549366
SPARHAWK ST,7.8025963574347825
SPARROW ST,24.619565220000002
SPAULDING ST,4.043126685
SPECTACLE ISLAND ,
SPEEDWAY AV,7.17325228
SPEEDWELL ST,1.7258883250000001
SPENCER ST,3.211009174
SPICE ST,26.01568068
SPINNEY ST,24.61956522
SPRAGUE ST,8.715450519553192
SPRING GARDEN ST,9.480932203
SPRING HILL RD,6.048387097
SPRING PARK AV,17.036764465813953
SPRING RD,6.020558003
SPRING ST,12.04819277
SPRING VALLEY RD,12.04819277
SPRINGDALE ST,12.186115210000002
SPRINGER ST,14.84751204
SPRINGVALE AV,12.04819277
SPRUCE CT,26.28465804
SPRUCE PL,26.28465804
SPRUCE ST,26.28465804
ST ALBANS RD,2.188081937
ST ALPHONSUS ST,1.9270474877500001
ST ANDREW RD,6.572379368
ST BOTOLPH ST,10.311438255984848
ST BRENDAN RD,3.303143314
ST CECELIA ST,4.884157796
ST CHARLES ST,27.31762918
ST CLARE RD,4.043126685
ST CYPRIANS PL,1.637554585
ST EDWARD RD,6.572379368
ST FRANCIS DE SALES CT,1.56133829
ST GERMAIN ST,4.884157796
ST GREGORY ST,6.57306956
ST JAMES AV,29.435748916666668
ST JAMES PL,2.694235589
ST JAMES ST,3.57485881684375
ST JOHN ST,16.70182841
ST JOSEPH ST,11.58759124
ST LUKES RD,0.829875519
ST MARGARET ST,7.489994282
ST MARKS RD,4.043126685
ST MARTIN ST,26.01568068
ST MARYS ST,6.125406684142858
ST PAULS AV,28.63113898
ST PETER ST,17.54901961
ST RICHARD ST,2.694235589
ST ROSE ST,11.58759124
ST STEPHEN ST,2.490272374
ST THERESA AV,16.43600204452
ST THOMAS MORE RD,8.183401045
ST WILLIAM ST,9.480932203
STACEY ST,18.40490798
STADIUM WY,5.614035088
STAFFORD ST,2.251655629
STANBRO ST,9.868421053
STANDARD ST,3.322945191096774
STANDISH ST,0.618458611
STANHOPE ST,27.89165447
STANIFORD ST,21.765478496666663
STANLEY ST,3.9898996498965515
STANTON ST,7.407407407
STANWOOD ST,0.13281230051612902
STANWOOD TE,1.029295329
STAR ST,7.283236994
STARBIRD AV,6.128702758
STARR LA,16.70182841
STATE ST,24.10236822
STATION ST,0.4540071061666667
STEARNS RD,6.020558003
STEDMAN ST,6.508549366
STELLA RD,5.446623094
STELLMAN RD,3.918824353
STILLINGS ST,30.10928962
STILLMAN PL,12.57367387
STILLMAN ST,12.57367387
STIMSON RD,6.0205580030000005
STIMSON ST,7.760377385538461
STOCK ST,3.3031433140000006
STOCKTON ST,1.053799224
STOCKWELL ST,2.188081937
STONE TE,6.57306956
STONECREST RD,5.054151625
STONEHILL RD,7.610520425000001
STONEHILL TE,7.610520425
STONEHOLM ST,4.736842105
STONEHURST ST,1.7258883250000001
STONLEY RD,6.508549366
STONY BROOK ,6.508549366
STONY BROOK RESERVATION ,1.4944769333333334
STOREY PL,16.70182841
STORY ST,14.84751204
STOUGHTON ST,9.87432675
STOUGHTON STREET PL,9.87432675
STOUGHTON TE,9.87432675
STOW RD,2.697921274
STRATFORD ST,24.61956522
STRATHCONA RD,0.0
STRATHMORE RD,4.689840134034483
STRATTON ST,1.55180283
STREET A ,26.015680679999996
STREET C ,26.01568068
STRONG PL,15.27777778
STUART ST,22.237695074384614
STURBRIDGE ST,6.57306956
STURGES RD,24.619565219999995
STURTEVANT ST,4.186655037
SUDAN ST,9.480932203
SULLIVAN ST,23.008365983103445
SUMMER ST,19.524012348135592
SUMMIT AV,1.419257083
SUMMIT CI,6.048387097
SUMMIT ST,6.048387097
SUMNER ,9.87432675
SUMNER AV,8.707709373
SUMNER PK,9.87432675
SUMNER PL,4.523424879
SUMNER SQ,9.87432675
SUMNER ST,6.001341126837838
SUMNER TE,9.87432675
SUN COURT ST,14.54664057
SUNAPEE LA,6.0205580030000005
SUNCREST RD,3.747927032
SUNDERLAND ST,5.358686258
SUNNYBANK RD,20.4825462
SUNNYSIDE ST,5.710767041202899
SUNSET AV,8.108108108
SUNSET HILL PA,17.04918033
SUNSET HILL RD,17.04918033
SUNSET LA,12.75362319
SUNSET LN,12.75362319
SUNSET ST,2.188081937
SUPPLE RD,0.6655574039999999
SURREY ST,9.171800137
SURREYHILL LA,28.631138979999996
SUSANNA CT,7.610520425
SUSSEX ST,1.56133829
SUTHERLAND RD,3.1986934844615384
SUTTON ST,1.8726591760000002
SWALLOW ST,19.20529801
SWAN AV,7.575000804222223
SWAN CT,12.75362319
SWAN ST,24.61956522
SWIFT ST,3.390804598
SWIFT TE,3.8230947559999997
SYCAMORE ST,5.618392582897059
SYDNEY ST,9.480932203
SYLVESTER RD,3.303143314
SYLVIA ST,5.15970516
SYMMES ST,11.95505618
SYMPHONY RD,2.490272374
TABER ST,1.063829787
TACOMA ST,3.2359848345000004
TAFT CT,8.707709373
TAFT ST,9.480932203
TAFTHILL PK,11.95505618
TAFTHILL TE,11.95505618
TAFTS AV,
TAI TUNG ST,9.085714286
TALBOT AV,4.846825911736364
TALBOT PL,7.069846678
TAMPA ST,3.747927032
TANGLEWOOD RD,6.57306956
TAPPAN ST,11.955056179999998
TARLETON RD,10.87570621
TAUNTON AV,3.747927032
TAVERN RD,0.362756953
TAYLOR ST,16.814765202083333
TAYLOR TE,6.57306956
TCHAPITOULAS ST,3.747927032
TEARSEN ST,2.724042637
TEBROC ST,1.725888325
TELEGRAPH ST,5.752840908999999
TELFORD ST,7.17325228
TEMPLE PL,23.96356784
TEMPLE ST,13.177096209527027
TEMPLE TE,10.87570621
TEMPLETON WY,4.043126685
TENEAN ST,9.10099889
TENNIS RD,1.8726591759999998
TENNYSON ST,24.619565220000002
TERAGRAM ST,6.572379368
TERESA TE,6.048387097
TERMINAL ST,20.1460338
TERMINE AV,17.54901961
TERRACE PL,3.695324284
TERRACE ST,3.695324284
TESLA ST,5.054151625
TETLOW ST,1.785714286
THACHER CT,12.57367387
THACHER ST,12.05746577888889
THANE ST,3.211009174
THATCHER ST,4.948937000707318
THATCHER TE,9.87432675
THELMA RD,4.186655037
THEODORE A GLYNN WY,0.0
THEODORE PARKER RD,20.4825462
THEODORE ST,1.159114858
THETFORD AV,7.407407407000001
THIRD AV,19.04547501
THIRD STREET PL,30.10928962
THIRTEENTH ST,19.04547501
THIRTY FOOT ,14.84751204
THIRTY FT ST ZZ ,12.04819277
THOMAS PK,14.84751204
THOMAS ST,29.69432314
THOMPSON ISLAND ,
THOMPSON PL,30.10928962
THOMPSON SQ,21.141636445
THOMPSON ST,7.149276762878787
THOMSON PL,30.10928962
THORN ST,3.747927032
THORNDIKE ST,1.063829787
THORNLEY ST,9.480932203
THORNTON PL,3.951701427
THORNTON ST,3.875238068561403
THORNTON TE,3.951701427
THRUSH ST,6.020558003
THURLOW ST,20.4825462
THURSTON ST,6.572379368
THWING ST,3.695324284
TICKNOR ST,12.89156627
TIDE ST,
TILESBORO ST,4.186655037
TILESTON PL,14.54664057
TILESTON ST,10.347140860777778
TILMAN ST,7.069846678
TINA AV,3.747927032
TIP TOP ST,10.53122088
TIVERTON RD,2.697921274
TOBIN BRIDGE ,
TOBIN RD,6.020558003
TOLAND TE,1.991798477
TOLEDO TE,1.991798477
TOLL GATE WY,8.108108108
TOLMAN ST,9.10099889
TONAWANDA ST,1.991798477
TOPALIAN ST,5.054151625
TOPEKA ST,0.0
TOPLIFF ST,1.725888325
TORPIE ST,2.202339986
TORREY ST,7.069846677999999
TOVAR ST,4.817073171
TOWER ST,8.108108108
TOWNSEND ST,2.711260806142857
TRACTON AV,3.747927032
TRAIN ST,4.088976019666666
TRANSIT ST,27.97593468
TRAPELO ST,8.194233687
TRAVELER ST,7.411273486
TRAVIS ST,3.987846563
TREADWAY RD,9.480932203
TRELAWNEY RD,3.747927032
TREMLETT ST,7.082630691
TREMONT PL,14.78382148
TREMONT ST,13.30562018024765
TRENT ST,4.817073171
TRENTON ST,4.215557246902778
TRESCOTT ST,9.87432675
TRIDENT ST,3.390804598
TRILLING WY,30.10928962
TRINITY PL,29.382916674999997
TRINITY TE,4.42804428
TRULL ST,4.817073171
TRUMAN HW,6.326931239625
TRUMAN PW,6.048387097
TUCKER ST,1.55180283
TUCKERMAN ST,27.975934680000005
TUDOR ST,15.1240458
TUFTS ST,19.04547501
TUPELO ST,5.971223022
TURNER ST,11.22379986
TURTLE POND PW,7.610520424999999
TUTTLE ST,9.480932203
TYLER ST,7.802336600507043
TYNDALE ST,11.95505618
UFFORD ST,7.407407407
UNDINE RD,11.05845182
UNION AV,6.508549366
UNION PARK ST,18.73292552761905
UNION PK,26.63082090814815
UNION ST,11.899416423954545
UNITY CT,14.546640570000001
UNITY ST,14.546640569999997
UNIVERSITY RD,7.660455487
UPCREST RD,11.223799859999998
UPHAM AV,9.87432675
UPHAM CT,9.87432675
UPLAND AV,7.082630691
UPTON ST,17.96559358652174
UTICA ST,23.96356784
VALE ST,3.951701427
VALENCIA RD,13.4502924
VALENTINE ST,3.951701427
VALLARO RD,7.610520425
VALLEY RD,6.57306956
VAN BRUNT ,6.048387097
VAN BRUNT ST,6.048387097
VAN NESS ST,4.840848806
VAN WINKLE ST,12.75362319
VANCOUVER ST,1.530612245142857
VANDERBILT AV,3.7479270320000007
VARICK RD,10.87570621
VARNEY ST,8.108108108
VASSAR ST,4.42804428
VAUGHAN AV,0.0
VENDEN PL,18.40490798
VENICE ST,1.830065359
VENTURA ST,12.75362319
VERA ST,1.053799224
VERDUN ST,12.75362319
VERMONT ST,14.554921525319148
VERNDALE ST,2.697921274
VERNON PL,18.16911251
VERNON ST,5.8716792475
VERONA ST,16.70182841
VERRILL ST,1.872659176
VERSHIRE ST,24.61956522
VESPER ST,10.87570621
VESTA RD,0.618458611
VFW PW,12.309495976136363
VICKSBURG ST,19.29212363
VICTOR ST,4.829770388
VICTORIA HEIGHTS RD,3.747927032
VICTORIA ST,9.480932203
VICTORY RD,4.484494058393939
VIENNA ST,2.569303584
VIEW SOUTH AV,11.58759124
VIKING ST,20.80808081
VIKING TE,2.697921274
VILLAGE CT,7.411273486
VINAL ST,2.110947472
VINCENT RD,17.04918033
VINE AV,0.0
VINE ST,3.9623087156250003
VINELAND ST,7.17325228
VINING ST,2.188081937
VINSON ST,7.082630691
VINTON ST,27.97593468
VIOLANTE ST,5.054151625
VIOLET ST,2.697921274
VIRGIL RD,20.4825462
VIRGINIA ST,2.481902792
VISTA ST,7.283236994
VOGEL ST,12.04819277
VON HILLERN ST,7.489994282
VOSE AV,6.048387097
W BELLFLOWER ST,7.489994282
W BOUNDARY RD,3.879849812
W BROADWAY ,23.55584618233645
W BROADWAY ST,27.97593468
W BROOKLINE ST,33.99564636536586
W CANTON ST,34.35726533409091
W CEDAR ST,22.309951279444444
W CONCORD ST,20.682764102222222
W COTTAGE ST,3.4728678832631577
W DEDHAM ST,25.93103448
W EAGLE ST,3.2837352489999994
W EIGHTH ST,15.1240458
W FIFTH ST,15.482498302787878
W FIRST ST,27.172825376363633
W FOURTH ST,18.337018020000002
W HAVEN ST,25.93103448
W HILL PL,15.27777778
W HOWELL ST,7.489994282
W MILTON ST,7.610520425
W NEWTON ST,31.525102121950617
W NINTH ST,15.124045800000001
W PARK ST,0.618458611
W ROXBURY PW,18.029415661827958
W RUTLAND SQ,22.6744186
W SCHOOL ST,18.40490798
W SECOND ST,26.754365498269234
W SELDEN ST,2.697921274
W SEVENTH ST,15.1240458
W SIXTH ST,15.838039626666667
W SORRENTO ST,3.987846563
W SPRINGFIELD ST,21.353002699574468
W THIRD ST,26.68437003117647
W TREMLETT ST,3.211009174
W WALNUT PK,0.627802691
WABASH ST,5.054151625
WABENO ST,5.358686258
WABON ST,5.358686258
WACHUSETT ST,6.279954858613636
WADE ST,8.183401045
WADLEIGH PL,27.975934680000005
WADSWORTH ST,3.987846563
WAINWRIGHT ST,7.069846678
WAIT ST,2.188081937
WAKEFIELD AV,6.048387097
WAKULLAH ST,2.694235589
WALBRIDGE ST,2.110947472
WALDECK ST,3.931163129952381
WALDEMAR AV,6.232428711034483
WALDEN ST,2.242152466
WALDO TE,6.308919507
WALDORF ST,7.069846678
WALDREN RD,0.627802691
WALES PL,3.726708075
WALES ST,0.618458611
WALK HILL ST,2.888377962300813
WALKER ST,22.127486355294117
WALL ST,26.01568068
WALLACE CT,25.625
WALLACE PK,6.128702758
WALLEY ST,6.572379368
WALLINGFORD RD,6.573317774999999
WALNUT AV,2.8948081258105263
WALNUT CT,6.355243189571428
WALNUT PK,0.627802691
WALNUT RD,6.020558003
WALNUT ST,9.4052374567
WALTER ST,10.245609227592592
WALTHAM ST,24.881310257777777
WALTON ST,7.069846678
WALWORTH ST,10.127782163318841
WARD CT,27.97593468
WARD ST,23.4997851312
WARDMAN RD,0.627802691
WARE ST,4.817073171
WAREHAM ST,16.48351648
WARNER ST,0.618458611
WARREN AV,18.95708999938393
WARREN PK,6.048387097
WARREN PL,0.0
WARREN SQ,16.70182841
WARREN ST,7.0588828717579615
WARRENTON ST,9.085714286
WARWICK ST,1.56133829
WASHBURN ST,7.4441135363
WASHINGTON AV,7.489994282
WASHINGTON MA,24.10236822
WASHINGTON PL,26.06172934
WASHINGTON ST,7.1809032540408015
WASHINGTON STREET PL,6.048387097
WATER ST,16.02470781153846
WATERLOO ST,7.610520425
WATERLOW ST,4.42804428
WATERMAN RD,6.128702758000001
WAUMBECK ST,3.5170654867142854
WAVE AV,12.18611521
WAVERLY RD,6.020558003
WAVERLY ST,6.6355023487894735
WAY ST,2.724042637
WAYBURN RD,6.128702758
WAYLAND ST,4.573639377527273
WAYMOUNT ST,2.188081937
WAYNE ST,1.508916324
WEBB PK,14.84751204
WEBBER ST,1.063829787
WEBLEY ST,1.095461659
WEBSTER AV,5.526727264466667
WEBSTER PL,14.757690602250001
WEBSTER ST,5.015506279137931
WEDGEMERE RD,6.020558003
WEDGEWOOD RD,17.04918033
WEDMORE ST,12.18611521
WEEKS AV,5.499276411000001
WEITZ ST,7.17325228
WELD AV,0.627802691
WELD HILL ST,8.108108108
WELD ST,15.829321665365855
WELDON ST,5.358686258
WELLAND RD,10.87570621
WELLES AV,7.069846678
WELLESLEY PK,7.082630691
WELLINGTON HILL ST,0.0
WELLINGTON PL,26.01568068
WELLINGTON ST,22.6744186
WELLSMERE PK,8.707709373
WELLSMERE RD,8.707709373
WELLSMERE TE,8.707709373
WELTON RD,20.4825462
WENDELL PL,27.97593468
WENDELL ST,23.96356784
WENDELLER ST,27.97593468
WENDOVER ST,4.121212121
WENHAM ST,8.108108108
WENLOCK RD,3.303143314
WENONAH ST,5.358686258
WENSLEY ST,4.82069371
WENTWORTH ST,7.069846677999999
WENTWORTH TE,7.069846678
WESLEY PL,14.54664057
WESLEY ST,23.87836491
WEST SERVICE RD,27.97593468
WEST ST,6.910498683715279
WESTBOURNE ST,11.398601400000002
WESTBROOK ST,3.390804598
WESTCHESTER RD,28.631138980000003
WESTCOTT ST,0.618458611
WESTERLY ST,2.242152466
WESTERN AV,6.5118473134285715
WESTFORD PL,7.17325228
WESTFORD ST,7.17325228
WESTGATE RD,10.87570621
WESTGLOW ST,4.043126685
WESTLAND AV,3.40294132721875
WESTMINSTER AV,2.377223078368421
WESTMINSTER ST,4.162509461525424
WESTMINSTER TE,5.497331390428571
WESTMOOR CI,3.879849812
WESTMOOR RD,3.8798498119999993
WESTMOOR TE,3.8798498119999993
WESTMORE RD,0.0
WESTMORELAND ST,12.75362319
WESTMOUNT AV,20.4825462
WESTON ST,7.377859573653846
WESTOVER ST,10.87570621
WESTVILLE ST,1.917934545888889
WESTVILLE TE,1.991798477
WESTWOOD ST,3.726708075
WEYANOKE ST,12.75362319
WEYBOSSET ST,3.747927032
WEYMOUTH AV,6.020558003
WHARF ST,23.96356784
WHARTON CT,7.610520425
WHEATLAND AV,3.211009174
WHEATLEY WY,1.063829787
WHEELOCK AV,9.87432675
WHIPPLE AV,5.530087335692307
WHITBY ST,6.572379368
WHITBY TE,9.87432675
WHITCOMB AV,28.63113898
WHITE OAK RD,24.619565219999995
WHITE ST,3.172875163051724
WHITE STREET PL,3.283735249
WHITFIELD ST,4.17571855
WHITFORD ST,7.3451705756956525
WHITING ST,4.691675231571429
WHITMAN ST,7.069846678
WHITRIDGE ST,3.303143314
WHITTEMORE ST,20.4825462
WHITTEMORE TE,4.817073171
WHITTEN ST,4.186655037
WICHITA TE,6.57306956
WIDETT CI,27.97593468
WIGET ST,12.57367387
WIGGIN ST,14.54664057
WIGGLESWORTH ST,2.202339986
WILBERT RD,0.618458611
WILBUR CT,6.5830721
WILBUR ST,9.87432675
WILCOCK ST,1.55180283
WILCOX RD,12.75362319
WILCUTT RD,4.42804428
WILDWOOD ST,1.4623711931499999
WILKES ST,25.93103448
WILKINS PL,8.707709373
WILKINSON PK,3.314917127
WILLARD ST,23.05570877
WILLERS ST,3.8798498120000002
WILLET ST,6.020558003
WILLIAM E DOUCETTE SQ,9.10099889
WILLIAM J DAY BL,
WILLIAM JACKSON AV,8.194233687
WILLIAMS AV,6.048387097
WILLIAMS ST,6.011312727291666
WILLIS ST,9.87432675
WILLISTON RD,0.727566694
WILLOUGHBY PL,3.695324284
WILLOUGHBY ST,8.194233687
WILLOW AV,5.499276411
WILLOW CT,7.489994281999999
WILLOW ST,16.18173383909091
WILLOW TE,20.4825462
WILLOWDEAN AV,17.04918033
WILLOWWOOD ST,1.159114858
WILMINGTON AV,2.6875841853428573
WILMORE ST,1.872659176
WILMOT ST,4.455717057833334
WILNA CT,20.4825462
WILROSE ST,3.726708075
WILSON PK,0.727566694
WILTON ST,3.095749674058824
WILTON TE,3.987846563
WILTSHIRE RD,8.194233687
WINBOROUGH ST,3.747927032
WINCHESTER ST,27.31762918
WINCHESTER TE,28.63113898
WINDERMERE RD,9.87432675
WINDHAM RD,5.499276411
WINDOM ST,4.4757031204999995
WINDSOR ST,1.56133829
WINFIELD ST,14.847512040000002
WINGATE RD,9.868421053
WINSHIP PL,6.308919507
WINSHIP ST,6.3292578353076925
WINSLOW ST,11.7987640516
WINSTON RD,1.159114858
WINTER PL,23.96356784
WINTER ST,13.614780537405405
WINTHROP LA,23.96356784
WINTHROP SQ,23.96356784
WINTHROP ST,4.906964407141509
WINTON ST,1.68161435
WISE ST,8.236536431
WITHINGTON ST,7.069846678
WM C KELLY SQ,4.019368290142857
WM CARD OCONNELL WY,21.12036336
WM F MCCLELLAN HW,3.2734473102857145
WM T MORRISSEY BL,8.147916207407407
WOLCOTT CT,9.868421053
WOLCOTT SQ,9.868421053
WOLCOTT ST,3.3722820066470587
WOLFE ST,20.4825462
WOLLASTON TE,1.159114858
WOOD AV,3.415164603625
WOOD ST,18.40490798
WOODARD RD,24.61956522
WOODBINE ST,5.971223022
WOODBOURNE RD,6.128702758
WOODBRIER RD,6.020558003
WOODCLIFF ST,4.829770388000001
WOODDALE AV,2.697921274
WOODFIELD ST,3.303143314
WOODFORD ST,4.829770388
WOODGLEN RD,6.048387097000001
WOODHAVEN ST,5.054151625
WOODLAND AV,28.63113898
WOODLAND PL,2.724042637
WOODLAND RD,28.63113898
WOODLAWN ST,8.108108108
WOODLEDGE ST,4.829770388
WOODLEY AV,3.879849812
WOODMAN ST,11.58759124
WOODMERE ST,2.697921274
WOODMONT ST,10.53122088
WOODROW AV,1.755526683967213
WOODS PL,26.01568068
WOODSIDE AV,5.15970516
WOODSTOCK AV,2.110947472
WOODVILLE PK,2.251655629
WOODVILLE ST,2.251655629
WOODVILLE TE,2.251655629
WOODWARD AV,0.0
WOODWARD PARK ST,4.829770388
WOODWARD PL,27.97593468
WOODWARD ST,27.975934679999998
WOODWORTH ST,9.10099889
WOOLSEY SQ,16.70182841
WOOLSON ST,1.8726591760000002
WORCESTER SQ,19.54022989
WORCESTER ST,21.361821938064516
WORDSWORTH ST,3.390804598
WORLEY ST,10.87570621
WORMWOOD ST,27.97593468
WORRELL ST,4.186655037
WORTHINGTON ST,2.202339986
WREN ST,24.61956522
WRENTHAM ST,8.51608434972973
WRIGHT ST,7.283236994
WYCLIFF AV,12.048192770000002
WYMAN PL,8.236536431
WYMAN ST,8.236536431
WYOLA PL,0.343098443
WYOMING ST,5.3586862580000005
WYVERN ST,6.128702758
YALE TE,8.108108108
YARMOUTH ST,27.89165447
YEOMAN PL,0.0
YEOMAN ST,0.0
YORK ST,0.665557404
YORKTOWN ST,20.4825462
YOUNGS RD,5.054151625
YUILL CI,9.868421053
ZAMORA CT,9.558823529
ZAMORA ST,9.558823529
ZEIGLER ST,1.063829787
ZELLER ST,11.95505618
