,ct_perc_low_to_no_income
,mean
st_loc,
A ST,17.45599181903226
ABBOT ST,44.83608111
ABBOTSFORD ST,35.34510433
ABBY RD,17.20733427
ABERDEEN ST,28.20674441
ACACIA RD,8.194953634
ACADEMY HILL RD,28.006082797647057
ACADIA ST,12.2374685
ACHORN CI,19.23627685
ACKLEY PL,13.07612096
ACORN ST,6.677796327
ACTON ST,15.132924339999999
ADA ST,17.98561151
ADAIR RD,14.19304619
ADAMS PL,22.54078102
ADAMS ST,28.533009338696427
ADAMS TE,37.21903581
ADAMSON ST,41.5560472
ADANAC TE,15.578795529999999
ADDINGTON RD,6.417202845
ADDISON ST,22.96404989
ADELAIDE ST,11.09207709
ADELAIDE TE,11.09207709
ADELLA PL,42.17413186
ADIRONDACK PL,32.29371316
ADRIAN ST,35.91145122
AGASSIZ PK,7.758620689999999
AGAWAM ST,37.21903581
AGNES AV,21.620915030000003
AGUADILLA ST,28.27838828
AINSLEY ST,16.31742336
AINSWORTH ST,13.2952531
AKRON PL,40.62827225
AKRON ST,40.62827225
ALABAMA ST,27.70072993
ALAMEDA RD,4.260985353
ALARIC ST,8.194953634
ALARIC TE,8.194953634
ALASKA ST,43.58178054
ALBAN ST,20.9717816
ALBANO ST,12.63794009
ALBANY ST,46.47788177169231
ALBEMARLE CT,15.13292434
ALBEMARLE ST,18.524042293333334
ALBERT PL,37.21903581
ALBERTA ST,4.254356189
ALBION PL,15.83469722
ALBION ST,28.623296425000003
ALBRIGHT ST,6.417202845000001
ALCOTT ST,41.5560472
ALDER ST,12.63794009
ALDIE ST,29.381690735000003
ALDO TE,15.0
ALDRICH ST,19.61266523
ALDWIN RD,29.01098901
ALDWORTH ST,7.75862069
ALEXANDER ST,37.13973003
ALFORD ST,15.83469722
ALFRED ST,19.96174578
ALGER ST,16.88271605
ALGONQUIN ST,30.56994819
ALHAMBRA RD,4.260985353
ALICIA RD,22.4049332
ALKYRIS RD,9.858669424
ALLANDALE ST,7.010282126692308
ALLEGHANY ST,37.96998525461538
ALLEN RD,28.72586873
ALLEN ST,16.25056959257143
ALLENWOOD ST,4.254356189
ALLERTON ST,21.70149254
ALLEYNE ST,4.254356189
ALLSTATE RD,30.292397659999995
ALLSTON ST,26.29207576226415
ALMONT ST,39.072284136582276
ALNA PL,23.28709542
ALPHA RD,20.66288444
ALPHEUS RD,19.61904762
ALPINE PL,40.62827225
ALPINE ST,40.015131694516135
ALPINE WY,32.74981765
ALTACREST RD,8.194953634
ALTAIR RD,9.858669424
ALTHEA ST,37.21903581
ALTHER ST,21.70149254
ALVAH KITTREDGE PK,26.34032634
ALVAN TE,24.24242424
ALVARADO AV,15.13292434
ALVESTON ST,19.96174578
ALVESTON TE,19.96174578
ALWARD RD,5.355338497999999
ALWIN ST,15.13292434
AMBOY ST,41.5560472
AMBROSE ST,53.02430752
AMERICAN LEGION HW,23.269516686352944
AMESBURY ST,6.417202845
AMHERST ST,12.63794009
AMORET RD,9.858669424
AMORY AV,65.31512605
AMORY ST,29.378379599736842
ANAWAN AV,7.4163609915588244
ANAWAN TE,19.61266523
ANCHOR WY,0.0
ANDERSON PL,21.97862428
ANDERSON ST,20.278532285222223
ANDOVER RD,5.355338498
ANDRIA RD,21.62091503
ANGELL ST,44.83608111
ANITA TE,26.34032634
ANNABEL ST,24.24242424
ANNAFRAN ST,21.62091503
ANNAPOLIS ST,24.24242424
ANNAVOY ST,33.03791236
ANNUNCIATION RD,46.51222651
ANSEL RD,50.56261343
ANSELM TE,30.61951754
ANSON ST,35.50450712
ANSONIA RD,8.194953634
ANTHONY J GRIECO TE,36.98497334
ANTHONY R VALENTI WY,12.852941179999998
ANTRIM ST,33.03791236
ANTWERP ST,17.20733427
APPIAN PL,27.26465364
APPIAN WY,17.20733427
APPLETON ST,21.320224093333334
ARAMON ST,23.28709542
ARBELLA RD,22.4049332
ARBORCREST TE,29.624422569999997
ARBORETUM RD,29.010989009999996
ARBORFIELD RD,21.620915030000003
ARBOROUGH RD,13.2952531
ARBORVIEW RD,8.428805237
ARBORWAY ,21.9666561785
ARBORWAY ST,15.240542882413331
ARBORWAY TE,7.75862069
ARBROTH ST,16.31742336
ARBUTUS ST,50.56261343
ARCADIA PK,36.7239636
ARCADIA ST,30.593041434074074
ARCH ST,21.23009149
ARCHDALE RD,29.010989009999996
ARCOLA ST,20.35749752
ARDALE ST,13.2952531
ARDEE ST,23.28709542
ARDEN ST,41.5560472
ARDENT ST,19.61266523
ARDMORE RD,4.260985353
ARGUS PL,30.61951754
ARGYLE ST,20.9717816
ARGYLE TE,20.9717816
ARION ST,37.13973003
ARLINGTON AV,15.83469722
ARLINGTON CT,28.72586873
ARLINGTON ST,23.79041145147407
ARMANDINE ST,21.627630637288135
ARMINGTON ST,42.17413186
ARMORY ST,15.83469722
ARMSTRONG ST,32.26083226
ARNOLD PL,12.72224417
ARUNDEL ST,28.20674441
ARVALE RD,30.56994819
ASCOT ST,17.20733427
ASHBURTON PL,17.05665025
ASHCROFT ST,19.96174578
ASHEVILLE RD,19.61904762
ASHEVILLE ST,19.61904762
ASHFIELD ST,13.2952531
ASHFORD CT,41.5560472
ASHFORD ST,41.5560472
ASHFORD TE,41.5560472
ASHLAND AV,8.194953634
ASHLAND ST,37.21903581
ASHLEY ST,32.88527162607143
ASHMONT CT,11.22165664
ASHMONT PK,15.578795530000003
ASHMONT ST,16.587917180608695
ASHMORE RD,29.01098901
ASHTON ST,47.58717540181818
ASHWOOD TE,17.98561151
ASPEN ST,43.58178054
ASPINWALL RD,27.41099205
ASTICOU RD,29.01098901
ASTORIA ST,49.09008189
ATHELWOLD ST,27.41099205
ATHENS ST,11.778135158869565
ATHERSTONE ST,22.4049332
ATHERTON AV,13.053770798333334
ATHERTON PL,65.31512605
ATHERTON ST,40.50159863225
ATHOL ST,17.20733427
ATKINS ST,13.83211679
ATKINSON ST,21.70149254
ATLANTIC AV,18.937046649655173
ATLANTIC ST,12.39804241
ATLANTIS ST,6.417202845
ATWILL RD,4.260985353
ATWOOD SQ,19.23627685
AU BON PAIN WY,0.0
AUBURN PL,15.83469722
AUBURN SQ,15.83469722
AUBURN ST,15.83469722
AUBURN TE,15.83469722
AUCKLAND ST,31.515751884615383
AUGUSTUS AV,16.916077226
AURIGA ST,16.31742336
AUSTIN AV,33.03791236
AUSTIN ST,16.00530476455782
AUTUMN ST,28.504040115142857
AVALON RD,6.417202845
AVENUE DE LAFAYETTE ,21.23009149
AVENUE LOUIS PASTEUR ,3.8263731739999995
AVERBUCH TE,7.722007722
AVERTON ST,12.637940089999999
AVERY PL,15.83469722
AVERY ST,21.23009149
AVILA RD,12.72224417
AVON PL,19.73209686
AVON ST,8.428805237
AVONDALE ST,32.29371316
AYLES RD,21.32560326
AYR RD,16.54767571
B ST,15.669318862499999
BABBITT ST,8.57955789
BABCOCK ST,41.5560472
BABSON ST,36.2712330695122
BACK ST,13.996683343499999
BADGER PL,19.73209686
BADGER RD,15.0
BAGNAL ST,17.20733427
BAILEY ST,22.404933199999995
BAIRD ST,50.56261343
BAKER AV,37.13973003
BAKER CT,30.29239766
BAKER PL,6.417202845
BAKER ST,8.576378720740742
BAKERS AL,23.3374133
BAKERSFIELD ST,24.24242424
BALDWIN PL,26.4223853
BALDWIN ST,15.834697219999999
BALFOUR ST,35.91145122
BALINA PL,39.50953678
BALL ST,61.98320413
BALLARD ST,19.23627685
BALLARD WY,19.23627685
BALLIN PL,19.96174578
BALLOU AV,17.83279512
BALLOU PL,17.83279512
BALMORAL PK,10.59498956
BALSAM ST,50.56261343
BANCROFT ST,65.31512605
BANFIELD AV,29.62442257
BANGOR RD,6.417202845
BANKS ST,6.417202845
BANTON ST,20.9717816
BANTRY WY,10.59498956
BARBARA ST,19.96174578
BARCLAY RD,4.260985353
BARD AV,53.02430752
BARDWELL ST,19.23627685
BARKER ST,28.72586873
BARLOW ST,28.840895945
BARNA RD,22.4049332
BARNARD PL,12.2374685
BARNES AV,33.03791236
BARRETT AV,10.59498956
BARRINGTON RD,15.57879553
BARROWS ST,42.17413186
BARRY PK,33.86442642
BARRY ST,29.9989736293617
BARSTOW ST,23.21478577
BARTLETT AV,8.194953634
BARTLETT PL,24.02402402
BARTLETT SQ,35.50450712
BARTLETT ST,23.932407275
BARTON ST,12.85294118
BASILE ST,27.621985419999998
BASTO TE,13.295253100000002
BATCHELDER ST,39.60371511590909
BATEMAN ST,19.619047619999996
BATESWELL RD,15.57879553
BATTERY ST,13.159968479999998
BATTERYMARCH ST,21.23009149
BAXTER ST,14.40464178
BAY ST,31.907683161
BAY STATE PL,12.2374685
BAY STATE RD,12.6827915776
BAY VIEW PL,12.39804241
BAYARD ST,17.20733427
BAYSIDE ST,32.74981765
BAYSWATER ST,33.03791236
BEACH ST,30.681860299599997
BEACHVIEW RD,33.03791236
BEACON ST,14.102117966578312
BEAL PL,15.13292434
BEALE ST,15.578795529999999
BEARSE AV,15.57879553
BEAUFIELD ST,11.22165664
BEAUFORT RD,19.96174578
BEAUMONT ST,15.57879553
BEAVER PL,6.677796327
BEAVER ST,12.253076869675
BECKET ST,15.57879553
BECKLER AV,14.40182055
BEDFORD ST,21.23009149
BEECH GLEN ST,26.34032634
BEECH ST,21.180147685719458
BEECHCROFT ST,14.19304619
BEECHER ST,11.09207709
BEECHLAND CI,42.39873751
BEECHMONT FW,19.61904762
BEECHMONT ST,19.61904762
BEECHMONT TE,19.61904762
BEECHWOOD ST,33.86442642
BEETHOVEN ST,13.07612096
BELDEN SQ,43.65746299
BELDEN ST,43.65746299
BELFORT ST,29.54124666
BELGRADE AV,13.340680280359376
BELGRAVIA PL,13.15996848
BELL CT,14.40464178
BELLAIRE RD,5.355338498
BELLAMY ST,13.83211679
BELLE AV,8.194953634
BELLE ISLE INLET ,22.96404989
BELLEVUE HILL RD,4.254356189
BELLEVUE ST,15.412117409399999
BELLFLOWER ST,30.29239766
BELLINGHAM PL,21.97862428
BELLVISTA RD,26.45074224
BELMONT PL,23.28709542
BELMONT ST,15.83469722
BELMORE TE,11.09207709
BELNAP RD,15.13292434
BELNEL RD,21.62091503
BELTON ST,11.22165664
BELVIDERE ST,35.47963206
BENNET PL,40.33235582
BENNET ST,36.77654274
BENNETT ST,28.72586873
BENNINGTON ST,29.143692019081882
BENSON ST,17.20733427
BENTHAM RD,47.47474746999999
BENTLEY ST,23.21478577
BERKELEY ST,18.789985685142856
BERKSHIRE ST,15.57879553
BERNARD ST,45.449638144285714
BERNICE ST,37.21903581
BERRY ST,6.302521008
BERTRAM ST,41.5560472
BERTSON AV,4.260985353
BERWICK ST,6.417202845
BERYL ST,19.61266523
BEVERLY ST,12.85294118
BEXLEY RD,27.62198542
BICKFORD AV,38.57247617
BICKFORD ST,63.601823721578945
BICKNELL ST,44.83608111
BIGELOW CI,13.83211679
BIGELOW ST,13.908814287500002
BILLERICA ST,12.85294118
BILLINGS LA,8.428805237
BILLINGS ST,8.194953634
BILODEAU RD,74.42901926
BILTMORE ST,19.96174578
BINFORD ST,16.88271605
BINNEY ST,55.58282209
BIRCH RD,9.858669424
BIRCH ST,12.637940090000003
BIRCHCROFT RD,21.62091503
BIRCHLAND AV,8.194953634
BIRCHLAND TE,8.194953634
BIRCHWOOD ST,37.41922851
BIRD PL,4.260985353
BIRD ST,36.1262463790625
BISCOE PL,19.73209686
BISHOP JOE L SMITH WY,74.42901926
BISHOP ST,19.96174578
BISMARCK ST,20.388425445000003
BISPHAM ST,37.21903581
BLABAN PL,19.73209686
BLACKFAN CI,3.826373174
BLACKFAN ST,38.330672451333335
BLACKINTON ST,33.03791236
BLACKSTONE SQ,28.27838828
BLACKSTONE ST,17.05665025
BLACKWELL ST,6.302521008
BLACKWOOD ST,33.96308628
BLAINE ST,41.5560472
BLAKE ST,21.62091503
BLAKEMORE ST,26.365844000000003
BLAKEVILLE ST,33.86442642
BLANCHARD ST,26.34032634
BLANCHE ST,37.21903581
BLANDFORD ST,8.57955789
BLANVON RD,29.01098901
BLENFORD RD,33.48025388
BLOCK ST,27.99043062
BLOOMFIELD ST,36.7239636
BLOOMINGTON ST,6.302521008
BLOSSOM ST,22.54078102
BLUE HILL AV,40.70807779014583
BLUE LEDGE DR,42.39873751
BLUEFIELD TE,29.62442257
BLUEVIEW CI,37.41922851
BLUEVIEW RD,37.41922851
BOARD AL,23.337413299999998
BOARDMAN ST,31.4260943648
BOBOLINK ST,4.254356189
BODWELL ST,37.13973003
BOGANDALE RD,9.858669424
BOLSTER ST,32.26083226
BOLTON PL,19.73209686
BOLTON ST,10.768976630847058
BONAD RD,7.60847973773077
BONAIR ST,6.417202845
BOND ST,28.27838828
BONELL TE,33.34113791
BORDER ST,48.52029835653846
BOSTON AND MAINE RR ,19.399373555
BOSTON ST,28.295211037234044
BOSTON UNI BRIDGE ZZ ,9.082624544
BOSTON WHARF RD,6.957997454
BOSTONIA AV,23.99745385
BOTHWELL RD,14.19304619
BOULEVARD TE,26.45074224
BOURNE ST,14.14909414826087
BOURNEDALE RD,29.010989009999996
BOURNESIDE ST,20.66288444
BOUTWELL ST,16.31742336
BOW ST,15.0
BOWDITCH RD,8.428805237
BOWDOIN AV,30.56994819
BOWDOIN PK,35.56571655125
BOWDOIN SQ,17.05665025
BOWDOIN ST,37.13944574094675
BOWEN ST,14.404641779999999
BOWER ST,40.62827225
BOWKER ST,17.05665025
BOWMAN ST,6.302521008
BOXFORD TE,4.254356189
BOYD ST,36.7239636
BOYDEN ST,50.56261343
BOYLSTON PL,28.158207547272728
BOYLSTON ST,19.850152206156682
BOYNTON ST,35.50450712
BRACKETT ST,14.193046190000002
BRADBURY ST,37.12900848545455
BRADDOCK PK,22.36340534
BRADEEN ST,27.62198542
BRADEEN STREET FW,27.62198542
BRADFIELD AV,13.2952531
BRADFORD CI,13.2952531
BRADFORD RD,32.29371316
BRADFORD ST,28.278388280000005
BRADLEE CT,21.62091503
BRADLEE LA,21.62091503
BRADLEE PK,21.620915030000003
BRADLEE ST,23.88834506885714
BRADSHAW ST,39.41650916
BRADSTON ST,21.70149254
BRADSTREET AV,22.954143642857144
BRADWOOD ST,19.61266523
BRAEBURN RD,12.72224417
BRAEMORE RD,20.39800995
BRAEWOOD ST,12.72224417
BRAGDON ST,65.31512605
BRAHMS ST,19.61266523
BRAINARD ST,11.743610003076924
BRAINERD RD,31.577702043636368
BRAINTREE ST,41.5560472
BRANCH ST,6.677796327
BRANCHFIELD ST,15.578795529999999
BRANTON ST,11.22165664
BRAYTON RD,23.99745385
BRAYTON TE,23.99745385
BRECK AV,23.99745385
BREED ST,33.03791236
BREMEN ST,32.14331223721312
BREMEN TE,28.6933176425
BRENT ST,20.9717816
BRENTON ST,33.99693721
BRENTWOOD ST,17.20733427
BREWER ST,7.75862069
BREWSTER ST,12.39804241
BRIARCLIFF TE,29.62442257
BRIDGE CT,22.54078102
BRIER RD,4.254356189
BRIGHAM ST,23.28709542
BRIGHTON AV,46.233171881090904
BRIGHTON ST,15.83469722
BRIMMER ST,6.677796327
BRINSLEY ST,74.42901926
BRINTON ST,37.91002812
BROAD ST,19.317264255
BROADLAWN PK,6.417202845
BROADWAY ST,34.70762641555555
BROCK ST,20.756256369354837
BROCKTON ST,27.70072993
BROMFIELD ST,21.23009149
BROMLEY ST,64.99234303
BRONX RD,8.194953634
BROOK AV,36.32029263230769
BROOK FARM RD,6.49914252545238
BROOK MARSHALL RD,59.4048862
BROOK ST,10.02079002
BROOKDALE ST,27.62198542
BROOKFIELD ST,13.295253099999998
BROOKFORD ST,35.91145122
BROOKLEDGE ST,63.62189055000001
BROOKLEY RD,35.50450712
BROOKLINE AV,26.915237973395346
BROOKS ST,27.11123794283688
BROOKSDALE RD,14.19304619
BROOKSIDE AV,13.666341648421053
BROOKVALE ST,15.57879553
BROOKVIEW ST,50.56261343
BROOKWAY RD,29.010989009999996
BROOKWAY TE,27.62198542
BROWN AV,24.409860783333333
BROWN TE,19.96174578
BROWNING AV,44.83608111
BROWNSON TE,5.355338498
BRUCE ST,15.57879553
BRUCEWOOD ST,6.417202845
BRUNSWICK ST,45.46613172736841
BRUSH HILL TE,15.0
BRUSHWOOD CI,15.0
BRYANT RD,9.858669424
BUCHANAN RD,5.355338498
BUCKINGHAM ST,15.855972439999999
BUCKLEY AV,32.26083226
BUCKNAM ST,38.57247617
BUICK ST,9.082624544
BULLARD ST,30.569948190000005
BUMSTEAD CT,21.23009149
BUNGALOW RD,9.858669424
BUNKER HILL CT,15.83469722
BUNKER HILL ST,22.548734120408163
BUNKER ST,15.13292434
BURARD ST,4.260985353
BURBANK ST,53.71295371
BURGOYNE ST,15.57879553
BURKE ST,33.34113791
BURLEY ST,19.54359873285714
BURLINGTON AV,28.20674441
BURMAH ST,27.70072993
BURNETT ST,35.50450712
BURNEY ST,43.13872255
BURNSIDE AV,5.355338497999999
BURR ST,11.09207709
BURRAGE ST,19.96174578
BURRELL ST,36.79727428
BURRILL PL,12.39804241
BURROUGHS ST,7.75862069
BURRWOOD RD,5.355338498
BURT ST,22.4049332
BURTON AV,43.58178053999999
BURTON ST,13.83211679
BURWELL RD,4.260985353
BUSHNELL ST,15.57879553
BUSINESS ST,15.728937547368423
BUSSEY PL,21.23009149
BUSSEY ST,0.0
BUSWELL ST,28.20674441
BUTLER ST,15.57879553
BUTTONWOOD CT,30.29239766
BUTTONWOOD ST,30.29239766
BYNNER ST,31.2142766208
BYRD AV,10.02079002
BYRON ST,20.027184493393438
C ST,12.393849650571429
CABOT ST,33.34113791
CADDY RD,32.29371316
CAHNERS PL,22.36340534
CALDER ST,44.83608111
CALDWELL ST,15.83469722
CALEDONIAN AV,8.194953634
CALL ST,21.313290244347826
CALLENDER ST,50.56261343
CALTHA RD,23.99745385
CALUMET ST,48.08294041227273
CALVIN RD,8.428805237
CAMBRIA ST,35.47963206
CAMBRIDGE (1L-1M) ST,9.082624544
CAMBRIDGE ST,29.211766777489586
CAMBRIDGE TE,42.17413186
CAMDEN ST,42.00436950125
CAMELIA RD,21.62091503
CAMELOT CT,42.17413186
CAMERON ST,35.81235698
CAMP RD,9.858669424
CANAAN ST,27.70072993
CANAL ST,12.85294118
CANDOR PL,19.96174578
CANTERBURY ST,19.043672152079207
CAPEN PL,39.50953678
CAPEN ST,39.50953678
CAPITAL ST,6.417202845
CARDINGTON ST,37.91002812
CAREY ST,29.01098901
CARLFORD RD,29.01098901
CARLISLE ST,36.76731794
CARLOS ST,50.56261343
CARLOTTA ST,37.21903581
CARLSON CI,5.355338498
CARLSON RD,15.0
CARMEL ST,43.13872255
CARMELA LA,22.4049332
CARMEN ST,30.56994819
CARNES PL,26.34032634
CAROL AV,39.45837513
CAROL CI,9.858669424
CAROLINA AV,19.96174578
CAROLINA PL,19.96174578
CARPENTER ST,16.88271605
CARROLL ST,6.417202844999999
CARROLTON RD,37.41922851
CARRUTH ST,15.57879553
CARSON ST,30.292397660000002
CARTER ST,15.83469722
CARVER ST,36.77654274
CARYLL ST,32.29371316
CASPAR ST,6.417202845
CASPIAN WY,32.74981765
CASS ST,8.194953634
CASSNET ST,37.21903581
CASTLE CT,36.01225204333333
CASTLE ISLAND TERMINAL ,0.0
CASTLE ROCK ST,32.74981765
CASTLEGATE RD,33.99693721
CASTLETON ST,28.929252178823532
CATAUMET ST,8.428805237
CATAWBA ST,40.62827225
CATHERINE ST,10.02079002
CATON ST,21.62091503
CAUSEWAY ST,13.696988082
CAWFIELD ST,43.65746299
CAZENOVE ST,24.328472760000004
CEDAR AV,30.56994819
CEDAR GROVE ,11.22165664
CEDAR LANE WY,6.677796327
CEDAR PK,26.34032634
CEDAR PL,37.13973003
CEDAR RD,9.858669424
CEDAR SQ,26.34032634
CEDAR ST,29.100795951355934
CEDARCREST CI,37.41922851
CEDARCREST LA,37.41922851
CEDARCREST RD,37.41922851
CEDARCREST TE,37.41922851
CEDARWOOD RD,8.428805237
CEDRIC ST,36.79727428
CEDRUS AV,12.63794009
CEFALO RD,4.260985353
CELIA RD,4.254356189
CEMETERY LA,32.29371316
CEMETERY RD,6.417202845
CEMETERY RD ISLAND ,6.417202845
CENACLE RD,30.61951754
CENTER PZ,17.05665025
CENTERVALE PK,20.66288444
CENTOLA ST,17.20733427
CENTRAL AV,21.66962931764706
CENTRAL ST,17.05665025
CENTRE AV,20.74010873
CENTRE CT,37.21903581
CENTRE LA,9.858669424
CENTRE PL,24.718200082857145
CENTRE ST,15.592846320528063
CENTRE STREET TE,26.34032634
CENTRE TE,9.858669424
CERDAN AV,5.355338498
CERINA RD,19.96174578
CEYLON ST,43.310349445
CHADWICK ST,21.70149254
CHAMBERLAIN ST,30.56994819
CHAMBLET ST,37.13973003
CHAMPLAIN CI,27.41099205
CHAMPNEY PL,21.97862428
CHAMPNEY ST,13.832116790000002
CHANDLER ST,24.32847276
CHANNEL CENTER ST,16.88271605
CHANNEL ST,6.957997454
CHAPEL PL,12.85294118
CHAPEL RD,21.3994312025
CHAPIN AV,4.260985353
CHAPPIE ST,15.834697220000002
CHARLAME PL,40.62827225
CHARLAME ST,40.62827225
CHARLEMONT ST,11.22165664
CHARLES PARK RD,8.194953634
CHARLES RD,39.50953678
CHARLES RIVER ,11.910362021000001
CHARLES RIVER AV,9.870848708
CHARLES RIVER DAM ,11.27039051
CHARLES RIVER SQ,21.97862428
CHARLES ST,19.10397041350867
CHARLES STREET PL,15.83469722
CHARLES STREET SOUTH ,32.1085164975
CHARLESGATE EAST ,21.31557036
CHARLESGATE ST,21.31557036
CHARLESGATE WEST ,28.210308074999997
CHARLESVIEW ST,13.83211679
CHARLOTTE ST,44.83608111
CHARME AV,10.02079002
CHARTER ST,22.333893981
CHASE ST,23.718122398
CHATHAM RO,17.05665025
CHATHAM ST,17.05665025
CHAUCER ST,22.96404989
CHAUNCY ST,21.23009149
CHEEVER CT,23.28709542
CHELLMAN ST,6.417202845
CHELMSFORD ST,11.22165664
CHELSEA CREEK ,
CHELSEA ST,31.916199198694805
CHELSEA TE,27.26465364
CHEMICAL LA,15.83469722
CHENEY ST,63.62189055
CHERITON RD,37.41922851
CHEROKEE ST,43.13872255
CHERRY RD,9.858669424
CHERYL LA,15.13292434
CHESBROUGH RD,6.417202845
CHESHIRE ST,19.96174578
CHESTER PK,27.700729930000005
CHESTER PL,4.260985353
CHESTER ST,52.3345948037037
CHESTERFIELD ST,15.132924339999999
CHESTERTON ST,21.70149254
CHESTNUT AV,24.853979513684212
CHESTNUT HILL AV,25.882809853333335
CHESTNUT HILL DR,23.21478577
CHESTNUT PL,21.588265775
CHESTNUT RD,9.858669424
CHESTNUT SQ,19.96174578
CHESTNUT ST,8.494830487991454
CHESTNUT TE,19.96174578
CHEVERUS RD,20.9717816
CHICKAMAUGA PK,26.34032634
CHICKATAWBUT ST,10.07036957719149
CHILCOTT PL,13.07612096
CHILD ST,17.798972627349396
CHILTON RD,6.417202845000001
CHIPMAN ST,20.9717816
CHISHOLM LA,17.98561151
CHISHOLM RD,17.98561151
CHISHOLM TE,17.98561151
CHISWICK RD,26.943718007352942
CHISWICK TE,30.619517539999997
CHITTICK RD,15.0
CHOCORUA ST,0.0
CHRISTOPHER ST,37.21903581
CHRISTY LA,15.13292434
CHURCH AV,14.40464178
CHURCH ST,18.16690028083761
CHURCHILL RD,4.254356189
CIRCUIT SQ,40.62827225
CIRCUIT ST,40.62827225
CITY HALL AV,17.05665025
CITY HALL SQ,17.05665025
CITY POINT CT,14.427860700000002
CITY SQ,12.343685936
CITY VIEW RD,39.45837513
CLANCY RD,32.29371316
CLAPP ST,30.292397659999995
CLARE AV,22.567871650714284
CLAREMONT PK,31.43550998
CLAREMONT ST,31.435509979999996
CLARENCE ST,21.70149254
CLARENDON PK,17.98561151
CLARENDON ST,15.391750416125001
CLARIDGE TE,20.9717816
CLARK ST,13.15996848
CLARKEN CT,15.83469722
CLARKSON ST,34.07165307531915
CLARKWOOD ST,49.09008189
CLARON ST,30.192174509999997
CLAXTON ST,29.01098901
CLAY ST,21.32560326
CLAYBOURNE ST,36.7239636
CLAYMONT TE,16.31742336
CLAYMOSS RD,33.48025388
CLAYTON PL,37.21903581
CLAYTON ST,37.21903581
CLEARWATER DR,32.29371316
CLEARWAY ST,35.47963206
CLEAVES ST,65.31512605
CLEMATIS ST,37.21903581
CLEMENT AV,4.254356189
CLEMENTINE PK,20.66288444
CLERMONT ST,22.4049332
CLEVELAND PK,53.02430752
CLEVELAND PL,29.73387922
CLEVELAND ST,16.231527183125
CLEVEMONT AV,41.5560472
CLIFFMONT ST,18.544888974615382
CLIFFORD ST,25.430537508666667
CLIFTON ST,39.50524350763158
CLIFTONDALE ST,12.63794009
CLINTON PL,15.83469722
CLINTON ST,17.05665025
CLIVE ST,11.09207709
CLOVER ST,11.22165664
COBDEN ST,37.91002812
CODMAN HILL AV,22.4049332
CODMAN PK,37.91002812
CODMAN ST,22.4049332
COFFEY ST,6.302521008
COHASSET ST,12.637940090000003
COLBERG AV,19.61266523
COLBERT ST,13.2952531
COLBORNE RD,33.48025388
COLBURN ST,38.57247617
COLBY RD,5.355338498
COLCHESTER ST,7.722007721999999
COLEBROOK ST,12.39804241
COLEMAN ST,34.14270221428571
COLERIDGE ST,23.269318449696968
COLEUS PK,49.48096885999999
COLGATE RD,29.010989009999996
COLLINS ST,21.62091503
COLLISTON RD,39.45837513
COLONIAL AV,20.9717816
COLORADO ST,29.588025691176473
COLUMBIA CI,62.46648794
COLUMBIA RD,34.13178928746836
COLUMBIA ST,21.62091503
COLUMBIA TE,33.86442642
COLUMBUS AV,43.520438067823136
COLUMBUS SQ,10.625
COLWELL AV,30.61951754
COMMERCIAL CT,29.73387922
COMMERCIAL ST,19.553929455357142
COMMERCIAL WHARF EAST ,17.05665025
COMMODORE TE,12.72224417
COMMON ST,9.870848708
COMMONWEALTH AV,26.16748965742195
COMMONWEALTH TE,26.450742240000004
COMO RD,15.13292434
CONCORD AV,30.369768699999998
CONCORD SQ,31.43550998
CONCORD ST,20.927746213499997
CONDOR ST,39.26489252873239
CONGRESS ST,11.184377802555556
CONGREVE ST,13.2952531
CONISTON RD,13.2952531
CONLEY ST,6.302521008
CONRAD ST,24.24242424
CONRY CR,8.428805237
CONSTANCE RD,8.194953634
CONSTITUTION PZ,9.870848708
CONSTITUTION RD,28.8171502566
CONVERSE ST,14.19304619
CONWAY ST,13.2952531
COOK ST,19.732096859999995
COOK STREET CT,19.73209686
COOKSON TE,29.62442257
COOLIDGE RD,26.297666195909095
COOPER ST,24.02402402
COPELAND PK,43.58178053999999
COPELAND PL,43.58178054
COPELAND ST,43.58178054
COPENGER ST,38.57247617
COPLEY ST,29.149660987692307
COPPERSMITH WY,68.14749
COPPS HILL TE,29.73387922
CORAL PL,19.73209686
CORBET ST,39.50953678
CORCORAN DR,15.0
CORDIS ST,19.749803189411764
COREY RD,32.77877986216216
COREY ST,5.6525534782905975
COREY TE,4.260985353
CORINNE RD,14.19304619
CORINTH ST,12.63794009
CORMAN RD,27.70072993
CORNAUBA ST,17.98561151
CORNAUBA XT,17.98561151
CORNELL ST,16.90791534862069
CORNHILL ST,17.05665025
CORNWALL ST,13.07612096
CORONA ST,36.7239636
CORONADO RD,21.62091503
CORTES ST,24.32847276
CORWIN ST,36.7239636
COTTAGE CT,35.91145122
COTTAGE PL,12.722244170000002
COTTAGE RD,9.858669424
COTTAGE ST,28.38503721869663
COTTING ST,12.85294118
COTTON ST,13.2952531
COTTRELL ST,30.292397659999995
COTUIT ST,6.417202845
COUNTRYSIDE DR,32.29371316
COURT SQ,17.05665025
COURT ST,17.05665025
COURTLAND RD,26.21236133
COURTNEY RD,5.567711367399999
COVENTRY ST,33.34113791
COVINGTON ST,12.39804241
COWING ST,4.254356189
COWPER ST,22.750327281714284
CRAFT PL,29.01098901
CRAGMERE TE,29.62442257
CRANDALL ST,17.98561151
CRANE ST,21.62091503
CRANMORE RD,15.0
CRANSTON ST,11.09207709
CRAWFORD ST,44.63887605909091
CREEK SQ,17.05665025
CREHORE RD,5.355338498
CREIGHTON ST,51.601889377
CRESCENT AV,30.085183591034482
CRESCENT ST,15.83469722
CREST ST,4.260985353
CRESTHILL RD,14.19304619
CRESTON PK,49.48096886
CRESTON ST,49.48096886
CRESTWAY RD,33.03791236
CRESTWOOD PK,35.34510433
CRICKET LA,6.417202845000001
CRISPUS ATTUCKS PL,40.62827225
CROCKERS LA,4.254356189
CROCKETT AV,11.22165664
CROFTLAND AV,22.4049332
CROMWELL RD,20.860178994545457
CROSBY PL,21.70149254
CROSBY SQ,19.96174578
CROSS RD,9.858669424
CROSS ST,19.788665032121212
CROSSLAND PL,23.21478577
CROSSMAN ST,29.62442257
CROSSTOWN AV,8.194953634
CROWELL ST,39.50953678
CROWN ST,21.62091503
CROYDON ST,27.700729930000005
CRYSTAL PL,15.83469722
CUFFLIN ST,13.83211679
CULBERT ST,27.70072993
CUMBERLAND ST,34.90190033428571
CUMMINGS HW,21.62091503
CUMMINGS RD,39.45837513
CUMMINGS ST,21.70149254
CUMMINGTON ST,8.57955789
CUMMINS HW,24.212822594136124
CUMSTON ST,28.27838828
CUNARD ST,33.34113791
CUNNINGHAM ST,35.91145122
CURLEW ST,9.858669424
CURLEY ST,10.020790020000002
CURRIER ST,27.742115742857145
CURTIS ST,22.96404989
CURVE ST,21.23009149
CUSHING AV,29.448893972999997
CUSHMAN RD,23.21478577
CUSTER ST,19.23627685
CUSTOM HOUSE ST,21.23009149
CUTHBERT RD,4.254356189
CUTLER CT,14.40182055
CUTTER RD,6.417202845000001
CYGNET ST,17.20733427
CYPHER ST,12.9128286116
CYPRESS ST,8.194953634
CYPRESS TE,8.194953634
D ST,14.488547608070174
DABNEY ST,40.62827225
DACIA ST,35.91145122
DACY ST,21.32560326
DADE ST,56.82656827
DAKOTA ST,36.7239636
DAKOTA TE,36.7239636
DALE ST,30.582334154842105
DALIN PL,35.91145122
DALKEITH ST,35.91145122
DALRYMPLE ST,13.07612096
DALTON ST,32.14059435
DALY ST,16.31742336
DAMON PL,15.13292434
DAMRELL ST,16.88271605
DANA AV,16.844465008941178
DANA RD,9.858669424
DANBURY RD,21.62091503
DANE ST,7.75862069
DANFORTH ST,32.26083226
DANIA ST,29.62442257
DANIA TE,29.624422569999997
DANIEL CT,15.13292434
DANNY RD,15.13292434
DANUBE ST,35.91145122
DANVILLE ST,4.254356189
DARLING ST,54.51967547
DARLINGTON ST,20.9717816
DARTMOUTH PL,10.625
DARTMOUTH ST,12.542941869540542
DAVID G MUGAR WY,6.677796327
DAVID RD,8.428805237
DAVIDSON AV,33.86442642
DAVIS CT,27.26465364
DAVISON ST,21.32560326
DAVITT ST,32.74981765
DAWES ST,24.24242424
DAWES TE,24.24242424
DAWSON ST,16.31742336
DAY ST,44.83467086419355
DAYTON ST,20.66288444
DEACONESS RD,55.58282209
DEAN ST,35.91145122
DEAN WY,14.4278607
DEARBORN ST,54.29172777
DECATUR ST,63.111825336923076
DECKARD ST,36.76731794
DEDHAM BRANCH ,15.13292434
DEDHAM LINE ,11.427466031
DEDHAM PARISH RD,9.082624544
DEDHAM PW,29.990460453333338
DEDHAM ST,14.502385825833334
DEER ISLAND ,65.23364486
DEER ST,32.74981765
DEERFIELD ST,14.947564125
DEERING RD,26.21236133
DEFOREST ST,19.61904762
DELANO CT,17.98561151
DELANO PK,17.98561151
DELANO ST,47.47474747
DELANY CI,30.61951754
DELAWARE PL,28.72586873
DELFORD ST,29.01098901
DELHI ST,29.62442257
DELL AV,21.32560326
DELL TE,21.32560326
DELLE AV,43.13872255
DELLMORE RD,22.68092268
DELMONT ST,11.22165664
DELNORE PL,29.624422569999997
DELORE CI,17.98561151
DELOS ST,9.858669424
DENBY RD,41.5560472
DENNIS ST,34.9674825539394
DENNISON ST,37.91002812
DENNY ST,32.74981765
DENT ST,4.260985353
DENTON TE,12.637940089999999
DENVIR ST,16.31742336
DERNE ST,13.03979678
DEROMA RD,9.858669424
DERRY RD,21.32560326
DESIGN CENTER PL,0.0
DESMOND RD,32.29371316
DESOTO RD,37.41922851
DESTEFANO RD,25.10970258
DEVENS ST,14.109998241714285
DEVER ST,33.86442642
DEVINE WY,16.88271605
DEVON ST,57.071465748421055
DEVONSHIRE ST,19.14337087
DEWAR ST,32.74981765
DEWEY ST,35.91145122
DEWEY TE,35.91145122
DEWITT DR,56.82656827
DEWOLF ST,35.81235698
DEXTER RO,19.73209686
DEXTER ST,16.88271605
DICKENS ST,37.21903581
DICKINSON RD,23.99745385
DIETZ CT,15.132924339999999
DIETZ RD,15.13292434
DIGHTON ST,30.61951754
DILLINGHAM ST,32.74981765
DIMOCK ST,65.31512605
DITSON ST,36.7239636
DIX ST,37.21903581
DIXFIELD ST,12.39804241
DIXWELL ST,65.31512605
DODGE RD,15.13292434
DOLANS CT,13.07612096
DOLPHIN WY,0.0
DON ST,50.56261343
DONALD RD,50.56261343
DONCASTER ST,17.98561151
DONNA TE,12.72224417
DONNYBROOK RD,14.19304619
DONWOOD TE,29.624422569999997
DOONE AV,29.624422569999997
DORCHESTER AV,29.821085379066666
DORCHESTER ST,26.22027110099099
DORIS ST,29.54124666
DORR ST,26.34032634
DORRANCE ST,15.83469722
DORSET ST,30.29239766
DOUGLAS CT,24.02402402
DOUGLAS ST,12.39804241
DOVE ST,35.91145122
DOW RD,6.417202845
DOWNER AV,35.81235698
DOWNER CT,35.81235698
DOWNEY CT,35.91145122
DOWNING ST,33.34113791
DR MARY M BEATTY CI,29.62442257
DRACUT ST,15.578795529999999
DRAKE PL,36.98497334
DRAPER RD,7.722007722
DRAPER ST,50.40098570884615
DRAYTON AV,37.13973003
DRAYTON ST,37.13973003
DRESDEN ST,11.09207709
DRESSER ST,12.2374685
DRIFTWOOD RD,8.428805237
DRISCOLL DR,22.4049332
DROMEY ST,35.91145122
DRUID ST,32.29371316
DRUMLIN RD,33.03791236
DRUMMOND ST,33.99693721
DRURY RD,15.13292434
DRYDOCK AV,0.0
DUDLEY PL,33.34113791
DUDLEY ST,38.45722044656109
DUDLEY TE,43.65746299
DUKE ST,26.21236133
DUMAS ST,17.83279512
DUNBAR AV,20.9717816
DUNBARTON RD,37.41922851
DUNBOY ST,14.04867443
DUNCAN PL,37.21903581
DUNCAN ST,37.21903581
DUNCAN TE,37.21903581
DUNCKLEE ST,28.72586873
DUNFORD ST,37.91002812
DUNGARVEN RD,35.50450712
DUNKELD ST,49.48096886
DUNLAP ST,27.41099205
DUNMORE ST,21.70149254
DUNNS TE,11.22165664
DUNREATH ST,43.58178054
DUNSTER RD,7.75862069
DUNWELL ST,8.194953634
DURANT ST,6.417202845
DURHAM ST,34.90190033428571
DURLAND ST,13.83211679
DURNELL AV,12.63794009
DUSTIN ST,23.21478577
DUVAL ST,17.20733427
DUXBURY RD,32.29371316
DWIGHT ST,28.278388279999998
DWINELL ST,6.417202845
DYER AV,6.957997454
DYER CT,39.50953678
DYER ST,39.50953678
E BERKELEY ST,51.62441144592593
E BOUNDARY RD,0.0
E BROADWAY ,13.010245854818653
E BROADWAY ST,14.40182055
E BROOKLINE ST,43.64508393
E CANTON ST,48.124043085
E CONCORD ST,43.64508393
E COTTAGE ST,37.396306652528736
E DEDHAM ST,52.60300224
E EAGLE ST,38.1032413
E EIGHTH ST,18.048930863719512
E FIFTH ST,13.66419067919598
E FIRST ST,5.505390333333334
E FOURTH ST,13.306563350121953
E INDIA RO,17.05665025
E NEWTON ST,43.64508393
E NINTH ST,64.26726921
E SECOND ST,12.602533866666667
E SERVICE RD,6.957997454
E SEVENTH ST,12.580904147278106
E SIXTH ST,13.260963160154638
E SPRINGFIELD ST,43.64508393
E ST,12.155486633818184
E THIRD ST,12.836175701333334
EAGLE PASS ZZ ,15.83469722
EAGLE SQ,38.1032413
EAGLE ST,9.858669424
EARHARDT RD,17.98561151
EARL ST,14.40464178
EARNSHAW ST,8.194953634
EAST SERVICE RD,6.957997454
EAST ST,61.39911917521739
EASTBOURNE ST,19.61266523
EASTBURN PL,30.61951754
EASTBURN ST,30.61951754
EASTERN AV,13.6310490364
EASTLAND RD,10.02079002
EASTMAN ST,43.657462990000006
EASTMONT RD,15.13292434
EASTON AV,7.722007722
EASTON ST,17.20733427
EASTWOOD CC,8.194953634
EASTWOOD CT,8.194953634
EATONIA ST,41.5560472
EDEN ST,19.73209686
EDGAR ST,46.51222651
EDGE HILL ST,64.99234303
EDGEBROOK RD,6.417202845
EDGEMERE RD,37.41922851
EDGEMONT ST,13.295253099999998
EDGERLY PL,24.32847276
EDGERLY RD,53.71295371
EDGEWATER DR,27.411214934761905
EDGEWAY TE,19.61904762
EDGEWOOD PK,43.58178054
EDGEWOOD ST,43.58178054
EDGEWORTH PL,27.74030354
EDINBORO ST,21.23009149
EDISON GREEN ,30.29239766
EDITH ST,15.0
EDNA RD,11.22165664
EDSON ST,25.452396032142854
EDSON TE,15.132924339999999
EDWARDSON ST,21.32560326
EDWIN ST,16.31742336
EGAN WY,28.72586873
EGLESTON ST,13.07612096
EGREMONT RD,39.45837513
EIGHTH ST,40.1025641
ELBA TE,33.86442642
ELBOW ST,36.98497334
ELDER ST,43.65746299
ELDON ST,20.493042720833333
ELDORA ST,55.58282209000001
ELDRIDGE RD,29.010989009999996
ELEANOR ST,42.17413186
ELECTRIC AV,14.193046189999999
ELENE ST,27.70072993
ELGIN ST,4.254356189
ELIOT PL,7.75862069
ELIOT ST,7.75862069
ELIOT TE,26.34032634
ELIZABETH ST,49.09008189
ELKINS ST,0.0
ELKO ST,23.21478577
ELLARD RD,21.32560326
ELLERY CT,16.88271605
ELLERY ST,17.914230019999998
ELLET ST,63.22498407
ELLINGTON ST,33.99693721
ELLIS ST,25.762239437333335
ELLISON AV,32.29371316
ELLSWOOD ST,6.417202845000001
ELLSWORTH ST,63.22498407
ELLWOOD ST,9.870848708
ELM HILL AV,55.484141274242425
ELM HILL PK,36.76731794
ELM LAWN ,37.21903581
ELM ST,22.037369339999998
ELMDALE ST,37.21903581
ELMER RD,15.578795530000003
ELMHURST ST,20.9717816
ELMIRA ST,25.495233891379307
ELMONT ST,30.56994819
ELMORE ST,39.540974598000005
ELMWOOD ST,26.34032634
ELTON ST,29.541246660000002
ELVEN RD,29.01098901
ELWELL RD,8.428805237
ELWYN RD,27.41099205
ELY RD,15.578795530000003
EMBANKMENT RD,21.97862428
EMBASSY RD,30.61951754
EMELIA TE,4.260985353
EMERALD CT,61.46256529
EMERSON PL,22.54078102
EMERSON ST,13.4278621275
EMERY RD,41.5560472
EMMET PL,27.74030354
EMMETT ST,12.333943597272729
EMMONS ST,36.98497334
EMMONSDALE RD,4.254356189
EMPIRE ST,41.5560472
EMROSE TE,37.13973003
ENDICOTT CT,24.02402402
ENDICOTT ST,25.832144833333334
ENDICOTT TE,20.66288444
ENFIELD ST,19.96174578
ENGLEWOOD AV,36.76299872764706
ENNIS RD,13.07612096
ENTERPRISE ST,30.292397659999995
EPPING ST,20.9717816
ERIC RD,41.5560472
ERICSSON ST,6.302521008
ERIE PL,13.07612096
ERIE ST,33.99693721
ERNEST AV,15.13292434
ERNST ST,65.31512605
ESKRIDGE ST,29.62442257
ESMOND ST,44.83608111
ESSEX ST,20.119252885675674
ESTABROOK RD,56.82656827
ESTELLA ST,26.21236133
ESTES AV,33.86442642
ESTHER RD,4.260985353
ESTRELLA ST,31.252753771666665
ETHEL ST,17.98561151
ETNA ST,24.345264325897435
EUCLID ST,20.9717816
EUGENIA RD,19.61266523
EULITA TE,23.21478577
EUNICE ST,33.86442642
EUSTIS ST,39.52552983444445
EUSTON RD,33.48025388
EUTAW ST,38.476068997349394
EVANDALE TE,32.74981765
EVANS RD,39.45837513
EVANS ST,39.50953678
EVANS WY,3.826373174
EVELYN ST,49.09008189
EVERDEAN ST,37.21903581
EVERETT AV,24.242424240000002
EVERETT CT,23.28709542
EVERETT PL,23.28709542
EVERETT SQ,17.20733427
EVERETT ST,25.31625949314815
EVERGREEN ST,20.35749752
EVERTON ST,33.86442642
EWER ST,16.88271605
EXETER ST,11.841386718142857
F ST,13.610650346818181
FABYAN ST,50.56261343
FACTORY ST,21.32560326
FAIRBANKS ST,14.19304619
FAIRBURY ST,35.91145122
FAIRFAX ST,15.57879553
FAIRFIELD ST,14.393048995000001
FAIRLAND ST,37.36290003
FAIRLANE RD,8.194953634
FAIRLAWN AV,27.70072993
FAIRMOUNT AV,16.265120652
FAIRMOUNT CT,21.32560326
FAIRMOUNT ST,30.95723499
FAIRVIEW AV,15.13292434
FAIRVIEW ST,13.2952531
FAIRWAY ST,27.700729930000005
FALCON ST,39.5744568832
FALKLAND ST,14.19304619
FALL RD,9.858669424
FALMOUTH ST,35.47963206
FAN PIER BL,6.957997454
FANEUIL HALL MARKETPLACE ,17.05665025
FANEUIL HALL SQ,17.05665025
FANEUIL ST,20.394233888640777
FARADAY ST,15.0
FARGO ST,5.5663979632
FARMINGTON RD,6.417202845
FARNHAM ST,21.70149254
FARNSWORTH ST,6.957997453999999
FARQUHAR ST,13.2952531
FARRAGUT RD,12.98507463
FARRAGUT ST,6.417202845
FARRAR AV,21.62091503
FARRIN ST,15.13292434
FARRINGTON AV,41.5560472
FARWELL AV,15.0
FAULKNER CI,20.66288444
FAULKNER ST,20.66288444
FAUNCE RD,29.62442257
FAVRE ST,27.70072993
FAWNDALE RD,27.621985419999998
FAXON ST,46.51222651
FAY ST,52.60300224
FAYETTE ST,24.32847276
FAYSTON ST,49.48096886
FAYWOOD AV,33.03791236
FEDERAL RD,6.417202845
FEDERAL ST,21.23009149
FELLOWS ST,56.82656827000001
FENCOURT ST,41.03489771
FENDALE AV,22.4049332
FENELON ST,33.99693721
FENENO TE,32.49323058
FENNER ST,37.91002812
FENSMERE RD,37.41922851
FENTON ST,37.21903581
FENWAY ST,19.592295776500002
FENWOOD RD,55.58282209
FERMOY HEIGHTS AV,44.83608111
FERN ST,17.20733427
FERNALD TE,35.81235698
FERNBORO ST,49.48096885999999
FERNCROFT RD,4.260985353
FERNDALE ST,20.971781600000003
FERNWOOD RD,4.254356189
FERRIN ST,46.32627646
FESSENDEN ST,49.09008189
FID KENNEDY AV,0.0
FID KENNEDY DR,0.0
FIDELIS WA,42.17413186
FIDELIS WY,42.17413186
FIELD ST,21.56827237
FIELDMONT ST,21.620915030000003
FIELDS CT,30.292397659999995
FIFIELD ST,35.81235698
FIFTH AV,40.1025641
FIFTH ST,40.1025641
FILOMENA RD,12.63794009
FIRST AV,40.1025641
FIRTH RD,27.62198542
FISHER AV,38.57247617
FISKE TE,32.49323058
FLAHERTY WY,63.97253038
FLAVIA ST,11.22165664
FLEET ST,17.521730545714288
FLETCHER ST,12.450581333829787
FLINT PL,10.59498956
FLINT ST,49.09008189
FLORAL PL,15.0
FLORENCE ST,24.530039558253968
FLORIAN ST,13.473553472727273
FLORIAN WY,10.02079002
FLORIDA ST,16.128031608717947
FLOYD ST,50.56261343
FOLLEN ST,12.106368089999998
FOLSOM AV,43.13872254999999
FOLSOM ST,33.66008937652174
FOODMART RD,16.88271605
FORBES ST,20.59641614591837
FORD ST,33.03791236
FORDHAM RD,62.34324614999999
FOREST HILLS ST,21.683460560416666
FOREST PL,20.125975996
FOREST ST,40.495181528
FORESTVALE RD,7.722007722
FORSTERS CT,19.76219762
FORSYTH ST,29.91111180142857
FORT AV,26.34032634
FORT AVENUE TE,26.34032634
FORT STRONG ,65.23364486
FOSSDALE RD,15.57879553
FOSTER CT,29.73387922
FOSTER ST,30.19718274075269
FOTTLER RD,40.29095859769231
FOUNDRY ST,16.88271605
FOUNTAIN PL,13.15996848
FOUNTAIN ST,40.62827225
FOURTH STREET PL,12.39804241
FOWLE ST,27.62198542
FOWLER ST,33.99693721
FOX POINT RD,32.74981765
FOX ST,63.22498406999999
FRANCESCA ST,6.417202845
FRANCIS ST,55.58282209
FRANCLAIRE DR,4.254356189
FRANCONIA ST,11.22165664
FRANKFORT ST,31.27831336925373
FRANKLIN HILL AV,44.83608111
FRANKLIN PL,29.01098901
FRANKLIN ST,21.476368457083336
FRANKLIN TE,15.0
FRAWLEY ST,55.58282209
FRAZER ST,18.07790613214286
FREDERICK ST,14.40464178
FREDERIKA ST,15.578795529999999
FREDONIA ST,36.7239636
FREELAND ST,29.62442257
FREEMAN AV,9.858669424
FREEMAN ST,27.087316104000003
FREEPORT ST,32.64713106427692
FREEPORT WY,32.74981765
FREMONT ST,29.62442257
FRENCH ST,29.62442257
FRENCH TE,26.34032634
FRESNO ST,12.63794009
FRIEND ST,12.85294118
FRIENDSHIP RD,21.62091503
FRONT ST,19.76219762
FRONTAGE RD,16.88271605
FRONTENAC ST,17.83279512
FROST AV,16.31742336
FRUEAN PL,32.74981765
FRUIT ST,22.54078102
FULDA ST,37.91002812
FULLER ST,27.685549070335572
FULTON ST,18.764231454
FURBUSH RD,6.417202845000001
FURNIVAL RD,8.428805237
G ST,12.38101184378788
GAINSBOROUGH ST,29.13862666888889
GALLIVAN BL,19.114989085450237
GALLUPS ISLAND ,65.23364486
GALTY AV,22.4049332
GANNETT ST,36.76731794
GARDEN COURT CT,23.3374133
GARDEN COURT ST,23.3374133
GARDEN ST,21.97862428
GARDENA ST,23.214785770000002
GARDENSIDE ST,27.62198542
GARDNER PL,11.090874439333334
GARDNER ST,22.63402887158242
GARDNER TE,41.5560472
GARFIELD AV,15.0
GARNER RD,16.31742336
GARNET RD,6.417202845
GARRISON ST,12.106368089999998
GARTH RD,4.260985353
GARTLAND ST,35.50450712
GARY ST,56.82656827
GASTON ST,36.76731793999999
GATES ST,64.26726921
GAY HEAD ST,64.99234303
GAY ST,26.34032634
GAYLAND ST,35.91145122
GAYLORD ST,30.56994819
GEM AV,30.61951754
GEN JOZEF PILSUDSKI WY,64.26726921
GEN WM H DEVINE WY,25.58326696
GENE ST,43.65746299
GENEVA AV,46.187248837637796
GENEVA ST,33.558807107619046
GEORGE ST,26.351821244788734
GEORGES ISLAND ,65.23364486
GEORGETOWNE DR,37.41922851
GEORGIA ST,63.62189055
GERAGHTY TE,21.62091503
GERALD RD,30.61951754
GERARD ST,21.70149254
GERMANIA ST,13.07612096
GERRISH ST,13.832116789999999
GERTRUDE RD,4.254356189
GIBSON ST,37.21903581
GIFFORD PL,16.88271605
GILLESPIES LA,29.62442257
GILLETTE PK,16.88271605
GILMAN ST,25.10970258
GILMER ST,26.21236133
GILMORE TE,4.254356189
GINITA ST,37.21903581
GLADE AV,13.07612096
GLADESIDE AV,29.624422569999997
GLADESIDE TE,29.62442257
GLADSTONE ST,33.03791236
GLEASON ST,44.83608111
GLEN RD,18.17348145090909
GLEN ST,35.81235698
GLENARM ST,33.99693721
GLENBURNE ST,36.76731794
GLENBURNIE RD,5.355338498
GLENCLIFF RD,19.61904762
GLENCOE ST,23.86314847117647
GLENDALE ST,36.19160642285714
GLENDON ST,38.1032413
GLENDOWER RD,17.98561151
GLENELLEN RD,8.194953634
GLENHAM ST,6.417202845
GLENHAVEN RD,8.194953634
GLENHILL RD,29.624422570000004
GLENLEY TE,23.99745385
GLENMONT RD,30.61951754
GLENMORE ST,32.29371316
GLENROSE RD,16.31742336
GLENSIDE AV,13.07612096
GLENVALE TE,19.96174578
GLENVILLE AV,30.360587636470587
GLENVILLE TE,62.343246150000006
GLENWAY ST,36.42148255605263
GLENWOOD AV,14.013045553058824
GLIDE ST,11.22165664
GLINES AV,13.076120960000003
GLORIA RD,13.2952531
GLOUCESTER ST,14.140595542941178
GLOVER CT,16.88271605
GLOVER PL,32.74981765
GOETHE ST,37.41922851
GOFF ST,19.61904762
GOLD ST,14.40464178
GOLDSMITH PL,19.96174578
GOLDSMITH ST,19.23627685
GOODALE RD,26.21236133
GOODENOUGH ST,27.222473294827587
GOODRICH RD,19.96174578
GOODRIDGE CT,29.73387922
GOODWAY RD,10.02079002
GOODWIN CT,16.88271605
GOODWIN PL,21.97862428
GORDON AV,12.72224417
GORDON PL,37.21903581
GORDON ST,33.96039047378379
GORE ST,26.34032634
GOULD ST,8.194953634
GOULDVILLE TE,35.91145122
GOVE ST,35.22383312275862
GRACE CT,14.4278607
GRACE ST,20.9717816
GRAFTON ST,30.29239766
GRAHAM TE,4.260985353
GRAMPIAN WY,32.74981765
GRANADA AV,17.98561151
GRANADA PK,13.076120960000003
GRANBY ST,8.57955789
GRANDVIEW ST,42.39873751
GRANFIELD AV,27.62198542
GRANGER ST,37.21903581
GRANITE AV,11.705783183333333
GRANT PL,32.29371316
GRANT RD,30.56994819
GRANT ST,29.541246660000002
GRANTLEY ST,21.32560326
GRANTS CT,15.83469722
GRANVILLE ST,11.22165664
GRASSMERE RD,19.61904762
GRAY ST,24.328472760000004
GRAYFIELD AV,4.260985353
GRAYSON ST,11.22165664
GREATON RD,4.260985353
GREEN HILL ST,37.21903581
GREEN ST,21.548882448461537
GREENBRIER ST,36.7239636
GREENBROOK RD,12.72224417
GREENDALE RD,26.21236133
GREENFIELD RD,23.402929742068967
GREENHEYS ST,49.48096886
GREENLEY PL,13.07612096
GREENMOUNT ST,32.74981765
GREENOCK ST,50.56261343
GREENOUGH AV,19.96174578
GREENOUGH LA,13.159968479999998
GREENOUGH PK,19.96174578
GREENS BLOCK ,15.83469722
GREENVIEW AV,19.96174578
GREENVILLE PK,53.02430752
GREENVILLE ST,53.02430752
GREENWICH CT,61.98320413
GREENWICH PK,31.43550998
GREENWICH ST,56.38445138164179
GREENWOOD AV,19.61904762
GREENWOOD CI,19.61904762
GREENWOOD PK,37.21903581
GREENWOOD SQ,19.61904762
GREENWOOD ST,33.99693721
GRETTER RD,5.355338498
GREW AV,18.276435791599997
GREW HILL RD,19.61904762
GREYCLIFF RD,30.61951754
GREYLOCK RD,32.49323058
GREYMERE RD,23.99745385
GRIGGS PL,42.17413186
GRIGGS ST,37.33368122
GRIMES ST,14.40464178
GROOM ST,43.65746299
GROTTO GLEN AV,20.35749752
GROTTO GLEN RD,20.35749752
GROUSE ST,9.858669424
GROVE PL,21.97862428
GROVE RD,9.858669424
GROVE ST,18.053958883074074
GROVE TE,9.858669424
GROVELAND ST,32.29371316
GROVENOR RD,19.96174578
GROVER AV,10.02079002
GUERNSEY ST,13.2952531
GUEST ST,17.20733427
GUILD RO,33.34113791
GUILD ST,26.34032634
GUILFORD ST,23.21478577
GURNEY ST,45.04877222111111
GUSTIN ST,14.40464178
GWINNETT ST,19.61904762
H ST,12.744939593
H STREET PL,12.2374685
HACKENSACK CI,5.355338498
HACKENSACK CT,5.355338497999999
HACKENSACK RD,5.355338498
HACKENSACK TE,5.355338498
HADWIN WY,25.10970258
HAGAR ST,7.75862069
HALBORN ST,29.624422569999997
HALE ST,12.72224417
HALEY ST,37.91002812
HALF MOON ST,37.13973003
HALFORD RD,4.260985353
HALIFAX ST,19.96174578
HALL PL,14.401820550000002
HALL ST,35.50450712
HALLAM ST,29.541246659999995
HALLECK ST,46.51222651
HALLET DAVIS ST,11.22165664
HALLET ST,11.22165664
HALLIDAY ST,10.02079002
HALLOWELL ST,27.70072993
HALLRON ST,19.61904762
HALSEY RD,15.0
HAMILTON PL,21.23009149
HAMILTON ST,32.32563971233871
HAMILTON TE,49.48096886
HAMLET ST,43.65746299
HAMMOND ST,61.98320413
HAMPDEN ST,27.39654980909091
HAMPSTEAD LA,19.23627685
HAMPSTEAD RD,19.23627685
HANCOCK ST,29.38395337198347
HANNON ST,17.83279512
HANO ST,41.5560472
HANOVER AV,13.159968479999998
HANOVER ST,20.22602761394737
HANSBOROUGH ST,50.56261343
HANSFORD ST,40.62827225
HANSON ST,28.27838828
HARBELL TE,37.21903581
HARBOR SHORE DR,6.957997454
HARBOR ST,1.7394993635
HARBOR VIEW ST,29.54124666
HARCOURT ST,12.10636809
HARDING RD,25.109702579999997
HARDWICK ST,13.83211679
HARDWICK TE,13.83211679
HARDY ST,10.59498956
HARLEM ST,33.99693721
HARLESTON ST,38.57247617
HARLEY ST,20.9717816
HARLOW ST,35.91145122
HARMON ST,27.70072993
HARMONY ST,22.96404989
HAROLD PK,40.62827225
HAROLD ST,36.347084452758615
HARRIET ST,28.725868729999995
HARRINGTON AV,26.34032634
HARRIS AV,19.96174578
HARRIS ST,13.159968479999998
HARRISHOF ST,35.61796856297872
HARRISON AV,44.7009014534188
HARRISON AV XT,21.23009149
HARRISON ST,27.621985420000005
HARROW ST,43.65746299
HARRY AGGANIS WY,9.082624544
HART PL,14.40182055
HARTFORD CT,37.13973003
HARTFORD ST,36.337588766326526
HARTFORD TE,35.91145122
HARTLAND ST,29.54124666
HARTLAWN RD,8.194953634
HARTLEY TE,41.5560472
HARTWELL ST,63.62189055
HARVARD AV,34.87306578060241
HARVARD PK,30.56994819
HARVARD PL,9.870848708
HARVARD SQ,9.870848708
HARVARD ST,34.91016299587736
HARVARD TE,41.5560472
HARVEST ST,30.292397659999995
HARVEST TE,30.292397659999995
HARVEY STEEL RD,17.20733427
HARWOOD ST,17.83279512
HASKELL ST,41.5560472
HASLET ST,12.63794009
HASTINGS ST,4.260985353
HATCH ST,14.40182055
HATHAWAY ST,19.23627685
HATHERLY RD,30.61951754
HATHON SQ,19.76219762
HAUL RD,16.88271605
HAUTEVALE ST,25.753424328181815
HAVANA ST,19.61266523
HAVELOCK ST,50.56261343
HAVEN ST,28.27838828
HAVERFORD ST,13.07612096
HAVERHILL ST,12.85294118
HAVEY ST,12.63794009
HAVILAND ST,53.712953709999994
HAVRE ST,32.356177630158726
HAWKINS ST,17.05665025
HAWLEY ST,21.23009149
HAWTHORNE ST,20.242564675833332
HAWTHORNE TE,17.98561151
HAYDEN ST,38.57247617
HAYDN ST,19.61266523
HAYES RD,12.63794009
HAYNES ST,27.74030354
HAZEL PK,43.58178054
HAZELMERE RD,13.2952531
HAZELTON ST,26.21236133
HAZELWOOD CT,35.34510433
HAZELWOOD ST,35.34510433
HAZLETON ST,26.21236133
HEATH ST,41.18812126595238
HEATHCOTE ST,17.98561151
HEBRON ST,25.56180080477612
HECLA ST,63.22498407
HEFFERAN ST,9.082624544
HELDUN ST,8.194953634
HELEN ST,44.83608111
HELENA RD,15.578795530000003
HEMENWAY ST,33.60450106310345
HEMLOCK RD,8.194953634
HEMMAN ST,17.98561151
HENCHMAN ST,15.527670014285714
HENDERSON RD,11.22165664
HENDRY ST,35.81235698
HENLEY ST,9.870848708
HENRICI ST,29.62442257
HENRY ST,27.74030354
HENSHAW ST,23.21478577
HENSHAW TE,4.260985353
HERALD ST,61.46256529
HERBERT ST,27.41099205
HERBERTSON RD,29.010989009999996
HEREFORD ST,13.386858920526317
HERON ST,9.858669424
HERRICK ST,17.20733427
HERSEY PL,21.23009149
HESSTON TE,24.24242424
HESTIA PK,40.62827225
HEWINS ST,33.99693721
HEWLETT ST,13.2952531
HIAWATHA RD,49.09008189
HICHBORN ST,17.20733427
HICKORY AV,46.32627646
HIGGINS ST,42.17413186
HIGH RD,9.858669424
HIGH ROCK WY,42.17413186
HIGH ST,22.1553342491358
HIGH VIEW AV,9.858669424
HIGHFIELD RD,17.98561151
HIGHFIELD TE,17.98561151
HIGHGATE ST,41.5560472
HIGHLAND AV,26.340326339999997
HIGHLAND PARK AV,26.34032634
HIGHLAND PARK ST,26.34032634
HIGHLAND ST,30.89582477546099
HIGHLAND TE,26.34032634
HILARY ST,19.73209686
HILBURN PL,17.98561151
HILBURN ST,17.98561151
HILDRETH ST,17.83279512
HILL ST,19.73209686
HILL TOP ST,11.221656640000003
HILLCREST ST,6.717229592125001
HILLCROFT RD,8.428805237
HILLIS RD,15.13292434
HILLOCK ST,19.61266523
HILLSBORO RD,26.212361330000004
HILLSBORO ST,43.65746299
HILLSDALE ST,15.57879553
HILLSIDE AV,29.010989009999996
HILLSIDE ST,51.31956576611111
HILLVIEW AV,17.98561151
HILTON ST,21.32560326
HILTON TE,65.31512605
HINCKLEY ST,24.242424239999995
HINSDALE ST,8.57955789
HOBART ST,14.19304619
HOBSON ST,15.071903331621622
HODGDON TE,4.260985353
HOLBORN PK,36.76731794
HOLBORN ST,36.76731794
HOLBROOK AV,6.302521008
HOLBROOK ST,7.75862069
HOLDEN CT,13.15996848
HOLDEN RO,19.732096859999995
HOLDEN ST,43.65746299
HOLIDAY ST,40.30755822333334
HOLLAND PL,36.77654274
HOLLANDER ST,35.34510433
HOLLINGSWORTH ST,26.71481400027027
HOLLIS PL,32.49323058
HOLLY RD,10.02079002
HOLLYWOOD RD,5.355338498
HOLMAN ST,41.5560472
HOLMES ST,17.20733427
HOLMFIELD AV,21.62091503
HOLTON ST,17.20733427
HOLWORTHY ST,35.34510433
HOLYOKE ST,22.363405340000003
HOMER ST,22.96404989
HOMES AV,46.69609321628571
HOMESTEAD ST,50.34911334469388
HOMEWOOD RD,4.254356189
HOOKER ST,41.5560472
HOOPER ST,20.66288444
HOOTEN CT,23.28709542
HOPEDALE ST,37.496869368
HOPESTILL ST,27.410992049999997
HOPEWELL RD,21.62091503
HOPKINS PL,29.62442257
HOPKINS RD,8.428805237
HOPKINS ST,39.50953678
HORACE ST,22.96404989
HORADAN WY,46.51222651
HORAN WY,64.99234303
HORTON ST,0.0
HOSMER ST,49.09008189
HOUGHTON ST,37.21903581
HOUSTON ST,4.260985353
HOWARD AV,35.91145122
HOWARD PL,30.518333099999996
HOWARD ST,21.70149254
HOWE AV,12.39804241
HOWE ST,35.81235698
HOWE TE,35.81235698
HOWELL ST,30.29239766
HOWES ST,29.541246660000002
HOWITT RD,4.254356189
HOWLAND ST,36.37944150090909
HOYT PL,21.97862428
HOYT ST,32.74981765
HUBBARD ST,19.96174578
HUBBARD TE,21.70149254
HUBBARDSTON RD,32.74981765
HUCKINS ST,30.50736522166667
HUDSON ST,32.99497351702702
HULL ST,29.733879219999995
HULL STREET PL,29.73387922
HUMAROCK WY,21.62091503
HUMBOLDT AV,39.6967417026
HUMBOLDT PL,16.88271605
HUMES RD,11.22165664
HUMPHREYS PL,43.65746299
HUMPHREYS ST,43.65746299
HUNNEMAN ST,56.82656827
HUNNEWELL AV,13.832116790000002
HUNTER ST,10.02079002
HUNTINGTON AV,30.54598131985882
HUNTOON ST,15.578795530000003
HURLCROFT AV,22.4049332
HURON CI,15.57879553
HUTCHINGS ST,55.97951589594595
HUTCHINSON ST,15.57879553
HYDE PARK AV,19.337398247411986
I ST,12.973699323802817
IDAHO ST,32.29371316
IFFLEY RD,13.07612096
IMBARO RD,15.13292434
IMRIE RD,42.17413186
INDEPENDENCE DR,6.417202845
INDIA ST,21.23009149
INGLESIDE ST,35.91145122
INTERVALE ST,46.71713170347825
INTERVALE TE,49.48096886
INWOOD ST,33.86442642
IONA ST,19.61266523
IOWA ST,36.7239636
IPSWICH PL,23.28709542
IPSWICH ST,35.10504579
IRENA RD,15.578795530000003
IRMA ST,50.56261343
IRON ST,16.88271605
IROQUOIS ST,51.657357646923074
IRVING ST,21.97862428
IRWIN AV,43.58178054
ISABELLA ST,24.32847276
ISLAND ST,21.70149254
ISLINGTON ST,42.17413186
ISLINGTON TE,42.17413186
ITASCA ST,30.75635163857143
IVES ST,27.99043062
IVORY ST,4.260985353
JACKSON AV,29.733879219999995
JACKSON ST,21.32560326
JACOB ST,17.83279512
JACQUELINE RD,8.194953634
JAEGER TE,8.428805237
JALLEISON ST,21.62091503
JAMAICA PL,19.23627685
JAMAICA ST,19.23627685
JAMAICAWAY CT,19.96174578
JAMAICAWAY ST,22.405875704666666
JAMES ONEILL ST,64.26726921
JAMESTOWN TE,29.62442257
JARVIS PL,36.79727428
JASON TE,12.39804241
JEANNE DR,33.86442642
JEFFERS ST,19.61904762
JEFFERSON AV,19.73209686
JEFFERSON ST,24.32847276
JEFFRIES ST,23.28709542
JENKINS ST,16.88271605
JENNER ST,19.76219762
JENNETT AV,4.260985353
JEROME ST,25.89527177428571
JERSEY ST,34.28811113
JERUSALEM PL,24.02402402
JESHURUN RD,37.41922851
JESS ST,13.07612096
JETTE CT,42.17413186
JEWETT ST,10.02079002
JFK EXPRESS WY,52.60300224
JIMMY FUND WY,55.58282209
JOAN RD,15.13292434
JOANNE TE,15.57879553
JOHN A ANDREW ST,19.96174578
JOHN ALDEN RD,4.254356189
JOHN ELIOT SQ,29.140650968
JOHNNY CT,36.77654274
JOHNRAY RD,21.62091503
JOHNSON AV,32.26083226
JOHNSON ST,8.194953634
JOHNSON TE,17.83279512
JOHNSTON RD,50.56261343
JOHNSWOOD RD,27.62198542
JONES AV,17.83279512
JORDAN RD,26.45074224
JOSEPH AGRI ST,64.26726921
JOSEPH ST,20.9717816
JOSEPHINE ST,36.7239636
JOY PL,13.03979678
JOY ST,13.137545400571428
JOYCE KILMER RD,8.194953634
JOYCE RD,21.620915030000003
JUDGE ST,38.57247617
JUDSON ST,35.91145122
JULIAN ST,35.91145122
JULIETTE ST,63.22498407
JUNE ST,42.39873751
JUNIPER ST,26.34032634
JUNIPER TE,26.34032634
JUSTIN RD,13.83211679
K ST,13.263165143124999
K STREET PL,12.2374685
KALADA PK,36.76731794
KANE ST,33.86442642
KARDON RD,15.13292434
KAVANAUGH WY,36.76731794
KEANE RD,6.417202845000001
KEARSARGE AV,53.02430752
KEARSARGE TE,53.02430752
KEEGAN ST,21.70149254
KEENAN RD,28.72586873
KEITH ST,6.417202844999999
KELLEY CT,18.2593186825
KELLYS BLOCK ,15.83469722
KELTON ST,26.45074224
KEMBLE PL,14.4278607
KEMBLE ST,21.70149254
KEMP ST,69.08602151
KENBERMA RD,27.41099205
KENDALL ST,61.98320413
KENILWORTH ST,33.34113791
KENMARE RD,15.57879553
KENNEBEC ST,25.474318839859155
KENNETH ST,4.254356189
KENNEY ST,20.35749752
KENRICK ST,23.99745385
KENSINGTON PK,40.62827225
KENSINGTON ST,40.62827225
KENTON RD,35.50450712
KENWOOD ST,20.66288444
KERNA RD,9.858669424
KERR PL,56.82656827
KERR WY,56.82656827
KERSHAW RD,9.858669424
KERWIN ST,44.83608111
KESWICK ST,28.20674441
KEVIN RD,24.24242424
KEYES STREET PL,35.50450712
KEYSTONE ST,8.194953634
KIERNAN RD,6.417202845
KILBY ST,17.05665025
KILMARNOCK ST,35.10504579
KILSYTH RD,39.45837513
KILSYTH TE,39.45837513
KIMBALL ST,63.22498407
KINEO ST,49.48096886
KING ST,27.508602840428573
KINGBIRD RD,50.56261343
KINGSBORO PK,11.092077089999998
KINGSDALE ST,44.83608111
KINGSLAND RD,6.417202845
KINGSLEY ST,41.5560472
KINGSTON ST,21.23009149
KINROSS RD,20.39800995
KIRK ST,4.260985353
KIRKWOOD RD,30.61951754
KITTREDGE CT,17.98561151
KITTREDGE ST,14.108549730499998
KITTREDGE TE,12.63794009
KNAPP ST,36.77654274
KNEELAND ST,29.769166540399997
KNIGHT ST,15.13292434
KNOLL ST,13.2952531
KNOWLES ST,23.99745385
KNOWLTON ST,64.26726921
KNOX ST,24.32847276
KOVEY CT,15.13292434
KOVEY RD,15.13292434
KRESSON TE,9.870848708
KRISTIN CT,15.13292434
L ST,13.066362624054054
LABAN PRATT RD,16.31742336
LACONIA ST,52.60300224
LAFIELD ST,37.21903581
LAGRANGE PL,21.70149254
LAGRANGE ST,5.310355039107143
LAKE SHORE RD,23.99745385
LAKE ST,25.211498859833334
LAKESIDE AV,7.722007722
LAKEVILLE RD,19.96174578
LAMARTINE CT,19.96174578
LAMARTINE PL,19.96174578
LAMARTINE ST,24.3100310019403
LAMARTINE TE,19.96174578
LAMBERT AV,27.007070299047623
LAMBERT ST,26.34032634
LAMSON CT,23.28709542
LAMSON ST,23.28709542
LANARK RD,32.04601089333333
LANCASTER ST,12.85294118
LANDOR RD,49.09008189
LANDSEER ST,4.254356189
LANDSEER TE,4.254356189
LANE PK,30.61951754
LANESVILLE TE,29.010989009999996
LANGDON ST,29.045386359459464
LANGFORD PK,43.58178054
LANGLEY RD,23.99745385
LANSDOWNE ST,35.10504579
LANTERN LA,5.355338498
LARCH PL,10.02079002
LARCH ST,23.997453850000003
LARCHMONT ST,36.7239636
LAREDO ST,52.25297446
LARK ST,14.40464178
LARKHILL RD,4.254356189
LAROSE PL,33.48025388
LASELL ST,6.417202845
LATIN RD,4.254356189
LAUREL AV,21.62091503
LAUREL ST,38.169898674705884
LAURIAT ST,50.56261343
LAURIE AV,8.194953634
LAUTEN PL,14.4278607
LAVAL ST,19.61904762
LAWLEY ST,6.302521008
LAWN AV,33.03791236
LAWN ST,38.57247617
LAWNDALE TE,19.96174578
LAWNWOOD PL,19.76219762
LAWRENCE AV,49.48096886
LAWRENCE CT,16.88271605
LAWRENCE PL,23.21478577
LAWRENCE ST,23.05402464822222
LAWSON PL,38.1032413
LAWTON ST,7.722007722
LAWTON TE,7.722007722
LEAHAVEN RD,32.29371316
LEAMINGTON RD,33.48025388
LEDGE HILL RD,8.194953634
LEDGEBROOK RD,32.29371316
LEDGEDALE RD,5.355338498
LEDGEMERE RD,33.48025388
LEDGEWOOD RD,6.417202845
LEE HILL RD,13.2952531
LEE ST,27.026637298181814
LEEDS ST,16.88271605
LEEDSVILLE ST,63.22498407
LEFEVRE ST,21.620915030000003
LEGENDS WY,12.85294118
LEGION PL,25.10970258
LEICESTER ST,28.72586873
LEIGHTON RD,15.13292434
LELAND RD,5.355338498
LELAND ST,29.010989009999996
LENA TE,29.62442257
LENISTON ST,19.61266523
LENNOCO RD,29.01098901
LENOX ST,58.25896712
LENOXDALE AV,11.22165664
LEO M BIRMINGHAM PW,17.20733427
LEON ST,21.56827237
LEONARD CT,37.21903581
LEONARD PL,10.59498956
LEONARD ST,37.21903581
LEROY ST,36.7239636
LESEUR RD,15.0
LESHER ST,29.01098901
LESLIE PK,40.62827225
LESLIE ST,37.21903581
LESTER PL,19.96174578
LESTER ST,36.79727428
LESTON ST,49.09008189
LETTERFINE TE,35.91145122
LEVANT ST,47.474747470000004
LEVERETT AV,33.03791236
LEVERETT CI,12.85294118
LEVERETT ST,0.0
LEWIS PL,21.70149254
LEWIS ST,22.08126069
LEWIS WH,17.05665025
LEWISTON ST,21.32560326
LEXINGTON AV,26.940107317543863
LEXINGTON PL,32.99560314
LEXINGTON SQ,38.1032413
LEXINGTON ST,37.27329970055046
LEYDEN ST,33.03791236
LEYLAND ST,43.65746299
LIBBEY ST,6.417202845000001
LIBERTY DR,6.957997454
LIBERTY PL,16.88271605
LIBERTY SQ,17.05665025
LILA RD,8.428805237
LILAC TE,12.63794009
LILLIAN ST,33.03791236
LILLIE WY,5.355338498
LILLY ST,14.40464178
LIME ST,6.677796327
LINCOLN PL,19.73209686
LINCOLN ST,24.961142376489363
LINDALL PL,21.97862428
LINDALL ST,27.621985420000005
LINDEN AV,21.620915030000003
LINDEN CT,63.22498407
LINDEN PARK ST,33.34113791
LINDEN RD,9.858669424
LINDEN ST,44.986815493258426
LINDSEY ST,36.7239636
LINGARD ST,37.13973003
LINLEY TE,12.2374685
LINNET ST,4.254356189
LINVALE TE,29.62442257
LINWOOD SQ,26.34032634
LINWOOD ST,20.226085365714287
LISZT ST,19.61266523
LITCHFIELD ST,17.20733427
LITHGOW ST,20.9717816
LITTLEDALE ST,17.98561151
LIVERMORE ST,27.73694251625
LIVERPOOL ST,68.14749
LIVINGSTONE ST,17.83279512
LOCHDALE RD,29.01098901
LOCHLAND RD,15.0
LOCHSTEAD AV,19.96174578
LOCKE PL,14.40182055
LOCKSLEY ST,19.96174578
LOCKWOOD ST,21.32560326
LOCUST ST,29.504081057272728
LODGEHILL RD,19.61904762
LOGAN ST,26.34032634
LOGAN WY,69.08602151
LOMASNEY WY,12.85294118
LOMBARD ST,15.578795530000003
LONDON CT,27.26465364
LONDON ST,45.48959584681319
LONG AV,29.61585518
LONG ISLAND ,65.23364486
LONG TE,8.194953634
LONG WH,17.05665025
LONGFELLOW PL,12.85294118
LONGFELLOW ST,47.47474747
LONGMEADOW ST,36.79727428
LONGWOOD AV,31.22684612952941
LONSDALE ST,16.31742336
LORENE RD,19.96174578
LORENZO ST,6.302521008
LORETTE ST,6.340554836352942
LORING PL,15.0
LORING ST,14.770212616842105
LORNA RD,29.62442257
LORNE ST,44.83608111
LORRAINE ST,19.61266523
LORRAINE TE,26.45074224
LOTHIAN RD,16.54767571
LOTHROP PL,23.337413299999998
LOTHROP ST,17.20733427
LOTUS ST,35.50450712
LOUDERS LA,8.428805237
LOUDERS LN,8.428805237
LOUIS D BROWN WY,36.7239636
LOUIS PRANG ST,3.826373174
LOUIS TE,15.57879553
LOUISBURG SQ,6.677796327
LOURDES AV,35.50450712
LOVELL ST,4.11311054
LOVELLS ISLAND ,65.23364486
LOVIS ST,14.40464178
LOWLAND PL,23.28709542
LOWNEY WY,46.32627646
LOYOLA CI,4.254356189
LUBEC ST,30.314380520000004
LUCERNE ST,43.081512102
LUDLOW ST,19.73209686
LYALL ST,6.417202845
LYALL TE,6.417202845000001
LYFORD ST,50.56261343
LYNDE ST,21.15148932
LYNDEBORO PL,36.776542740000004
LYNDEBORO ST,19.76219762
LYNDHURST ST,20.66288444
LYNE RD,33.48025388
LYNN ST,24.02402402
LYNNVILLE TE,30.56994819
LYON ST,63.22498407
M ST,11.804861532987013
M STREET PL,14.401820550000002
MACDONALD ST,19.61904762
MACKIN ST,17.20733427
MACNEIL WY,33.86442642
MACULLAR RD,8.194953634
MADELINE ST,28.72586873
MADISON ST,7.722007721999999
MAFFA WY,15.83469722
MAGAZINE ST,23.988732197575757
MAGDALA ST,15.578795530000003
MAGEE ST,19.61904762
MAGNOLIA PL,35.91145122
MAGNOLIA SQ,37.13973003
MAGNOLIA ST,40.94760263084906
MAHLER RD,29.01098901
MAIDA TE,21.32560326
MAIN ST,16.956668784382607
MAITLAND ST,28.20674441
MALBERT RD,28.72586873
MALBON PL,26.34032634
MALCOLM RD,8.428805237
MALCOLM X BL,31.5909350175
MALDEN ST,52.60300224
MALIA TE,16.54767571
MALLARD AV,20.9717816
MALLET ST,16.31742336
MALLON RD,30.569948190000005
MALTA ST,27.70072993
MALVERN ST,41.5560472
MALVERNA RD,17.98561151
MAMELON CI,29.62442257
MANCHESTER ST,31.8933195715
MANILA AV,15.13292434
MANION RD,21.32560326
MANLEY ST,37.21903581
MANN ST,37.41922851
MANNING ST,25.10970258
MANOR ST,16.31742336
MANSEN CT,15.13292434
MANSFIELD ST,37.628835437096775
MANSUR ST,19.19737935
MANTHORNE RD,5.045064440999999
MANTON TE,32.49323058
MAPES ST,37.21903581
MAPLE CT,63.62189055
MAPLE LA,4.260985353
MAPLE LEAF DR,15.13292434
MAPLE PL,19.96174578
MAPLE ST,14.812893449312927
MAPLE TE,4.260985353
MAPLETON ST,28.725868729999995
MAPLEWOOD ST,8.097313835857143
MARBURY TE,13.076120960000003
MARCELLA ST,47.15103194146667
MARCH AV,4.254356189
MARCH TE,4.254356189
MARCH WY,4.254356189
MARCY RD,27.700729930000005
MARDEN AV,17.83279512
MARGARET ST,25.621865414285715
MARGIN ST,21.32560326
MARGINAL ST,25.342196195555555
MARGO RD,23.99745385
MARIA LA,12.63794009
MARIE ST,63.22498406999999
MARINA PARK DR,6.957997454
MARINE RD,12.052442348039214
MARION PL,40.33235582
MARION ST,31.16324037801653
MARIPOSA ST,21.62091503
MARK ST,20.35749752
MARKET ST,25.677915602881356
MARLBOROUGH ST,9.816330063185713
MARLIN RD,6.417202845
MARLIN WY,48.36444220714286
MARLOU TE,19.96174578
MARLOWE ST,20.66288444
MARMION ST,13.07612096
MARSH ST,11.22165664
MARSHALL BLOCK ,15.83469722
MARSHALL PL,15.83469722
MARSHALL ST,17.05665025
MARSHFIELD ST,36.79727428
MARSTON ST,19.61904762
MARTHA RD,12.85294118
MARTIN LUTHER KING JR BL,40.27606105533334
MARTIN ST,4.254356189
MARTINWOOD RD,29.010989009999996
MARY BOYLE WY,64.26726921
MARYANNA RD,17.98561151
MARYKNOLL ST,30.20470313304348
MARYKNOLL TE,29.62442257
MARYLAND ST,32.74981765
MASCOMA ST,49.48096886
MASCOT ST,17.83279512
MASON CT,19.73209686
MASON ST,11.6276434654
MASSACHUSETTS AV,30.876461200193237
MASSASOIT ST,21.620915030000003
MASSPORT BYPASS RD,38.1032413
MATCHETT ST,13.83211679
MATHER CT,20.66288444
MATHER ST,20.66288444
MATIGNON RD,16.31742336
MATTAKEESET ST,24.528652590869566
MATTAPAN ST,49.09008189
MATTHEW ST,39.50953678
MAVERICK SQ,28.620748282857146
MAVERICK ST,31.503716796000003
MAXFIELD ST,4.254356189
MAXWELL ST,39.50953678
MAY ST,8.428805237
MAYBROOK ST,33.99693721
MAYBURY ST,36.76731794
MAYFAIR ST,40.62827225
MAYFIELD ST,27.724507544571427
MAYHEW ST,30.29239766
MAYNARD ST,17.98561151
MAYWOOD ST,43.58178054
MAYWOOD TE,43.58178054
MBTA (SW CORRIDOR PROJ) ,35.50450712
MCBRIDE ST,35.50450712
MCCORMACK SQ,23.28709542
MCCRAW ST,13.2952531
MCDONOUGH CT,15.13292434
MCDONOUGH WY,69.08602151
MCGREEVEY WY,46.51222651
MCKAY PL,33.22563274
MCKENNA TE,4.260985353
MCKINLEY SQ,17.05665025
MCKONE ST,6.302521008
MCLELLAN ST,40.441833582972976
MEACHAM ST,21.62091503
MEAD ST,17.26474449121951
MEAD STREET CT,15.83469722
MEADOW RD,7.722007722
MEADOWBANK AV,32.29371316
MEADOWVIEW RD,7.722007722
MECHANIC ST,23.3374133
MEDFIELD ST,28.20674441
MEDFORD ST,18.914312488965518
MEDWAY ST,15.57879553
MEEHAN PL,35.50450712
MEEHAN ST,35.50450712
MELBA WY,21.32560326
MELBOURNE ST,20.9717816
MELCHER ST,16.88271605
MELLEN ST,20.9717816
MELLISH RD,15.57879553
MELNEA CASS BL,50.18739060608696
MELROSE ST,24.32847276
MELTON RD,33.48025388
MELVILLE AV,20.66288444
MELVILLE LA,20.66288444
MELVIN AV,39.45837513
MELVINSIDE TE,32.74981765
MENDELL WY,13.07612096
MENDELSSOHN ST,19.61266523
MENDUM ST,13.2952531
MENLO ST,23.21478577
MENTON ST,32.29371316
MERCER ST,53.301063849428566
MERCHANTS RO,17.05665025
MERCIER AV,22.4049332
MEREDITH ST,4.254356189
MERIDIAN ST,39.924438115128204
MERLIN ST,27.41099205
MEROLA PK,29.624422569999997
MERRIAM ST,13.07612096
MERRILL ST,33.99693721
MERRIMAC ST,12.852941179999998
MESHAKA ST,37.41922851
MESSINGER ST,27.70072993
METCALF ST,12.63794009
METROPOLITAN AV,18.439689674965035
METROPOLITAN CI,17.98561151
MEYER CT,10.02079002
MEYER ST,10.02079002
MIAMI AV,8.194953634
MIAMI TE,8.194953634
MICHAEL RD,30.619517539999997
MICHELANGELO ST,29.73387922
MICHIGAN AV,33.99693721
MIDDLE ST,16.88271605
MIDDLEMAS CT,42.17413186
MIDDLETON ST,17.83279512
MIDLAND ST,32.74981765
MIDVALE RD,4.260985353
MILDRED AV,49.09008189
MILES ST,65.31512605
MILFORD ST,28.27838828
MILK ST,18.154924260526315
MILL ST,37.21903581
MILLER PK,36.79727428
MILLERS LA,32.29371316
MILLET ST,26.82560928181818
MILLICENT WY,61.46256529
MILLMONT ST,26.34032634
MILLS ST,40.62827225
MILLSTONE RD,7.722007721999999
MILTON AV,28.459193021185182
MILTON LINE ,15.0
MILTON PL,21.23009149
MILTON ST,11.640796474987953
MILTON TE,15.0
MILTON TOWN LINE ,15.0
MILWOOD ST,11.22165664
MILWOOD TE,11.22165664
MINDEN ST,64.99234303
MINDORO ST,46.51222651
MINER ST,28.20674441
MINNIE CT,14.40182055
MINOT PK,15.57879553
MINOT ST,12.562914284634147
MINTON ST,13.07612096
MISHAWUM ST,15.83469722
MISSION ST,55.58282209
MITCHELL ST,14.40464178
MOHAWK ST,16.88271605
MOLONEY ST,8.194953634
MONADNOCK ST,37.13973003
MONASTERY RD,33.48025388
MONKS ST,10.59498956
MONMOUTH SQ,40.33235582
MONMOUTH ST,40.33235582
MONPONSET ST,21.62091503
MONSON ST,32.29371316
MONTAGUE ST,20.9717816
MONTANA ST,63.62189055
MONTCALM AV,23.21478577
MONTCLAIR AV,5.355338498
MONTEBELLO RD,13.07612096
MONTELLO ST,36.7239636
MONTEREY AV,27.70072993
MONTFERN AV,14.19304619
MONTGOMERY ST,10.625
MONTMORENCI AV,33.03791236
MONTROSE ST,43.58178054
MONTVALE ST,19.61266523
MONTVIEW ST,4.260985353
MONUMENT AV,9.870848708
MONUMENT CT,10.5026471335
MONUMENT SQ,24.2589138868
MONUMENT ST,36.94290723
MOODY ST,20.9717816
MOON ST,23.3374133
MOORE ST,22.4919568353125
MORA ST,22.4049332
MORAINE ST,19.96174578
MORELAND ST,41.37166328211765
MOREY RD,5.355338498
MORLEY ST,26.34032634
MORRELL ST,8.194953634
MORRILL ST,24.242424239999995
MORRIS ST,27.264653639999995
MORRISON ST,13.2952531
MORROW RD,23.21478577
MORSE ST,74.42901926
MORTON PL,31.33178394
MORTON ST,33.81970521181373
MORTON VILLAGE DR,29.62442257
MOSELEY ST,30.29239766
MOSGROVE AV,29.01098901
MOSS HILL RD,8.428805237
MOSSDALE RD,8.428805237
MOTHER BROOK ,17.197150646666667
MOTHER JULIA RD,32.29371316
MOULTON ST,46.32627646
MOULTON WY,46.32627646
MOULTRIE ST,20.66288444
MOUNTAIN AV,17.83279512
MOUNTFAIR TE,15.0
MOUNTFORT ST,18.39315115
MOVILLE ST,8.194953634
MOZART ST,32.26083226
MSGR ALBERT A JACOBBE RD,68.14749
MSGR P J LYDON WY,16.31742336
MSGR REYNOLDS WY,52.60300224
MT ASH RD,11.662057155833333
MT BOWDOIN TE,30.56994819
MT CALVARY RD,25.269743026666667
MT CUSHING TE,24.24242424
MT EVERETT ST,33.86442642
MT HOOD RD,39.45837513
MT HOPE ST,17.565246300000002
MT IDA RD,59.81952750783783
MT PLEASANT AV,37.823529662058824
MT PLEASANT PL,53.02430752
MT PLEASANT ST,15.0
MT PLEASANT TE,53.02430752
MT VERNON AV,28.098562584
MT VERNON PL,13.03979678
MT VERNON SQ,6.677796327
MT VERNON ST,20.55395760615812
MT WASHINGTON AV,16.88271605
MULVEY ST,49.09008189
MULVEY TE,26.34032634
MUNROE ST,38.54702428151515
MUNSON ST,28.20674441
MURDOCK ST,24.227025497346936
MURDOCK TE,23.21478577
MURRAY AV,43.58178054
MURRAY CT,27.74030354
MURRAY HILL RD,27.62198542
MUSEUM RD,3.826373174
MYLES STANDISH RD,4.254356189
MYOPIA RD,12.72224417
MYRICK ST,17.20733427
MYRTLE ST,12.922894229638889
MYRTLEBANK AV,11.22165664
MYSTIC AV,15.83469722
MYSTIC PL,19.73209686
MYSTIC ST,23.132535347586206
N ANDERSON ST,22.54078102
N BEACON ST,20.655931103709676
N BENNET CT,23.3374133
N BENNET PL,23.3374133
N BENNET ST,23.3374133
N CHARLAME CT,40.62827225
N CHARLAME TE,40.62827225
N GROVE ST,22.54078102
N HARVARD ST,33.79232110278261
N HUDSON ST,29.73387922
N MARGIN ST,25.85933462
N MEAD ST,15.83469722
N MEAD STREET CT,15.83469722
N MUNROE TE,16.31742336
N QUINCY PL,15.83469722
N ST,11.954065429642856
N WASHINGTON ST,21.789807452
NAHANT AV,11.22165664
NANCIA ST,33.03791236
NANTASKET AV,33.48025388
NARRAGANSETT ST,11.22165664
NASHUA ST,12.85294118
NATIONAL ST,12.39804241
NAVARRE PL,21.62091503
NAVARRE ST,22.808587387446806
NAVILLUS TE,35.81235698
NAY ST,38.1032413
NAZING CT,63.62189055
NAZING ST,63.62189055
NEAL CT,15.83469722
NEAREN RO,46.32627646
NECCO CT,16.88271605
NECCO ST,16.88271605
NEEDHAM RD,15.0
NEILLIAN CR,8.428805237
NELSON ST,39.50953678
NEPONSET ,11.22165664
NEPONSET AV,16.11613106314179
NEPONSET CT,10.02079002
NEPONSET FIELD LN,21.62091503
NEPONSET RIVER ,13.34014557353846
NEPONSET VALLEY PW,8.99575901571875
NEPTUNE CI,22.96404989
NEPTUNE RD,11.760889961
NEVADA ST,22.4049332
NEVINS ST,42.17413186
NEW ACRE RD,15.0
NEW BEDFORD ST,15.0
NEW CHARDON ST,15.655413893333334
NEW ENGLAND AV,22.516594531666666
NEW HAVEN ST,8.194953634
NEW HEATH ST,40.395605136363635
NEW HILL PL,12.2374685
NEW NORTHERN AV,6.957997454
NEW PARK AV,19.61266523
NEW PICKERTS WH,68.14749
NEW RUTHERFORD AV,19.76219762
NEW ST,68.14749
NEW SUDBURY ST,17.05665025
NEWBERN ST,19.96174578
NEWBURG ST,19.61266523
NEWBURY ST,13.176301372743843
NEWCASTLE RD,14.19304619
NEWCASTLE ST,27.70072993
NEWCOMB ST,56.82656827
NEWCROFT CI,29.62442257
NEWFIELD ST,6.417202845
NEWHALL PL,11.22165664
NEWHALL ST,9.581944762666668
NEWKIRK ST,37.21903581
NEWLAND ST,26.557431252500002
NEWMAN PL,21.70149254
NEWMARKET SQ,21.70149254
NEWPORT ST,29.541246659999995
NEWSOME PK,7.758620689999999
NEWTON ST,13.83211679
NIGHTINGALE ST,44.83608111
NIKISCH AV,19.61266523
NILES ST,28.72586873
NINTH ST,40.1025641
NIRA AV,20.35749752
NIXON ST,20.66288444
NOAH ST,21.62091503
NOBLE CT,23.28709542
NONANTUM ST,19.7089522778125
NONQUIT ST,37.13973003
NORCROSS PL,14.40182055
NORFOLK AV,31.44880904
NORFOLK ST,34.78173984457944
NORFOLK TE,39.50953678
NORMANDY ST,44.010906366410254
NORRIS RD,15.0
NORTH AV,36.79727428
NORTH SQ,23.337413299999998
NORTH ST,18.744425057209302
NORTHAM PK,20.9717816
NORTHAMPTON ST,32.55931101925
NORTHBOURNE RD,29.01098901
NORTHDALE RD,8.194953634
NORTHDALE ST,8.194953634
NORTHDALE TE,8.194953634
NORTHERN AV,6.2382046139310345
NORTHFIELD ST,61.98320413
NORTON ST,29.37238764151515
NORWAY PK,15.0
NORWAY ST,53.71295371
NORWELL ST,28.96499466725807
NORWOOD ST,6.302521008
NOTRE DAME ST,65.31512605
NOTT ST,21.32560326
NOTTINGHAM ST,30.56994819
NOTTINGHILL RD,33.48025388
NOYES PL,24.02402402
O CONNELL RD,32.29371316
O DONNELL SQ,6.302521008
O DONNELL TE,37.21903581
O ST,13.711027995272728
O STREET PL,14.4278607
OAK HILL AV,29.62442257
OAK PL,12.72224417
OAK RD,9.858669424
OAK SQUARE AV,14.19304619
OAK ST,22.074160118571427
OAK STREET WEST ,36.77654274
OAKCREST RD,21.62091503
OAKDALE ST,19.96174578
OAKDALE TE,19.96174578
OAKHURST ST,50.56261343
OAKLAND PK,37.91002812
OAKLAND PL,28.72586873
OAKLAND ST,30.626039638275863
OAKLEY ST,36.7239636
OAKMAN ST,6.302521008
OAKMERE ST,8.194953634
OAKRIDGE ST,32.29371316
OAKTON AV,11.22165664
OAKVIEW AV,26.34032634
OAKVIEW TE,11.09207709
OAKWOOD ST,21.2422538625
OCEAN ST,20.9717816
OCONNELL RD,32.29371316
OCONNOR WY,69.08602151
ODONNELL TE,37.21903581
OGDEN ST,22.4049332
OLD COLONY AV,21.27702183933333
OLD COLONY TE,32.74981765
OLD HARBOR ST,49.01161426882352
OLD MORTON ST,32.29371316
OLD RD,33.99693721
OLDFIELDS RD,74.42901926
OLIVA RD,14.193046189999999
OLIVE ST,28.72586873
OLIVER ST,21.23009149
OLMSTEAD ST,13.076120960000003
OLNEY ST,33.49005389386364
ONEIL PL,23.21478577
ONSLOW TE,10.59498956
OPHIR ST,13.07612096
ORANGE ST,19.61266523
ORCHARD AV,29.01098901
ORCHARD PARK ST,53.02430752
ORCHARD RD,39.45837513
ORCHARD ST,10.982410071395348
ORCHARDALE ST,36.7239636
ORCHARDFIELD ST,63.22498407
ORCHARDHILL RD,29.010989009999996
ORGAN PARK ST,10.02079002
ORIENT AV,33.03791236
ORIOLE ST,4.254356189
ORKNEY RD,29.63950395
ORLANDO ST,27.700729929999998
ORLEANS ST,27.710223143773586
ORMOND ST,26.21236133
ORNE ST,16.31742336
ORTON MAROTTA WY,63.97253038
OSCAR ST,26.34032634
OSCEOLA ST,21.62091503
OSGOOD CT,26.34032634
OSPREY WY,50.56261343
OSWALD ST,42.63136184111111
OTIS PL,9.887104507076923
OTIS ST,21.23009149
OTISFIELD ST,36.76731794
OUTLOOK RD,26.212361330000004
OVERLAND ST,28.20674441
OVERLOOK RD,9.858669424
OWEN ST,29.62442257
OWENCROFT RD,22.4049332
OXFORD PL,21.23009149
OXFORD ST,21.23009149
P ST,14.427860699999998
PACIFIC ST,12.39804241
PACKARD AV,32.29371316
PAGE ST,33.99693721
PAGE TE,33.99693721
PAINE ST,10.02079002
PAISLEY PK,20.66288444
PALACE RD,3.826373174
PALERMO ST,33.03791236
PALFREY ST,27.621985419999998
PALMER ST,56.82656827
PARAGON RD,8.194953634
PARIS PL,36.98497334
PARIS ST,29.783343245384614
PARISH ST,63.22498407
PARK DR,30.11557500795918
PARK LA,13.07612096
PARK LANE DR,6.417202845
PARK PL,7.758620689999999
PARK PZ,30.552507749999997
PARK RD,21.32560326
PARK ST,18.557081740297214
PARK TE,4.254356189
PARK VALE AV,32.49323058
PARK VIEW ST,35.34510433
PARKER HILL AV,45.491938917118645
PARKER HILL TE,38.57247617
PARKER ST,31.291198572086333
PARKLAWN RD,5.355338498
PARKMAN PL,37.21903581
PARKMAN ST,36.64341797509804
PARKSIDE DR,8.428805237
PARKSON ST,7.722007722
PARKTON RD,20.35749752
PARKWAY ST,44.83608111
PARKWOOD TE,20.35749752
PARLEY AV,19.96174578
PARLEY VALE ,19.96174578
PARLEY VALE AV,19.96174578
PARLEY VALE ST,19.96174578
PARMELEE ST,43.64508393
PARMENTER ST,23.3374133
PARROTT ST,12.722244170000002
PARSONS ST,25.131729822258066
PARTRIDGE PL,21.70149254
PARTRIDGE ST,4.254356189
PASADENA RD,33.99693721
PASSAGEWAY ST,40.13308778
PATTEN ST,29.01098901
PATTERSON ST,15.57879553
PATTERSON WY,64.26726921
PAUL GORE ST,15.096976716756757
PAUL GORE TE,11.09207709
PAUL SULLIVAN WY,52.60300224
PAULA RD,32.29371316
PAULMAN CI,5.355338498
PAWNING ST,33.34113791
PAXTON ST,50.56261343
PAYNE ST,37.21903581
PAYSON AV,35.81235698
PAYSON PL,19.73209686
PAYSON RD,5.355338498
PEABODY SQ,15.57879553
PEACEABLE ST,23.21478577
PEACEVALE RD,20.9717816
PEAK HILL RD,5.355338498
PEARL ST,21.911839381095888
PEARL STREET PL,20.443096571999998
PELHAM TE,28.27838828
PELTON ST,4.254356189
PEMBERTON SQ,17.05665025
PEMBROKE ST,12.451212580689655
PENDER ST,4.260985353
PENFIELD ST,12.637940090000003
PENHALLOW ST,20.66288444
PENN CENTRAL RR ,11.22165664
PENNIMAN RD,41.5560472
PEOPLES BAPTIST PL,61.98320413
PERABO TE,4.254356189
PERCIVAL ST,63.22498406999999
PERCY ST,26.34032634
PERHAM ST,5.0196544705555555
PERKINS AV,12.72224417
PERKINS SQ,20.35749752
PERKINS ST,16.666864548744186
PERRIN ST,43.58178054
PERRY PL,9.870848708
PERSHING RD,19.96174578
PERTH ST,49.48096886
PERTHSHIRE RD,13.87376249
PETER PARLEY RD,13.07612096
PETERBOROUGH ST,34.51091149181818
PETERS ST,10.30788979
PETREL ST,9.858669424
PEVEAR PL,53.02430752
PEVERELL ST,24.24242424
PHEASANT ST,4.254356189
PHILBRICK ST,10.02079002
PHILIP ST,6.302521008
PHILLIPS ST,21.97862428
PHIPPS ST,19.76219762
PICKERING AV,40.62827225
PIE AL,17.05665025
PIEDMONT ST,24.328472760000004
PIERCE AV,9.91657983967347
PIERCE ST,21.32560326
PIERPONT RD,4.260985353
PIERSON ST,21.70149254
PILGRIM PL,33.86442642
PILGRIM RD,19.3533078488
PINCKNEY ST,6.677796326999999
PINE AV,15.13292434
PINE LODGE RD,4.254356189
PINE RD,9.858669424
PINE RIDGE RD,32.29371316
PINE ST,24.759145366666665
PINE TREE LA,15.13292434
PINECLIFF RD,9.858669424
PINEDALE RD,17.98561151
PINEFIELD LA,15.13292434
PINEFIELD RD,15.132924340000002
PINEHURST ST,12.63794009
PINEWOOD ST,21.62091503
PING ON ST,21.23009149
PINGREE ST,21.32560326
PITSMOOR RD,10.02079002
PLAIN ST,8.038686525176471
PLAINFIELD ST,35.50450712
PLANET ST,17.98561151
PLATT RD,30.61951754
PLAYSTEAD RD,29.596867506666666
PLEASANT AV,4.260985353
PLEASANT HILL AV,32.29371316
PLEASANT ST,24.097685317208953
PLEASANT STREET CT,9.870848708
PLEASANT VALLEY CI,5.355338498
PLEASANTDALE RD,9.858669424
PLEASANTON ST,63.62189055
PLEASANTVIEW ST,21.620915030000003
PLOVER ST,9.858669424
PLYMPTON ST,52.60300224
POLK ST,19.73209686
POMEROY ST,23.214785770000002
POMFRET ST,4.260985353
POMPEII ST,21.70149254
POND CI,8.428805237
POND RD,9.858669424
POND ST,11.848108498689323
POND STREET PL,24.02402402
POND VIEW AV,19.96174578
PONTIAC ST,43.13872255
POPES HILL ST,25.97666679109091
POPLAR ST,17.65812618768116
PORT NORFOLK ,6.302521008
PORT NORFOLK ST,6.302521008
PORTER ST,24.00643404266667
PORTER TE,4.260985353
PORTINA RD,30.619517539999997
PORTLAND ST,12.852941179999998
PORTSMOUTH ST,17.20733427
POST OFFICE SQ,17.05665025
POTOMAC ST,4.260985353
POTOSI ST,63.22498406999999
POWELL ST,8.194953634
POWELLTON RD,33.99693721
POWER HOUSE ,0.0
POWER ST,30.29239766
POWERS CT,13.15996848
POYDRAS ST,21.62091503
PRAIRIE ST,27.816610206
PRATT ST,41.5560472
PREBLE ST,16.88271605
PRENTISS ST,44.11748312818182
PRESBY PL,21.70149254
PRESCOTT PL,17.20733427
PRESCOTT ST,19.00174106415873
PRESENTATION RD,13.83211679
PRESIDENT RD,5.355338498
PRESIDENT TE,41.5560472
PRESLEY RD,37.21903581
PRESTON RD,4.260985353
PRICE RD,32.49323058
PRIESING ST,32.26083226
PRIMROSE ST,13.2952531
PRINCE ST,18.55286096676923
PRINCETON PL,32.99560314
PRINCETON ST,35.17486208826667
PRISCILLA RD,33.48025388
PROCTOR ST,21.70149254
PROPOSED RD,9.858669424
PROPOSED ST,19.513307945
PROSPECT AV,26.4745322
PROSPECT CI,15.0
PROSPECT PK,15.0
PROSPECT ST,33.772209658
PROVIDENCE ST,19.9501027035
PROVINCE ST,21.23009149
PULASKI AV,12.2374685
PURCHASE ST,21.23009149
PURITAN AV,33.86442642
PUTNAM AV,21.97862428
PUTNAM PL,33.34113791
PUTNAM SQ,38.1032413
PUTNAM ST,32.095522723291666
QUAIL ST,9.858669424
QUARLEY RD,10.020790020000002
QUEEN ST,16.31742336
QUEENSBERRY ST,33.84011470354839
QUINCEFIELD PL,43.65746299
QUINCEFIELD ST,43.65746299
QUINCY CT,17.05665025
QUINCY PL,36.76731794
QUINCY ST,40.008991503533835
QUINCY TE,36.76731794
QUINN WY,4.254356189
QUINT AV,32.49323058
RADCLIFFE RD,21.62091503
RADCLIFFE ST,30.569948190000005
RADFORD LA,15.57879553
RADFORD PL,12.72224417
RADNOR RD,30.61951754
RAILROAD RD,4.260985353
RAILROAD ST,14.838410051124999
RAINIER RD,21.620915030000003
RAINSFORD ISLAND ,
RALDNE RD,15.13292434
RALEIGH ST,21.31557036
RALSTON RD,21.62091503
RALWOOD RD,21.620915030000003
RAMBLER RD,8.428805237
RAMSDELL AV,22.85225181235294
RAMSEY ST,43.65746299
RAND PL,35.91145122
RAND ST,35.91145122
RANDALL ST,56.82656827
RANDLETT PL,35.91145122
RANDOLPH ST,52.60300224
RANELEGH RD,14.19304619
RANGE RD,22.4049332
RANGELEY ST,15.578795529999999
RANLEY RD,21.62091503
RANSOM RD,33.48025388
RAPID TRANSIT ,37.21903581
RAVEN ST,29.54124666
RAVENNA RD,5.355338498
RAWSON ST,30.29239766
RAWSTON RD,17.98561151
RAYMOND ST,17.20733427
RAYNES RD,15.0
RAYNOR CI,61.98320413
READING ST,21.70149254
READVILLE ST,15.13292434
READVILLE TROTTING PK,7.722007722
REALTON RD,5.355338497999999
RECTOR RD,24.660822479999997
RED PINE RD,15.0
REDDY AV,21.32560326
REDFIELD ST,6.302521008
REDFORD ST,32.49323058
REDGATE RD,4.254356189
REDLANDS RD,4.260985353
REDWOOD ST,37.21903581
REED ST,56.82656827
REED TE,56.82656827000001
REEDSDALE ST,62.343246150000006
REGAL ST,23.99745385
REGAN RD,22.4049332
REGENT CI,7.75862069
REGENT PL,40.62827225
REGENT ST,38.41128547521739
REGINA RD,20.66288444
REGIS RD,27.700729930000005
REMINGTON ST,20.66288444
RENA ST,41.5560472
RENDALL RD,5.355338497999999
RENFREW ST,56.82656827
RESERVATION RD,14.5834816590625
RESERVOIR CT,39.45837513
RESERVOIR RD,16.54767571
REV R M COSTELLO PL,11.22165664
REV RICHARD A BURKE ,64.26726921
REVERE ST,17.058779446478262
REXFORD ST,27.70072993
REXHAME ST,19.61266523
REYNOLD RD,15.132924339999999
RHOADES ST,50.56261343
RHODA ST,13.2952531
RICE ST,11.856363968666665
RICH ST,29.624422570000004
RICHARD TE,20.9717816
RICHARDSON ST,17.20733427
RICHFIELD PK,33.86442642
RICHFIELD ST,33.86442642
RICHMERE RD,27.700729930000005
RICHMOND ST,18.28986959288889
RICHVIEW ST,15.578795530000003
RICHWOOD ST,4.260985353
RICKER TE,13.83211679
RICKERHILL RD,6.417202845000001
RIDGE RD,23.21478577
RIDGE ST,27.62198542
RIDGECREST DR,37.41922851
RIDGECREST TE,37.41922851
RIDGEMONT ST,42.17413186
RIDGEVIEW AV,29.62442257
RIDGEWAY LA,13.03979678
RIDGEWOOD ST,47.47474747
RIDLON RD,21.62091503
RILEY RD,7.722007722
RILL ST,35.81235698
RINGGOLD ST,28.27838828
RIPLEY RD,30.569948189999998
RISLEY RD,5.355338498
RITA RD,11.22165664
RITCHIE ST,65.31512605
RIVER ST,21.92311407991002
RIVER STREET PL,6.677796327
RIVER STREET TE,21.32560326
RIVERBANK PL,29.62442257
RIVERDALE RD,32.29371316
RIVERDALE ST,17.20733427
RIVERMOOR ST,8.194953634
RIVERSIDE SQ,21.32560326
RIVERVIEW RD,14.19304619
RIVERWAY ,21.078522812666666
RIVERWAY ST,15.8088921095
ROACH ST,32.74981765
ROANOKE AV,19.96174578
ROANOKE RD,21.62091503
ROBBART LA,15.0
ROBERT ST,13.2952531
ROBERTS PL,15.13292434
ROBESON ST,13.07612096
ROBEY ST,40.07823409782609
ROBIN HOOD ST,35.993336473999996
ROBIN ST,4.254356189
ROBINSON ST,43.0479541117647
ROBINWOOD AV,19.96174578
ROBKEN RD,13.2952531
ROCK AV,39.50953678
ROCK HILL RD,11.09207709
ROCK RD,21.62091503
ROCK TE,33.86442642
ROCKDALE ST,27.70072993
ROCKFORD ,36.79727428
ROCKFORD ST,36.79727428
ROCKINGHAM AV,9.858669424
ROCKINGHAM RD,27.700729930000005
ROCKLAND AV,40.62827225
ROCKLAND ST,38.929366740588236
ROCKLEDGE ST,26.34032634
ROCKMERE ST,32.74981765
ROCKNE AV,11.22165664
ROCKVALE CI,35.50450712
ROCKVIEW PL,19.96174578
ROCKVIEW ST,19.96174578
ROCKVILLE PK,43.58178053999999
ROCKWAY ST,27.70072993
ROCKWELL ST,22.4049332
ROCKWOOD ST,8.428805237
ROCKWOOD TE,8.428805237
ROCKY NOOK TE,13.07612096
RODMAN ST,29.01098901
RODNEY ST,23.214785770000002
ROGERS PARK AV,30.619517539999997
ROGERS ST,16.88271605
ROLAND ST,15.83469722
ROLLINS PL,21.978624280000002
ROMAR TE,26.34032634
ROMSEY CI,29.54124666
ROMSEY ST,29.54124666
RONALD ST,74.42901926
RONAN ST,35.81235698
ROSA ST,21.32560326
ROSARIA ST,11.22165664
ROSE GARDEN CI,30.619517539999997
ROSEBERY RD,21.62091503
ROSECLAIR ST,30.29239766
ROSECLIFF ST,12.63794009
ROSECLIFF TE,12.63794009
ROSEDALE ST,27.41099205
ROSEGLEN RD,21.62091503
ROSELAND ST,20.9717816
ROSEMARY ST,35.50450712
ROSEMERE CT,12.63794009
ROSEMONT ST,19.705765260277776
ROSEWAY ST,11.09207709
ROSEWOOD ST,27.70072993
ROSLIN ST,20.9717816
ROSLINDALE AV,16.1718008276
ROSLYN PL,11.092077089999998
ROSSELERIN RD,16.31742336
ROSSETER ST,30.56994819
ROSSMORE RD,35.50450712
ROSWELL ST,36.79727428
ROUGEMONT PL,65.31512605
ROUGHAN RD,9.870848708
ROUND HILL ST,64.99234303
ROWE ST,25.55704815357143
ROWELL ST,35.81235698
ROWEN CT,35.50450712
ROWENA ST,15.57879553
ROWLEY ST,37.21903581
ROXANA ST,15.13292434
ROXBURY ST,28.673930196666667
ROXTON ST,33.99693721
ROYAL ST,41.5560472
ROYCE RD,32.49323058
ROZELLA ST,37.21903581
RUFFING ST,19.61904762
RUGBY RD,25.674124963333334
RUGDALE RD,32.29371316
RUGG RD,41.5560472
RUGGLES CT,56.82656827
RUGGLES ST,46.64344703933333
RUMFORD RD,6.417202845
RUNDEL PK,15.578795530000003
RUNNING BROOK RD,37.41922851
RUSFIELD ST,21.70149254
RUSHMORE ST,30.61951754
RUSKIN RD,21.62091503
RUSKIN ST,4.260985353
RUSKINDALE RD,21.62091503
RUSSELL PL,15.83469722
RUSSELL ST,17.633497053846156
RUSSETT RD,4.678317770806451
RUSTIC RD,4.254356189
RUSTLEWOOD RD,4.260985353
RUTHERFORD AV,16.605896737714286
RUTHVEN PK,35.34510433
RUTHVEN ST,46.00684339655738
RUTLAND SQ,17.338067735483868
RUTLAND ST,27.23538402090909
RUTLEDGE ST,4.254356189
RUXTON RD,21.62091503
RYAN RD,28.72586873
RYDER HILL RD,23.99745385
S BAY AV,21.70149254
S BREMEN ST,68.14749
S CEDAR PL,24.32847276
S CHARLAME CT,40.62827225
S CHARLAME TE,40.62827225
S FAIRVIEW ST,13.295253100000002
S HOBART ST,28.72586873
S HUNTINGTON AV,31.976826789701494
S MUNROE TE,16.31742336
S QUINCY PL,15.83469722
S RUSSELL ST,21.97862428
S SYDNEY ST,32.74981765
S WALTER ST,13.2952531
S WAVERLY ST,17.20733427
S WHITNEY ST,43.13872255
SACHEM ST,53.32025853727273
SACKVILLE ST,17.529218802608696
SACO ST,37.21903581
SAFFORD ST,21.32560326
SAGAMORE ST,29.54124666
SALCOMBE ST,24.24242424
SALEM CT,23.337413299999998
SALEM ST,24.241144026760562
SALEM STREET AV,19.76219762
SALERNO PL,12.39804241
SALINA RD,6.302521008
SALISBURY PK,37.21903581
SALMAN ST,8.194953634
SALUTATION ST,13.15996848
SAMMETT AV,10.02079002
SAMOSET ST,20.9717816
SAN JUAN ST,28.27838828
SANBORN AV,6.417202845
SANDERSON PL,28.72586873
SANDGRAV RD,19.76219762
SANDPIPER LA,50.56261343
SANFORD ST,25.35637299872341
SANGER ST,12.39804241
SANTUIT ST,20.9717816
SARANAC ST,11.22165664
SARATOGA PL,32.99560314
SARATOGA ST,30.19848524301811
SARGENT CW,8.428805237
SARGENT ST,35.91145122
SARGENTS WHARF ,
SAUNDERS ST,23.21478577
SAVANNAH AV,27.70072993
SAVILLE ST,4.254356189
SAVIN HILL AV,32.47161785317919
SAVIN HILL CT,32.74981765
SAVIN HILL LA,32.74981765
SAVIN ST,43.58178054
SAVOY ST,52.60300224
SAWYER AV,33.98552549473684
SAWYER TE,41.5560472
SAXTON ST,29.54124666
SAYBROOK ST,23.21478577
SAYBROOK TE,23.21478577
SAYWARD PL,16.88271605
SAYWARD ST,37.13973003
SCHILLER RD,37.41922851
SCHILLER ST,64.99234303
SCHIRMER RD,4.260985353
SCHOOL ST,24.04362904930233
SCHOOL STREET PL,65.31512605
SCHORTMANNS TE,37.41922851
SCHREPEL PL,12.2374685
SCHROEDER PZ,33.34113791
SCHUBERT ST,19.61266523
SCHUYLER ST,63.62189055
SCOTIA ST,35.47963206
SCOTTFIELD RD,26.45074224
SCRIBNER RD,15.13292434
SEA VIEW AV,33.03791236
SEA VIEW TE,32.74981765
SEABORN ST,20.66288444
SEAFOOD WY,0.0
SEAGER CT,28.725868729999995
SEAPORT BL,6.957997454
SEAPORT LA,6.957997454
SEARLE RD,4.254356189
SEATTLE ST,41.5560472
SEAVER ST,42.991279115897434
SEAVERNS AV,19.96174578
SEDALIA RD,15.57879553
SEDGWICK ST,19.96174578
SEFTON ST,21.62091503
SEGEL ST,19.96174578
SELDEN ST,39.50953678
SELKIRK RD,33.10492007
SELMA ST,33.03791236
SELWYN ST,13.2952531
SEMINARY ST,19.76219762
SEMINOLE ST,21.620915030000003
SEMONT RD,16.31742336
SENATOR BOLLING CI,50.56261343
SENDERS CT,15.13292434
SENTRY HILL PL,21.97862428
SERVICE DR,56.82656827
SEVENTH ST,40.1025641
SEVER ST,15.83469722
SEWALL ST,43.13872255
SEXTON CT,30.29239766
SEYMOUR RD,6.417202845
SEYMOUR ST,17.98561151
SHABAZZ WY,56.82656827
SHAFTER ST,30.56994819
SHANAHAN PL,27.62198542
SHANDON RD,44.83608111
SHANLEY ST,30.61951754
SHANNON ST,33.48025388
SHARP ST,20.66288444
SHATTUCK ST,55.58282209
SHAW ST,4.254356189
SHAWMUT AV,38.162193359112905
SHAWMUT ST,24.32847276
SHAWSHEEN RD,33.03791236
SHEAFE ST,27.668772667567566
SHEFFIELD RD,13.2952531
SHELBY ST,38.1032413
SHELDON ST,27.621985420000005
SHENANDOAH ST,15.57879553
SHEPARD CT,12.72224417
SHEPARD PL,23.214785770000002
SHEPARD ST,29.63070333875
SHEPHERD AV,55.58282209
SHEPTON ST,16.31742336
SHEPTON TE,10.59498956
SHERBORN ST,8.57955789
SHERBROOK ST,4.5305125395
SHERIDAN PL,11.09207709
SHERIDAN ST,11.09207709
SHERMAN SQ,15.83469722
SHERMAN ST,25.938880715
SHERRIN ST,19.61904762
SHERWOOD CT,21.70149254
SHERWOOD ST,27.62198542
SHETLAND ST,21.70149254
SHIRLEY ST,31.852104399655175
SHORT ST,14.325555578545455
SHORT STREET PL,15.83469722
SHREWSBURY RD,5.355338498
SHURLAND ST,35.50450712
SIDLAW RD,16.54767571
SIDLEY RD,4.260985353
SIERRA RD,7.722007721999999
SIGOURNEY ST,13.076120960000003
SILLOWAY ST,20.66288444
SILVA PL,35.34510433
SILVER ST,14.495908664929578
SILVIA CT,15.13292434
SIMBROCO ST,8.194953634
SINCLAIR RD,17.20733427
SIXTEENTH ST,40.1025641
SIXTH ST,40.1025641
SKYLINE RD,15.0
SLEEPER ST,6.957997454
SLOCUM RD,8.428805237
SMITH CT,21.978624280000002
SMITH ST,46.03029737285714
SNELLING PL,29.733879219999995
SNOW HILL ST,29.73387922
SNOW ST,33.48025388
SNOWDEN WY,50.562613430000006
SOBIN PK,16.88271605
SOJOURNER TRUTH PL,56.82656827
SOLARIS RD,15.13292434
SOLDIERS FIELD PL,17.20733427
SOLDIERS FIELD RD,15.1462220004375
SOLDIERS FIELD RD XT,17.20733427
SOLEY ST,9.870848708
SOMERSET ST,17.05665025
SONOMA ST,63.62189055
SORRENTO ST,41.5560472
SOUTH ST,18.72976864131274
SOUTHAMPTON ST,20.923383224857144
SOUTHBOURNE RD,23.83184383090909
SOUTHER RD,15.57879553
SOUTHERN AV,22.04498334166667
SOUTHMERE RD,32.29371316
SOUTHVIEW ST,32.74981765
SOUTHWICK ST,6.302521008
SOUTHWOOD ST,43.58178054
SPALDING ST,35.50450712
SPARHAWK ST,26.090133401304346
SPARROW ST,4.254356189
SPAULDING ST,16.31742336
SPECTACLE ISLAND ,65.23364486
SPEEDWAY AV,17.20733427
SPEEDWELL ST,47.47474747
SPENCER ST,27.41099205
SPICE ST,15.83469722
SPINNEY ST,4.254356189
SPRAGUE ST,11.506305569489362
SPRING GARDEN ST,29.54124666
SPRING HILL RD,15.0
SPRING PARK AV,16.455132576976744
SPRING RD,9.858669424
SPRING ST,8.194953634
SPRING VALLEY RD,8.194953634
SPRINGDALE ST,32.74981765
SPRINGER ST,12.39804241
SPRINGVALE AV,8.194953634
SPRUCE CT,6.677796327
SPRUCE PL,6.677796327
SPRUCE ST,6.677796327
ST ALBANS RD,55.58282209
ST ALPHONSUS ST,43.560410544999996
ST ANDREW RD,33.03791236
ST BOTOLPH ST,28.692079372424242
ST BRENDAN RD,11.22165664
ST CECELIA ST,35.47963206
ST CHARLES ST,24.328472760000004
ST CLARE RD,16.31742336
ST CYPRIANS PL,33.34113791
ST EDWARD RD,33.03791236
ST FRANCIS DE SALES CT,61.98320413
ST GERMAIN ST,35.47963206
ST GREGORY ST,32.29371316
ST JAMES AV,18.816204062333334
ST JAMES PL,40.62827225
ST JAMES ST,39.736962745
ST JOHN ST,19.96174578
ST JOSEPH ST,19.23627685
ST LUKES RD,62.34324615
ST MARGARET ST,30.29239766
ST MARKS RD,16.31742336
ST MARTIN ST,15.83469722
ST MARYS ST,25.40286062142857
ST PAULS AV,8.428805237
ST PETER ST,11.09207709
ST RICHARD ST,40.62827225
ST ROSE ST,19.23627685
ST STEPHEN ST,41.03489771
ST THERESA AV,6.720254012400001
ST THOMAS MORE RD,16.54767571
ST WILLIAM ST,29.541246659999995
STACEY ST,19.76219762
STADIUM WY,9.082624544
STAFFORD ST,36.79727428
STANBRO ST,7.722007722
STANDARD ST,30.05495331032258
STANDISH ST,44.83608111
STANHOPE ST,22.36340534
STANIFORD ST,19.311501073333336
STANLEY ST,34.33461655517242
STANTON ST,39.50953678
STANWOOD ST,71.20991598258065
STANWOOD TE,49.48096886
STAR ST,17.98561151
STARBIRD AV,10.02079002
STARR LA,19.96174578
STATE ST,17.05665025
STATION ST,42.314455968333334
STEARNS RD,9.858669424
STEDMAN ST,35.50450712
STELLA RD,25.10970258
STELLMAN RD,27.62198542
STILLINGS ST,6.957997454
STILLMAN PL,24.02402402
STILLMAN ST,24.02402402
STIMSON RD,9.858669424
STIMSON ST,11.798810691333335
STOCK ST,11.22165664
STOCKTON ST,22.4049332
STOCKWELL ST,55.58282209
STONE TE,32.29371316
STONECREST RD,27.70072993
STONEHILL RD,15.13292434
STONEHILL TE,15.13292434
STONEHOLM ST,53.71295371
STONEHURST ST,47.47474747
STONLEY RD,35.50450712
STONY BROOK ,35.50450712
STONY BROOK RESERVATION ,1.4135826855555556
STOREY PL,19.96174578
STORY ST,12.398042410000002
STOUGHTON ST,24.24242424
STOUGHTON STREET PL,24.24242424
STOUGHTON TE,24.24242424
STOW RD,29.624422570000004
STRATFORD ST,4.254356189
STRATHCONA RD,74.42901926
STRATHMORE RD,25.244537766551723
STRATTON ST,50.56261343
STREET A ,15.83469722
STREET C ,15.83469722
STRONG PL,21.97862428
STUART ST,24.406691521153846
STURBRIDGE ST,32.29371316
STURGES RD,4.254356189
STURTEVANT ST,37.21903581
SUDAN ST,29.54124666
SULLIVAN ST,19.602893555172415
SUMMER ST,11.278621615281251
SUMMIT AV,32.954558685
SUMMIT CI,15.0
SUMMIT ST,15.0
SUMNER ,24.24242424
SUMNER AV,12.63794009
SUMNER PK,24.242424240000002
SUMNER PL,23.28709542
SUMNER SQ,24.24242424
SUMNER ST,26.776288819027027
SUMNER TE,24.24242424
SUN COURT ST,23.3374133
SUNAPEE LA,9.858669424
SUNCREST RD,21.620915030000003
SUNDERLAND ST,36.76731794
SUNNYBANK RD,4.260985353
SUNNYSIDE ST,31.53341282594203
SUNSET AV,29.01098901
SUNSET HILL PA,5.355338498
SUNSET HILL RD,5.355338498
SUNSET LA,15.57879553
SUNSET LN,15.57879553
SUNSET ST,55.58282209
SUPPLE RD,33.99693721
SURREY ST,28.725868729999995
SURREYHILL LA,8.428805237
SUSANNA CT,15.13292434
SUSSEX ST,61.98320413
SUTHERLAND RD,28.45465267923077
SUTTON ST,49.09008189
SWALLOW ST,14.4278607
SWAN AV,31.438825906055555
SWAN CT,15.57879553
SWAN ST,4.254356189
SWIFT ST,22.96404989
SWIFT TE,33.190309083
SYCAMORE ST,22.474433349705883
SYDNEY ST,29.541246659999995
SYLVESTER RD,11.22165664
SYLVIA ST,13.07612096
SYMMES ST,13.2952531
SYMPHONY RD,41.03489771
TABER ST,56.82656827
TACOMA ST,21.473259145
TAFT CT,12.63794009
TAFT ST,29.54124666
TAFTHILL PK,13.2952531
TAFTHILL TE,13.2952531
TAFTS AV,65.23364486
TAI TUNG ST,36.77654274
TALBOT AV,28.76491269327273
TALBOT PL,20.9717816
TAMPA ST,21.620915030000003
TANGLEWOOD RD,32.29371316
TAPPAN ST,13.2952531
TARLETON RD,6.417202845
TAUNTON AV,21.62091503
TAVERN RD,21.56827237
TAYLOR ST,16.374793507666666
TAYLOR TE,32.29371316
TCHAPITOULAS ST,21.62091503
TEARSEN ST,21.32560326
TEBROC ST,47.47474746999999
TELEGRAPH ST,64.26726921
TELFORD ST,17.20733427
TEMPLE PL,21.23009149
TEMPLE ST,11.511073892317569
TEMPLE TE,6.417202845
TEMPLETON WY,16.31742336
TENEAN ST,6.302521008
TENNIS RD,49.09008189
TENNYSON ST,4.254356189
TERAGRAM ST,33.03791236
TERESA TE,15.0
TERMINAL ST,31.324778057272727
TERMINE AV,11.09207709
TERRACE PL,26.34032634
TERRACE ST,26.34032634
TESLA ST,27.70072993
TETLOW ST,3.826373174
THACHER CT,24.02402402
THACHER ST,25.29288073111111
THANE ST,27.41099205
THATCHER ST,20.374036919756097
THATCHER TE,24.24242424
THELMA RD,37.21903581
THEODORE A GLYNN WY,21.70149254
THEODORE PARKER RD,4.260985353
THEODORE ST,17.83279512
THETFORD AV,39.50953678
THIRD AV,40.1025641
THIRD STREET PL,6.957997454
THIRTEENTH ST,40.1025641
THIRTY FOOT ,12.39804241
THIRTY FT ST ZZ ,8.194953634
THOMAS PK,12.39804241
THOMAS ST,7.758620689999999
THOMPSON ISLAND ,65.23364486
THOMPSON PL,6.957997454
THOMPSON SQ,19.747147239999997
THOMPSON ST,14.215777410303032
THOMSON PL,6.957997454
THORN ST,21.62091503
THORNDIKE ST,56.82656827
THORNLEY ST,29.541246660000002
THORNTON PL,37.91002812
THORNTON ST,34.45941530842105
THORNTON TE,37.91002812
THRUSH ST,9.858669424
THURLOW ST,4.260985353
THURSTON ST,33.03791236
THWING ST,26.340326339999997
TICKNOR ST,14.401820549999998
TIDE ST,0.0
TILESBORO ST,37.21903581
TILESTON PL,23.3374133
TILESTON ST,22.669886195
TILMAN ST,20.9717816
TINA AV,21.62091503
TIP TOP ST,13.832116790000002
TIVERTON RD,29.624422569999997
TOBIN BRIDGE ,
TOBIN RD,9.858669424
TOLAND TE,36.7239636
TOLEDO TE,36.7239636
TOLL GATE WY,29.01098901
TOLMAN ST,6.302521008
TONAWANDA ST,36.7239636
TOPALIAN ST,27.70072993
TOPEKA ST,21.70149254
TOPLIFF ST,47.47474747
TORPIE ST,43.13872255
TORREY ST,20.9717816
TOVAR ST,35.81235698
TOWER ST,29.010989009999996
TOWNSEND ST,36.695290682619046
TRACTON AV,21.62091503
TRAIN ST,22.994327337083334
TRANSIT ST,16.88271605
TRAPELO ST,30.61951754
TRAVELER ST,61.46256529
TRAVIS ST,41.5560472
TREADWAY RD,29.54124666
TRELAWNEY RD,21.62091503
TREMLETT ST,20.66288444
TREMONT PL,46.32627646
TREMONT ST,33.52862271592476
TRENT ST,35.81235698
TRENTON ST,34.935751115833334
TRESCOTT ST,24.24242424
TRIDENT ST,22.96404989
TRILLING WY,6.957997454
TRINITY PL,17.234886715000002
TRINITY TE,30.56994819
TRULL ST,35.81235698
TRUMAN HW,14.4693130630625
TRUMAN PW,15.0
TUCKER ST,50.56261343
TUCKERMAN ST,16.88271605
TUDOR ST,14.40464178
TUFTS ST,40.1025641
TUPELO ST,43.58178054
TURNER ST,14.19304619
TURTLE POND PW,15.13292434
TUTTLE ST,29.54124666
TYLER ST,27.575186652676052
TYNDALE ST,13.2952531
UFFORD ST,39.50953678
UNDINE RD,23.99745385
UNION AV,35.50450712
UNION PARK ST,46.81142748761905
UNION PK,26.970729888888886
UNION ST,26.378063756969695
UNITY CT,23.3374133
UNITY ST,23.3374133
UNIVERSITY RD,4.289778945
UPCREST RD,14.19304619
UPHAM AV,24.242424240000002
UPHAM CT,24.24242424
UPLAND AV,20.662884440000003
UPTON ST,22.562969175652178
UTICA ST,21.23009149
VALE ST,37.91002812
VALENCIA RD,12.72224417
VALENTINE ST,37.91002812
VALLARO RD,15.13292434
VALLEY RD,32.29371316
VAN BRUNT ,15.0
VAN BRUNT ST,15.0
VAN NESS ST,35.10504579
VAN WINKLE ST,15.57879553
VANCOUVER ST,9.924352222
VANDERBILT AV,21.62091503
VARICK RD,6.417202845
VARNEY ST,29.01098901
VASSAR ST,30.56994819
VAUGHAN AV,74.42901926
VENDEN PL,19.76219762
VENICE ST,33.22563274
VENTURA ST,15.57879553
VERA ST,22.4049332
VERDUN ST,15.57879553
VERMONT ST,5.591417422531914
VERNDALE ST,29.62442257
VERNON PL,13.15996848
VERNON ST,23.452626770555558
VERONA ST,19.96174578
VERRILL ST,49.09008189
VERSHIRE ST,4.254356189
VESPER ST,6.417202845
VESTA RD,44.83608111
VFW PW,6.7554144715397735
VICKSBURG ST,12.2374685
VICTOR ST,35.91145122
VICTORIA HEIGHTS RD,21.62091503
VICTORIA ST,29.541246660000002
VICTORY RD,35.34530764018182
VIENNA ST,38.1032413
VIEW SOUTH AV,19.23627685
VIKING ST,10.59498956
VIKING TE,29.624422569999997
VILLAGE CT,61.46256529
VINAL ST,26.45074224
VINCENT RD,5.355338498
VINE AV,21.70149254
VINE ST,37.25708617875
VINELAND ST,17.20733427
VINING ST,55.58282209
VINSON ST,20.66288444
VINTON ST,16.88271605
VIOLANTE ST,27.70072993
VIOLET ST,29.62442257
VIRGIL RD,4.260985353
VIRGINIA ST,37.13973003
VISTA ST,17.98561151
VOGEL ST,8.194953634
VON HILLERN ST,30.29239766
VOSE AV,15.0
W BELLFLOWER ST,30.29239766
W BOUNDARY RD,37.41922851
W BROADWAY ,13.351128750056075
W BROADWAY ST,16.88271605
W BROOKLINE ST,13.208422675121952
W CANTON ST,12.225691637272728
W CEDAR ST,12.203095310027777
W CONCORD ST,26.04751805916667
W COTTAGE ST,36.3776738831579
W DEDHAM ST,28.27838828
W EAGLE ST,40.33235582
W EIGHTH ST,14.40464178
W FIFTH ST,15.268310134696971
W FIRST ST,11.393375588833335
W FOURTH ST,15.024160347499999
W HAVEN ST,28.27838828
W HILL PL,21.97862428
W HOWELL ST,30.29239766
W MILTON ST,15.13292434
W NEWTON ST,15.522650274444445
W NINTH ST,14.404641780000002
W PARK ST,44.83608111
W ROXBURY PW,9.460574134537636
W RUTLAND SQ,31.43550998
W SCHOOL ST,19.76219762
W SECOND ST,13.037167934807693
W SELDEN ST,29.62442257
W SEVENTH ST,14.404641780000002
W SIXTH ST,14.542312572777778
W SORRENTO ST,41.5560472
W SPRINGFIELD ST,28.071675915531912
W THIRD ST,11.914235088941176
W TREMLETT ST,27.41099205
W WALNUT PK,65.31512605
WABASH ST,27.70072993
WABENO ST,36.76731794
WABON ST,36.767317940000005
WACHUSETT ST,24.95786708829545
WADE ST,16.54767571
WADLEIGH PL,16.88271605
WADSWORTH ST,41.5560472
WAINWRIGHT ST,20.9717816
WAIT ST,55.58282209
WAKEFIELD AV,15.0
WAKULLAH ST,40.62827225
WALBRIDGE ST,26.45074224
WALDECK ST,30.60545725333333
WALDEMAR AV,31.329054824137934
WALDEN ST,64.99234303
WALDO TE,23.21478577
WALDORF ST,20.9717816
WALDREN RD,65.31512605
WALES PL,33.86442642
WALES ST,44.83608111
WALK HILL ST,31.11149113276423
WALKER ST,18.827456081176468
WALL ST,15.834697220000002
WALLACE CT,9.870848708
WALLACE PK,10.02079002
WALLEY ST,33.03791236
WALLINGFORD RD,33.48025388
WALNUT AV,37.03931434221053
WALNUT CT,21.013557254571428
WALNUT PK,65.31512605
WALNUT RD,9.858669424
WALNUT ST,10.35245839575
WALTER ST,14.782354981481483
WALTHAM ST,30.981123164444448
WALTON ST,20.9717816
WALWORTH ST,16.093813724492755
WARD CT,16.88271605
WARD ST,21.6234377236
WARDMAN RD,65.31512605
WARE ST,35.81235698
WAREHAM ST,52.60300224
WARNER ST,44.83608111
WARREN AV,15.986117265357143
WARREN PK,15.0
WARREN PL,53.02430752
WARREN SQ,19.96174578
WARREN ST,38.42031560898089
WARRENTON ST,36.776542740000004
WARWICK ST,61.98320413
WASHBURN ST,30.429673395
WASHINGTON AV,30.29239766
WASHINGTON MA,17.05665025
WASHINGTON PL,17.458612363999997
WASHINGTON ST,27.498823452045
WASHINGTON STREET PL,15.0
WATER ST,11.265965273538463
WATERLOO ST,15.13292434
WATERLOW ST,30.56994819
WATERMAN RD,10.02079002
WAUMBECK ST,36.157797821428574
WAVE AV,32.74981765
WAVERLY RD,9.858669424
WAVERLY ST,29.006428653947367
WAY ST,21.32560326
WAYBURN RD,10.02079002
WAYLAND ST,36.045445271999995
WAYMOUNT ST,55.58282209
WAYNE ST,63.62189055
WEBB PK,12.39804241
WEBBER ST,56.82656827
WEBLEY ST,42.17413186
WEBSTER AV,21.274809848533334
WEBSTER PL,15.691750214999999
WEBSTER ST,24.523979388551723
WEDGEMERE RD,9.858669424
WEDGEWOOD RD,5.355338498
WEDMORE ST,32.74981765
WEEKS AV,19.61904762
WEITZ ST,17.20733427
WELD AV,65.31512605
WELD HILL ST,29.01098901
WELD ST,6.1559989481890245
WELDON ST,36.76731794
WELLAND RD,6.417202845
WELLES AV,20.9717816
WELLESLEY PK,20.662884439999996
WELLINGTON HILL ST,26.21236133
WELLINGTON PL,15.83469722
WELLINGTON ST,31.43550998
WELLSMERE PK,12.63794009
WELLSMERE RD,12.63794009
WELLSMERE TE,12.63794009
WELTON RD,4.260985353
WENDELL PL,16.88271605
WENDELL ST,21.23009149
WENDELLER ST,16.88271605
WENDOVER ST,43.65746299
WENHAM ST,29.01098901
WENLOCK RD,11.22165664
WENONAH ST,36.76731794
WENSLEY ST,38.57247617000001
WENTWORTH ST,20.9717816
WENTWORTH TE,20.9717816
WESLEY PL,23.337413299999998
WESLEY ST,19.73209686
WEST SERVICE RD,16.88271605
WEST ST,19.52417009826389
WESTBOURNE ST,19.61266523
WESTBROOK ST,22.96404989
WESTCHESTER RD,8.428805237
WESTCOTT ST,44.83608111
WESTERLY ST,64.99234303
WESTERN AV,19.842416329673913
WESTFORD PL,17.20733427
WESTFORD ST,17.20733427
WESTGATE RD,6.417202845
WESTGLOW ST,16.31742336
WESTLAND AV,46.185357960000005
WESTMINSTER AV,50.891390297368424
WESTMINSTER ST,21.11805031135593
WESTMINSTER TE,29.229120095714286
WESTMOOR CI,37.41922851
WESTMOOR RD,37.41922851
WESTMOOR TE,37.41922851
WESTMORE RD,26.21236133
WESTMORELAND ST,15.57879553
WESTMOUNT AV,4.260985353
WESTON ST,16.934858178076926
WESTOVER ST,6.417202845
WESTVILLE ST,39.71029245277778
WESTVILLE TE,36.7239636
WESTWOOD ST,33.86442642
WEYANOKE ST,15.578795529999999
WEYBOSSET ST,21.62091503
WEYMOUTH AV,9.858669424
WHARF ST,21.23009149
WHARTON CT,15.132924339999999
WHEATLAND AV,27.41099205
WHEATLEY WY,56.82656827
WHEELOCK AV,24.24242424
WHIPPLE AV,28.156217570000003
WHITBY ST,33.03791236
WHITBY TE,24.242424240000002
WHITCOMB AV,8.428805237
WHITE OAK RD,4.254356189
WHITE ST,39.98645873931034
WHITE STREET PL,40.33235582
WHITFIELD ST,25.8011894375
WHITFORD ST,17.75310405695652
WHITING ST,45.605179178571426
WHITMAN ST,20.9717816
WHITRIDGE ST,11.22165664
WHITTEMORE ST,4.260985353
WHITTEMORE TE,35.81235698
WHITTEN ST,37.21903581
WICHITA TE,32.29371316
WIDETT CI,16.88271605
WIGET ST,24.02402402
WIGGIN ST,23.3374133
WIGGLESWORTH ST,43.13872255
WILBERT RD,44.83608111
WILBUR CT,27.74030354
WILBUR ST,24.24242424
WILCOCK ST,50.56261343
WILCOX RD,15.57879553
WILCUTT RD,30.56994819
WILDWOOD ST,31.117141997250002
WILKES ST,28.27838828
WILKINS PL,12.63794009
WILKINSON PK,63.22498407
WILLARD ST,12.85294118
WILLERS ST,37.41922851
WILLET ST,9.858669424
WILLIAM E DOUCETTE SQ,6.302521008
WILLIAM J DAY BL,
WILLIAM JACKSON AV,30.61951754
WILLIAMS AV,15.0
WILLIAMS ST,38.975180609166664
WILLIS ST,24.24242424
WILLISTON RD,39.45837513
WILLOUGHBY PL,26.34032634
WILLOUGHBY ST,30.61951754
WILLOW AV,19.61904762
WILLOW CT,30.292397660000002
WILLOW ST,5.2685479740681815
WILLOW TE,4.260985353
WILLOWDEAN AV,5.355338498
WILLOWWOOD ST,17.83279512
WILMINGTON AV,26.80325983485714
WILMORE ST,49.09008189
WILMOT ST,23.074576509166665
WILNA CT,4.260985353
WILROSE ST,33.86442642
WILSON PK,39.45837513
WILTON ST,27.275733830588237
WILTON TE,41.5560472
WILTSHIRE RD,30.61951754
WINBOROUGH ST,21.62091503
WINCHESTER ST,24.32847276
WINCHESTER TE,8.428805237
WINDERMERE RD,24.24242424
WINDHAM RD,19.61904762
WINDOM ST,31.814020403199997
WINDSOR ST,61.98320413
WINFIELD ST,12.39804241
WINGATE RD,7.722007722
WINSHIP PL,23.214785770000002
WINSHIP ST,24.004437163076922
WINSLOW ST,18.602820716666667
WINSTON RD,17.83279512
WINTER PL,21.23009149
WINTER ST,23.435504814216216
WINTHROP LA,21.23009149
WINTHROP SQ,21.23009149
WINTHROP ST,34.82842421430189
WINTON ST,42.39873751
WISE ST,32.26083226
WITHINGTON ST,20.9717816
WM C KELLY SQ,39.72703134857143
WM CARD OCONNELL WY,22.54078102
WM F MCCLELLAN HW,25.12679152
WM T MORRISSEY BL,24.556730487012345
WOLCOTT CT,7.722007722
WOLCOTT SQ,7.722007722
WOLCOTT ST,26.26901677235294
WOLFE ST,4.260985353
WOLLASTON TE,17.83279512
WOOD AV,21.52493870475
WOOD ST,19.76219762
WOODARD RD,4.254356189
WOODBINE ST,43.58178054
WOODBOURNE RD,10.02079002
WOODBRIER RD,9.858669424
WOODCLIFF ST,35.91145122
WOODDALE AV,29.62442257
WOODFIELD ST,11.22165664
WOODFORD ST,35.91145122
WOODGLEN RD,15.0
WOODHAVEN ST,27.70072993
WOODLAND AV,8.428805237
WOODLAND PL,21.32560326
WOODLAND RD,8.428805237
WOODLAWN ST,29.01098901
WOODLEDGE ST,35.91145122
WOODLEY AV,37.41922851
WOODMAN ST,19.23627685
WOODMERE ST,29.62442257
WOODMONT ST,13.83211679
WOODROW AV,34.814298359836066
WOODS PL,15.83469722
WOODSIDE AV,13.07612096
WOODSTOCK AV,26.45074224
WOODVILLE PK,36.79727428
WOODVILLE ST,36.79727428
WOODVILLE TE,36.79727428
WOODWARD AV,21.70149254
WOODWARD PARK ST,35.91145122
WOODWARD PL,16.88271605
WOODWARD ST,16.88271605
WOODWORTH ST,6.302521008
WOOLSEY SQ,19.96174578
WOOLSON ST,49.09008189
WORCESTER SQ,43.64508393
WORCESTER ST,28.094126420967743
WORDSWORTH ST,22.96404989
WORLEY ST,6.417202845
WORMWOOD ST,16.88271605
WORRELL ST,37.21903581
WORTHINGTON ST,43.13872255
WREN ST,4.254356189
WRENTHAM ST,15.938127987837838
WRIGHT ST,17.98561151
WYCLIFF AV,8.194953634
WYMAN PL,32.26083226
WYMAN ST,32.26083226
WYOLA PL,66.11300246
WYOMING ST,36.76731794
WYVERN ST,10.02079002
YALE TE,29.01098901
YARMOUTH ST,22.36340534
YEOMAN PL,21.70149254
YEOMAN ST,21.70149254
YORK ST,33.99693721
YORKTOWN ST,4.260985353
YOUNGS RD,27.70072993
YUILL CI,7.722007722
ZAMORA CT,20.35749752
ZAMORA ST,20.35749752
ZEIGLER ST,56.82656827000001
ZELLER ST,13.2952531
