,ct_perc_children_under_5
,mean
st_loc,
A ST,7.760494063806451
ABBOT ST,32.85957931
ABBOTSFORD ST,22.60032103
ABBY RD,9.167842031000001
ABERDEEN ST,0.409706902
ACACIA RD,15.4410179
ACADEMY HILL RD,12.306030129764705
ACADIA ST,9.073088771
ACHORN CI,16.32458234
ACKLEY PL,16.93430657
ACORN ST,14.1903172
ACTON ST,22.1540559
ADA ST,22.07008587
ADAIR RD,5.189413596
ADAMS PL,3.163618389
ADAMS ST,26.32691318327381
ADAMS TE,20.92698806
ADAMSON ST,5.764503441
ADANAC TE,28.57915615
ADDINGTON RD,19.21774467
ADDISON ST,21.71680117
ADELAIDE ST,10.27837259
ADELAIDE TE,10.27837259
ADELLA PL,11.42425767
ADIRONDACK PL,23.20726916
ADRIAN ST,30.17217819
AGASSIZ PK,20.75596817
AGAWAM ST,20.92698806
AGNES AV,24.039215690000002
AGUADILLA ST,17.71062271
AINSLEY ST,19.51882033
AINSWORTH ST,15.20583021
AKRON PL,32.72251309
AKRON ST,32.72251309
ALABAMA ST,20.72992701
ALAMEDA RD,19.35197514
ALARIC ST,15.4410179
ALARIC TE,15.4410179
ALASKA ST,30.74534161
ALBAN ST,23.5932543
ALBANO ST,17.31476616
ALBANY ST,18.48484588295385
ALBEMARLE CT,22.1540559
ALBEMARLE ST,18.6423965615
ALBERT PL,20.92698806
ALBERTA ST,22.72007241
ALBION PL,13.33878887
ALBION ST,28.49370664625
ALBRIGHT ST,19.21774467
ALCOTT ST,5.764503441
ALDER ST,17.31476616
ALDIE ST,7.466172735999999
ALDO TE,25.01785714
ALDRICH ST,25.82231786
ALDWIN RD,23.15018315
ALDWORTH ST,20.75596817
ALEXANDER ST,14.48376505
ALFORD ST,13.33878887
ALFRED ST,12.86732742
ALGER ST,6.820987654
ALGONQUIN ST,27.33160622
ALHAMBRA RD,19.35197514
ALICIA RD,20.88386434
ALKYRIS RD,16.82178559
ALLANDALE ST,14.90618552
ALLEGHANY ST,7.466489446076922
ALLEN RD,12.66409266
ALLEN ST,20.345349641428573
ALLENWOOD ST,22.72007241
ALLERTON ST,11.58208955
ALLEYNE ST,22.720072409999997
ALLSTATE RD,16.67836257
ALLSTON ST,13.784792852424529
ALMONT ST,26.79756075
ALNA PL,16.93989071
ALPHA RD,16.66169006
ALPHEUS RD,24.05442177
ALPINE PL,32.72251309
ALPINE ST,32.44240672225806
ALPINE WY,17.83369803
ALTACREST RD,15.4410179
ALTAIR RD,16.82178559
ALTHEA ST,20.92698806
ALTHER ST,11.58208955
ALVAH KITTREDGE PK,10.45621046
ALVAN TE,19.3877551
ALVARADO AV,22.1540559
ALVESTON ST,12.86732742
ALVESTON TE,12.86732742
ALWARD RD,14.92084877
ALWIN ST,22.1540559
AMBOY ST,5.764503441
AMBROSE ST,21.08535896
AMERICAN LEGION HW,25.30006835811765
AMESBURY ST,19.21774467
AMHERST ST,17.31476616
AMORET RD,16.82178559
AMORY AV,28.46638655
AMORY ST,20.255138000526316
ANAWAN AV,23.35877000264706
ANAWAN TE,25.82231786
ANCHOR WY,0.0
ANDERSON PL,6.851192107
ANDERSON ST,7.666650450666667
ANDOVER RD,14.92084877
ANDRIA RD,24.03921569
ANGELL ST,32.85957931
ANITA TE,10.45621046
ANNABEL ST,19.3877551
ANNAFRAN ST,24.03921569
ANNAPOLIS ST,19.3877551
ANNAVOY ST,23.46955523
ANNUNCIATION RD,15.4954955
ANSEL RD,40.72595281
ANSELM TE,14.802631580000002
ANSON ST,16.60366386
ANSONIA RD,15.441017899999999
ANTHONY J GRIECO TE,18.41977702
ANTHONY R VALENTI WY,8.5
ANTRIM ST,23.46955523
ANTWERP ST,9.167842031
APPIAN PL,19.69360568
APPIAN WY,9.167842031
APPLETON ST,13.391787886086956
ARAMON ST,16.93989071
ARBELLA RD,20.88386434
ARBORCREST TE,24.88451496
ARBORETUM RD,23.15018315
ARBORFIELD RD,24.039215690000002
ARBOROUGH RD,15.20583021
ARBORVIEW RD,14.89361702
ARBORWAY ,15.74864044
ARBORWAY ST,17.265692290133334
ARBORWAY TE,20.75596817
ARBROTH ST,19.51882033
ARBUTUS ST,40.72595281
ARCADIA PK,30.98078868
ARCADIA ST,27.339108132962966
ARCH ST,7.878685191
ARCHDALE RD,23.15018315
ARCOLA ST,8.589870904
ARDALE ST,15.20583021
ARDEE ST,16.93989071
ARDEN ST,5.764503441
ARDENT ST,25.82231786
ARDMORE RD,19.35197514
ARGUS PL,14.80263158
ARGYLE ST,23.5932543
ARGYLE TE,23.5932543
ARION ST,14.48376505
ARLINGTON AV,13.338788869999998
ARLINGTON CT,12.66409266
ARLINGTON ST,14.02620979374074
ARMANDINE ST,22.353363979322037
ARMINGTON ST,11.42425767
ARMORY ST,13.338788869999998
ARMSTRONG ST,19.56241956
ARNOLD PL,23.27143422
ARUNDEL ST,0.409706902
ARVALE RD,27.33160622
ASCOT ST,9.167842031
ASHBURTON PL,6.362889984
ASHCROFT ST,12.86732742
ASHEVILLE RD,24.05442177
ASHEVILLE ST,24.05442177
ASHFIELD ST,15.20583021
ASHFORD CT,5.764503441
ASHFORD ST,5.764503441
ASHFORD TE,5.764503441
ASHLAND AV,15.4410179
ASHLAND ST,20.92698806
ASHLEY ST,22.702082151964284
ASHMONT CT,20.2915317
ASHMONT PK,28.57915615
ASHMONT ST,23.118804460621117
ASHMORE RD,23.15018315
ASHTON ST,39.27756482454546
ASHWOOD TE,22.07008587
ASPEN ST,30.745341610000004
ASPINWALL RD,29.93432423
ASTICOU RD,23.15018315
ASTORIA ST,32.14285714
ATHELWOLD ST,29.93432423
ATHENS ST,5.746011087913043
ATHERSTONE ST,20.88386434
ATHERTON AV,18.12131445
ATHERTON PL,28.46638655
ATHERTON ST,22.9886485595
ATHOL ST,9.167842031
ATKINS ST,10.2189781
ATKINSON ST,11.58208955
ATLANTIC AV,7.153768228
ATLANTIC ST,7.483686786000001
ATLANTIS ST,19.21774467
ATWILL RD,19.35197514
ATWOOD SQ,16.32458234
AU BON PAIN WY,0.0
AUBURN PL,13.33878887
AUBURN SQ,13.33878887
AUBURN ST,13.33878887
AUBURN TE,13.33878887
AUCKLAND ST,20.79370893769231
AUGUSTUS AV,21.119021928
AURIGA ST,19.51882033
AUSTIN AV,23.46955523
AUSTIN ST,22.37460386836735
AUTUMN ST,14.108276660000001
AVALON RD,19.21774467
AVENUE DE LAFAYETTE ,7.878685191
AVENUE LOUIS PASTEUR ,2.427484057
AVERBUCH TE,17.66409266
AVERTON ST,17.31476616
AVERY PL,13.33878887
AVERY ST,7.878685191
AVILA RD,23.27143422
AVON PL,21.81865018
AVON ST,14.89361702
AVONDALE ST,23.20726916
AYLES RD,14.102162330000002
AYR RD,1.554815167
B ST,7.2325344185
BABBITT ST,0.744145327
BABCOCK ST,5.764503441
BABSON ST,27.362973265365852
BACK ST,7.979838034
BADGER PL,21.81865018
BADGER RD,25.01785714
BAGNAL ST,9.167842031
BAILEY ST,20.88386434
BAIRD ST,40.72595281
BAKER AV,14.48376505
BAKER CT,16.67836257
BAKER PL,19.21774467
BAKER ST,17.690358210493827
BAKERS AL,5.875152999
BAKERSFIELD ST,19.3877551
BALDWIN PL,5.803195540636364
BALDWIN ST,13.33878887
BALFOUR ST,30.172178190000004
BALINA PL,31.84983348
BALL ST,22.83591731
BALLARD ST,16.32458234
BALLARD WY,16.32458234
BALLIN PL,12.86732742
BALLOU AV,24.79368497
BALLOU PL,24.79368497
BALMORAL PK,17.17118998
BALSAM ST,40.72595281
BANCROFT ST,28.46638655
BANFIELD AV,24.88451496
BANGOR RD,19.21774467
BANKS ST,19.21774467
BANTON ST,23.5932543
BANTRY WY,17.17118998
BARBARA ST,12.86732742
BARCLAY RD,19.35197514
BARD AV,21.08535896
BARDWELL ST,16.32458234
BARKER ST,12.66409266
BARLOW ST,24.594849595
BARNA RD,20.88386434
BARNARD PL,9.073088771
BARNES AV,23.46955523
BARRETT AV,17.17118998
BARRINGTON RD,28.57915615
BARROWS ST,11.424257669999998
BARRY PK,27.49130939
BARRY ST,26.488157295957446
BARSTOW ST,7.728927471
BARTLETT AV,15.4410179
BARTLETT PL,0.660660661
BARTLETT SQ,16.60366386
BARTLETT ST,18.18548480315789
BARTON ST,8.5
BASILE ST,23.92035895
BASTO TE,15.20583021
BATCHELDER ST,28.382753128181818
BATEMAN ST,24.05442177
BATESWELL RD,28.57915615
BATTERY ST,8.077226162
BATTERYMARCH ST,7.878685191
BAXTER ST,10.822401609999998
BAY ST,17.344776935000002
BAY STATE PL,9.073088771
BAY STATE RD,1.0740874482133334
BAY VIEW PL,7.483686786
BAYARD ST,9.167842031
BAYSIDE ST,17.83369803
BAYSWATER ST,23.469555229999997
BEACH ST,11.8259023316
BEACHVIEW RD,23.46955523
BEACON ST,9.30869940386747
BEAL PL,22.1540559
BEALE ST,28.57915615
BEARSE AV,28.57915615
BEAUFIELD ST,20.2915317
BEAUFORT RD,12.86732742
BEAUMONT ST,28.57915615
BEAVER PL,14.1903172
BEAVER ST,22.462620439
BECKET ST,28.57915615
BECKLER AV,5.266579974
BEDFORD ST,7.878685191
BEECH GLEN ST,10.45621046
BEECH ST,25.445706577782808
BEECHCROFT ST,5.189413596
BEECHER ST,10.27837259
BEECHLAND CI,34.61336139
BEECHMONT FW,24.05442177
BEECHMONT ST,24.05442177
BEECHMONT TE,24.05442177
BEECHWOOD ST,27.49130939
BEETHOVEN ST,16.93430657
BELDEN SQ,25.21008403
BELDEN ST,25.21008403
BELFORT ST,25.52972639
BELGRADE AV,18.5686420634375
BELGRAVIA PL,8.077226162
BELL CT,10.82240161
BELLAIRE RD,14.92084877
BELLAMY ST,10.2189781
BELLE AV,15.4410179
BELLE ISLE INLET ,21.71680117
BELLEVUE HILL RD,22.72007241
BELLEVUE ST,25.349962840153847
BELLFLOWER ST,16.67836257
BELLINGHAM PL,6.851192107
BELLVISTA RD,2.294197031
BELMONT PL,16.93989071
BELMONT ST,13.33878887
BELMORE TE,10.27837259
BELNAP RD,22.1540559
BELNEL RD,24.039215689999995
BELTON ST,20.2915317
BELVIDERE ST,1.084099869
BENNET PL,24.82893451
BENNET ST,8.796473745
BENNETT ST,12.66409266
BENNINGTON ST,21.55123784439206
BENSON ST,9.167842031
BENTHAM RD,31.41088302
BENTLEY ST,7.728927471
BERKELEY ST,11.223664007928573
BERKSHIRE ST,28.57915615
BERNARD ST,33.70240504214286
BERNICE ST,20.92698806
BERRY ST,11.81722689
BERTRAM ST,5.764503441
BERTSON AV,19.35197514
BERWICK ST,19.21774467
BERYL ST,25.82231786
BEVERLY ST,8.5
BEXLEY RD,23.92035895
BICKFORD AV,10.82864825
BICKFORD ST,34.72161741421053
BICKNELL ST,32.85957931
BIGELOW CI,10.2189781
BIGELOW ST,9.150195642899998
BILLERICA ST,8.5
BILLINGS LA,14.893617020000002
BILLINGS ST,15.4410179
BILODEAU RD,36.49798477
BILTMORE ST,12.86732742
BINFORD ST,6.820987654
BINNEY ST,12.33128834
BIRCH RD,16.82178559
BIRCH ST,17.31476616
BIRCHCROFT RD,24.03921569
BIRCHLAND AV,15.441017899999999
BIRCHLAND TE,15.4410179
BIRCHWOOD ST,28.274916780000005
BIRD PL,19.35197514
BIRD ST,18.0334690453125
BISCOE PL,21.818650180000002
BISHOP JOE L SMITH WY,36.49798477
BISHOP ST,12.86732742
BISMARCK ST,18.83211679
BISPHAM ST,20.92698806
BLABAN PL,21.818650180000002
BLACKFAN CI,2.427484057
BLACKFAN ST,9.030020245666668
BLACKINTON ST,23.46955523
BLACKSTONE SQ,17.71062271
BLACKSTONE ST,6.362889984
BLACKWELL ST,11.81722689
BLACKWOOD ST,3.601874344875
BLAINE ST,5.764503441
BLAKE ST,24.03921569
BLAKEMORE ST,24.393139005000002
BLAKEVILLE ST,27.49130939
BLANCHARD ST,10.45621046
BLANCHE ST,20.92698806
BLANDFORD ST,0.744145327
BLANVON RD,23.15018315
BLENFORD RD,9.837799718
BLOCK ST,31.81818182
BLOOMFIELD ST,30.98078868
BLOOMINGTON ST,11.81722689
BLOSSOM ST,3.163618389
BLUE HILL AV,29.454213611333333
BLUE LEDGE DR,34.61336139
BLUEFIELD TE,24.884514959999997
BLUEVIEW CI,28.27491678
BLUEVIEW RD,28.27491678
BOARD AL,5.875152999
BOARDMAN ST,23.189114580400002
BOBOLINK ST,22.72007241
BODWELL ST,14.48376505
BOGANDALE RD,16.82178559
BOLSTER ST,19.56241956
BOLTON PL,21.818650180000002
BOLTON ST,5.359758908388235
BONAD RD,18.38837421923077
BONAIR ST,19.21774467
BOND ST,17.71062271
BONELL TE,10.81713884
BORDER ST,26.433015881923076
BOSTON AND MAINE RR ,17.52779502
BOSTON ST,15.210242901659575
BOSTON UNI BRIDGE ZZ ,2.55164034
BOSTON WHARF RD,2.885023335
BOSTONIA AV,10.66199873
BOTHWELL RD,5.189413596
BOULEVARD TE,2.294197031
BOURNE ST,21.498344976956524
BOURNEDALE RD,23.15018315
BOURNESIDE ST,16.66169006
BOUTWELL ST,19.51882033
BOW ST,25.01785714
BOWDITCH RD,14.89361702
BOWDOIN AV,27.33160622
BOWDOIN PK,27.98125609375
BOWDOIN SQ,6.362889984
BOWDOIN ST,29.952893941846153
BOWEN ST,10.82240161
BOWER ST,32.72251309
BOWKER ST,6.362889984
BOWMAN ST,11.81722689
BOXFORD TE,22.72007241
BOYD ST,30.98078868
BOYDEN ST,40.72595281
BOYLSTON PL,11.755685681363637
BOYLSTON ST,8.091218486990783
BOYNTON ST,16.60366386
BRACKETT ST,5.1894135960000005
BRADBURY ST,6.383292275545454
BRADDOCK PK,13.59593393
BRADEEN ST,23.92035895
BRADEEN STREET FW,23.92035895
BRADFIELD AV,15.205830210000002
BRADFORD CI,15.205830209999998
BRADFORD RD,23.20726916
BRADFORD ST,17.71062271
BRADLEE CT,24.03921569
BRADLEE LA,24.03921569
BRADLEE PK,24.039215690000002
BRADLEE ST,23.750167156571425
BRADSHAW ST,31.678094185000003
BRADSTON ST,11.58208955
BRADSTREET AV,24.319287914285717
BRADWOOD ST,25.82231786
BRAEBURN RD,23.27143422
BRAEMORE RD,0.678426052
BRAEWOOD ST,23.27143422
BRAGDON ST,28.46638655
BRAHMS ST,25.82231786
BRAINARD ST,21.481323895384612
BRAINERD RD,2.8571837918484846
BRAINTREE ST,5.764503441
BRANCH ST,14.1903172
BRANCHFIELD ST,28.57915615
BRANTON ST,20.2915317
BRAYTON RD,10.66199873
BRAYTON TE,10.66199873
BRECK AV,10.66199873
BREED ST,23.46955523
BREMEN ST,18.835449563442626
BREMEN TE,20.608843095
BRENT ST,23.5932543
BRENTON ST,30.49660906
BRENTWOOD ST,9.167842031
BREWER ST,20.75596817
BREWSTER ST,7.483686786000001
BRIARCLIFF TE,24.884514959999997
BRIDGE CT,3.163618389
BRIER RD,22.72007241
BRIGHAM ST,16.93989071
BRIGHTON AV,4.787390816090909
BRIGHTON ST,13.33878887
BRIMMER ST,14.1903172
BRINSLEY ST,36.49798477
BRINTON ST,20.14995314
BROAD ST,7.183945721124999
BROADLAWN PK,19.21774467
BROADWAY ST,12.200306426555557
BROCK ST,8.565075108774193
BROCKTON ST,20.72992701
BROMFIELD ST,7.878685191
BROMLEY ST,36.04900459
BRONX RD,15.4410179
BROOK AV,30.360041956153847
BROOK FARM RD,19.160698025238094
BROOK MARSHALL RD,26.270357179999998
BROOK ST,21.03950104
BROOKDALE ST,23.92035895
BROOKFIELD ST,15.20583021
BROOKFORD ST,30.17217819
BROOKLEDGE ST,33.6318408
BROOKLEY RD,16.60366386
BROOKLINE AV,2.8572904960232557
BROOKS ST,16.62907249382979
BROOKSDALE RD,5.189413596
BROOKSIDE AV,16.925605446052632
BROOKVALE ST,28.57915615
BROOKVIEW ST,40.72595281
BROOKWAY RD,23.15018315
BROOKWAY TE,23.92035895
BROWN AV,23.303601256666667
BROWN TE,12.86732742
BROWNING AV,32.85957931
BROWNSON TE,14.92084877
BRUCE ST,28.57915615
BRUCEWOOD ST,19.21774467
BRUNSWICK ST,25.798112515789473
BRUSH HILL TE,25.01785714
BRUSHWOOD CI,25.01785714
BRYANT RD,16.82178559
BUCHANAN RD,14.92084877
BUCKINGHAM ST,21.298243703
BUCKLEY AV,19.56241956
BUCKNAM ST,10.82864825
BUICK ST,2.55164034
BULLARD ST,27.33160622
BUMSTEAD CT,7.878685191
BUNGALOW RD,16.82178559
BUNKER HILL CT,13.33878887
BUNKER HILL ST,20.299451021632652
BUNKER ST,22.1540559
BURARD ST,19.35197514
BURBANK ST,2.164502165
BURGOYNE ST,28.57915615
BURKE ST,10.81713884
BURLEY ST,22.91399865
BURLINGTON AV,0.409706902
BURMAH ST,20.72992701
BURNETT ST,16.60366386
BURNEY ST,6.137724551
BURNSIDE AV,14.92084877
BURR ST,10.27837259
BURRAGE ST,12.86732742
BURRELL ST,30.57921635
BURRILL PL,7.483686786
BURROUGHS ST,20.75596817
BURRWOOD RD,14.92084877
BURT ST,20.88386434
BURTON AV,30.74534161
BURTON ST,10.2189781
BURWELL RD,19.35197514
BUSHNELL ST,28.57915615
BUSINESS ST,20.105173354473685
BUSSEY PL,7.878685191
BUSSEY ST,0.0
BUSWELL ST,0.409706902
BUTLER ST,28.57915615
BUTTONWOOD CT,16.67836257
BUTTONWOOD ST,16.67836257
BYNNER ST,11.68211253728
BYRD AV,21.03950104
BYRON ST,20.359566355737705
C ST,6.4648338056190475
CABOT ST,10.81713884
CADDY RD,23.20726916
CAHNERS PL,13.59593393
CALDER ST,32.85957931
CALDWELL ST,13.338788869999998
CALEDONIAN AV,15.441017899999999
CALL ST,13.192226240869566
CALLENDER ST,40.72595281
CALTHA RD,10.66199873
CALUMET ST,9.46896487440909
CALVIN RD,14.89361702
CAMBRIA ST,1.084099869
CAMBRIDGE (1L-1M) ST,2.55164034
CAMBRIDGE ST,8.120013031265625
CAMBRIDGE TE,11.42425767
CAMDEN ST,14.382806710499999
CAMELIA RD,24.03921569
CAMELOT CT,11.424257669999998
CAMERON ST,35.2402746
CAMP RD,16.82178559
CANAAN ST,20.72992701
CANAL ST,8.5
CANDOR PL,12.86732742
CANTERBURY ST,22.98358196
CAPEN PL,31.84983348
CAPEN ST,31.849833480000004
CAPITAL ST,19.21774467
CARDINGTON ST,20.14995314
CAREY ST,23.15018315
CARLFORD RD,23.15018315
CARLISLE ST,18.65008881
CARLOS ST,40.72595281
CARLOTTA ST,20.92698806
CARLSON CI,14.92084877
CARLSON RD,25.01785714
CARMEL ST,6.137724551
CARMELA LA,20.88386434
CARMEN ST,27.33160622
CARNES PL,10.45621046
CAROL AV,0.702106319
CAROL CI,16.82178559
CAROLINA AV,12.86732742
CAROLINA PL,12.86732742
CARPENTER ST,6.820987654
CARROLL ST,19.21774467
CARROLTON RD,28.27491678
CARRUTH ST,28.57915615
CARSON ST,16.67836257
CARTER ST,13.338788869999998
CARVER ST,8.796473745
CARYLL ST,23.20726916
CASPAR ST,19.21774467
CASPIAN WY,17.83369803
CASS ST,15.4410179
CASSNET ST,20.92698806
CASTLE CT,16.787553373333335
CASTLE ISLAND TERMINAL ,0.0
CASTLE ROCK ST,17.83369803
CASTLEGATE RD,30.49660906
CASTLETON ST,9.643413184470589
CATAUMET ST,14.89361702
CATAWBA ST,32.72251309
CATHERINE ST,21.03950104
CATON ST,24.03921569
CAUSEWAY ST,8.2515609007
CAWFIELD ST,25.210084030000004
CAZENOVE ST,12.94448708
CEDAR AV,27.33160622
CEDAR GROVE ,20.2915317
CEDAR LANE WY,14.1903172
CEDAR PK,10.45621046
CEDAR PL,14.48376505
CEDAR RD,16.82178559
CEDAR SQ,10.45621046
CEDAR ST,16.318072399322034
CEDARCREST CI,28.27491678
CEDARCREST LA,28.27491678
CEDARCREST RD,28.27491678
CEDARCREST TE,28.27491678
CEDARWOOD RD,14.89361702
CEDRIC ST,30.57921635
CEDRUS AV,17.31476616
CEFALO RD,19.35197514
CELIA RD,22.72007241
CEMETERY LA,23.20726916
CEMETERY RD,19.21774467
CEMETERY RD ISLAND ,19.21774467
CENACLE RD,14.80263158
CENTER PZ,6.362889984
CENTERVALE PK,16.66169006
CENTOLA ST,9.167842031
CENTRAL AV,16.394037927058825
CENTRAL ST,6.362889984
CENTRE AV,18.39458112
CENTRE CT,20.92698806
CENTRE LA,16.82178559
CENTRE PL,12.229204631428571
CENTRE ST,16.85761032130102
CENTRE STREET TE,10.45621046
CENTRE TE,16.82178559
CERDAN AV,14.92084877
CERINA RD,12.86732742
CEYLON ST,21.790482715
CHADWICK ST,11.58208955
CHAMBERLAIN ST,27.331606220000005
CHAMBLET ST,14.48376505
CHAMPLAIN CI,29.93432423
CHAMPNEY PL,6.851192107
CHAMPNEY ST,10.2189781
CHANDLER ST,12.94448708
CHANNEL CENTER ST,6.820987654
CHANNEL ST,2.885023335
CHAPEL PL,8.5
CHAPEL RD,16.58642567
CHAPIN AV,19.35197514
CHAPPIE ST,13.33878887
CHARLAME PL,32.72251309
CHARLAME ST,32.72251309
CHARLEMONT ST,20.2915317
CHARLES PARK RD,15.4410179
CHARLES RD,31.84983348
CHARLES RIVER ,7.012910085
CHARLES RIVER AV,14.85239852
CHARLES RIVER DAM ,1.5818091945
CHARLES RIVER SQ,6.851192107
CHARLES ST,19.650489756479768
CHARLES STREET PL,13.33878887
CHARLES STREET SOUTH ,10.351978745625
CHARLESGATE EAST ,1.769358868
CHARLESGATE ST,1.769358868
CHARLESGATE WEST ,2.0249200515
CHARLESVIEW ST,10.2189781
CHARLOTTE ST,32.85957931
CHARME AV,21.03950104
CHARTER ST,5.70830461205
CHASE ST,20.318047218
CHATHAM RO,6.362889984
CHATHAM ST,6.362889984
CHAUCER ST,21.71680117
CHAUNCY ST,7.878685191
CHEEVER CT,16.93989071
CHELLMAN ST,19.21774467
CHELMSFORD ST,20.2915317
CHELSEA CREEK ,
CHELSEA ST,19.536903257987014
CHELSEA TE,19.69360568
CHEMICAL LA,13.33878887
CHENEY ST,33.6318408
CHERITON RD,28.27491678
CHEROKEE ST,6.137724551
CHERRY RD,16.82178559
CHERYL LA,22.1540559
CHESBROUGH RD,19.21774467
CHESHIRE ST,12.86732742
CHESTER PK,20.72992701
CHESTER PL,19.35197514
CHESTER ST,3.351426919148148
CHESTERFIELD ST,22.1540559
CHESTERTON ST,11.582089549999997
CHESTNUT AV,15.76616529368421
CHESTNUT HILL AV,9.043834170565217
CHESTNUT HILL DR,7.728927471
CHESTNUT PL,10.2981274455
CHESTNUT RD,16.82178559
CHESTNUT SQ,12.86732742
CHESTNUT ST,15.404513943418804
CHESTNUT TE,12.86732742
CHEVERUS RD,23.5932543
CHICKAMAUGA PK,10.45621046
CHICKATAWBUT ST,18.30818376574468
CHILCOTT PL,16.93430657
CHILD ST,20.68755795253012
CHILTON RD,19.21774467
CHIPMAN ST,23.5932543
CHISHOLM LA,22.07008587
CHISHOLM RD,22.07008587
CHISHOLM TE,22.07008587
CHISWICK RD,10.190115809117646
CHISWICK TE,14.80263158
CHITTICK RD,25.017857140000004
CHOCORUA ST,0.0
CHRISTOPHER ST,20.92698806
CHRISTY LA,22.1540559
CHURCH AV,10.82240161
CHURCH ST,20.870020184700856
CHURCHILL RD,22.72007241
CIRCUIT SQ,32.72251309
CIRCUIT ST,32.72251309
CITY HALL AV,6.362889984
CITY HALL SQ,6.362889984
CITY POINT CT,12.43781095
CITY SQ,16.571853215
CITY VIEW RD,0.702106319
CLANCY RD,23.207269160000003
CLAPP ST,16.67836257
CLARE AV,24.263606604714283
CLAREMONT PK,7.798165138
CLAREMONT ST,7.798165137999999
CLARENCE ST,11.58208955
CLARENDON PK,22.07008587
CLARENDON ST,10.910552350825
CLARIDGE TE,23.5932543
CLARK ST,8.077226162
CLARKEN CT,13.33878887
CLARKSON ST,28.31566739106383
CLARKWOOD ST,32.14285714
CLARON ST,28.34172363
CLAXTON ST,23.15018315
CLAY ST,14.10216233
CLAYBOURNE ST,30.98078868
CLAYMONT TE,19.51882033
CLAYMOSS RD,9.837799718000001
CLAYTON PL,20.92698806
CLAYTON ST,20.92698806
CLEARWATER DR,23.207269160000003
CLEARWAY ST,1.084099869
CLEAVES ST,28.46638655
CLEMATIS ST,20.92698806
CLEMENT AV,22.72007241
CLEMENTINE PK,16.66169006
CLERMONT ST,20.88386434
CLEVELAND PK,21.08535896
CLEVELAND PL,3.531218014
CLEVELAND ST,22.78109539125
CLEVEMONT AV,5.764503441
CLIFFMONT ST,22.373028919230766
CLIFFORD ST,24.12396868469136
CLIFTON ST,28.459822013157893
CLIFTONDALE ST,17.31476616
CLINTON PL,13.33878887
CLINTON ST,6.362889984
CLIVE ST,10.27837259
CLOVER ST,20.2915317
COBDEN ST,20.14995314
CODMAN HILL AV,20.88386434
CODMAN PK,20.14995314
CODMAN ST,20.88386434
COFFEY ST,11.81722689
COHASSET ST,17.31476616
COLBERG AV,25.822317859999995
COLBERT ST,15.20583021
COLBORNE RD,9.837799718
COLBURN ST,10.82864825
COLBY RD,14.92084877
COLCHESTER ST,17.66409266
COLEBROOK ST,7.483686785999999
COLEMAN ST,28.59830442
COLERIDGE ST,21.769914929393938
COLEUS PK,29.09720038
COLGATE RD,23.15018315
COLLINS ST,24.03921569
COLLISTON RD,0.702106319
COLONIAL AV,23.5932543
COLORADO ST,21.736950256764707
COLUMBIA CI,20.16085791
COLUMBIA RD,21.956570163550634
COLUMBIA ST,24.03921569
COLUMBIA TE,27.49130939
COLUMBUS AV,18.497151241115645
COLUMBUS SQ,14.77678571
COLWELL AV,14.80263158
COMMERCIAL CT,3.531218014
COMMERCIAL ST,6.170588149410714
COMMERCIAL WHARF EAST ,6.362889984
COMMODORE TE,23.27143422
COMMON ST,14.85239852
COMMONWEALTH AV,3.952410681497561
COMMONWEALTH TE,2.294197031
COMO RD,22.1540559
CONCORD AV,28.309122859999995
CONCORD SQ,7.798165138
CONCORD ST,21.401845035999997
CONDOR ST,22.48199432859155
CONGRESS ST,4.351446737
CONGREVE ST,15.20583021
CONISTON RD,15.20583021
CONLEY ST,11.81722689
CONRAD ST,19.3877551
CONRY CR,14.89361702
CONSTANCE RD,15.441017899999999
CONSTITUTION PZ,14.85239852
CONSTITUTION RD,20.528121799
CONVERSE ST,5.189413596
CONWAY ST,15.20583021
COOK ST,21.81865018
COOK STREET CT,21.818650180000002
COOKSON TE,24.88451496
COOLIDGE RD,8.462810830499999
COOPER ST,0.660660661
COPELAND PK,30.74534161
COPELAND PL,30.745341610000004
COPELAND ST,30.74534161
COPENGER ST,10.82864825
COPLEY ST,20.482638871538462
COPPERSMITH WY,31.23056419
COPPS HILL TE,3.531218014
CORAL PL,21.818650180000002
CORBET ST,31.84983348
CORCORAN DR,25.01785714
CORDIS ST,21.76663083882353
COREY RD,1.5196664143513512
COREY ST,19.447496083760683
COREY TE,19.35197514
CORINNE RD,5.189413596
CORINTH ST,17.31476616
CORMAN RD,20.72992701
CORNAUBA ST,22.07008587
CORNAUBA XT,22.07008587
CORNELL ST,21.77953632351724
CORNHILL ST,6.362889984
CORNWALL ST,16.93430657
CORONA ST,30.98078868
CORONADO RD,24.03921569
CORTES ST,12.94448708
CORWIN ST,30.98078868
COTTAGE CT,30.17217819
COTTAGE PL,23.27143422
COTTAGE RD,16.82178559
COTTAGE ST,16.586538520449437
COTTING ST,8.5
COTTON ST,15.205830210000002
COTTRELL ST,16.67836257
COTUIT ST,19.21774467
COUNTRYSIDE DR,23.20726916
COURT SQ,6.362889984
COURT ST,6.362889984
COURTLAND RD,29.096671950000005
COURTNEY RD,15.78022795
COVENTRY ST,10.81713884
COVINGTON ST,7.483686786
COWING ST,22.72007241
COWPER ST,21.434009592857144
CRAFT PL,23.15018315
CRAGMERE TE,24.88451496
CRANDALL ST,22.07008587
CRANE ST,24.039215689999995
CRANMORE RD,25.01785714
CRANSTON ST,10.27837259
CRAWFORD ST,24.704872156753247
CREEK SQ,6.362889984
CREHORE RD,14.92084877
CREIGHTON ST,27.811264484200002
CRESCENT AV,19.120118106551722
CRESCENT ST,13.33878887
CREST ST,19.35197514
CRESTHILL RD,5.189413596
CRESTON PK,29.09720038
CRESTON ST,29.09720038
CRESTWAY RD,23.46955523
CRESTWOOD PK,22.60032103
CRICKET LA,19.21774467
CRISPUS ATTUCKS PL,32.72251309
CROCKERS LA,22.72007241
CROCKETT AV,20.2915317
CROFTLAND AV,20.88386434
CROMWELL RD,16.816414904545454
CROSBY PL,11.58208955
CROSBY SQ,12.86732742
CROSS RD,16.82178559
CROSS ST,17.39078372121212
CROSSLAND PL,7.728927471
CROSSMAN ST,24.88451496
CROSSTOWN AV,15.441017899999999
CROWELL ST,31.84983348
CROWN ST,24.03921569
CROYDON ST,20.72992701
CRYSTAL PL,13.33878887
CUFFLIN ST,10.2189781
CULBERT ST,20.72992701
CUMBERLAND ST,2.0432520502857145
CUMMINGS HW,24.03921569
CUMMINGS RD,0.702106319
CUMMINGS ST,11.58208955
CUMMINGTON ST,0.744145327
CUMMINS HW,22.279738400785337
CUMSTON ST,17.71062271
CUNARD ST,10.81713884
CUNNINGHAM ST,30.172178189999997
CURLEW ST,16.82178559
CURLEY ST,21.03950104
CURRIER ST,22.313963411428574
CURTIS ST,21.71680117
CURVE ST,7.878685191
CUSHING AV,26.521388875000003
CUSHMAN RD,7.728927471
CUSTER ST,16.32458234
CUSTOM HOUSE ST,7.878685191
CUTHBERT RD,22.72007241
CUTLER CT,5.266579974
CUTTER RD,19.21774467
CYGNET ST,9.167842031
CYPHER ST,5.2466019263999994
CYPRESS ST,15.4410179
CYPRESS TE,15.4410179
D ST,9.178503917421052
DABNEY ST,32.72251309
DACIA ST,30.172178189999997
DACY ST,14.10216233
DADE ST,29.70479705
DAKOTA ST,30.98078868
DAKOTA TE,30.98078868
DALE ST,28.29316586031579
DALIN PL,30.17217819
DALKEITH ST,30.17217819
DALRYMPLE ST,16.93430657
DALTON ST,1.6840020271428575
DALY ST,19.51882033
DAMON PL,22.1540559
DAMRELL ST,6.820987654
DANA AV,21.500308930504204
DANA RD,16.82178559
DANBURY RD,24.03921569
DANE ST,20.75596817
DANFORTH ST,19.56241956
DANIA ST,24.88451496
DANIA TE,24.88451496
DANIEL CT,22.1540559
DANNY RD,22.1540559
DANUBE ST,30.17217819
DANVILLE ST,22.72007241
DARLING ST,12.237373334375
DARLINGTON ST,23.5932543
DARTMOUTH PL,14.77678571
DARTMOUTH ST,11.746544161432434
DAVID G MUGAR WY,14.1903172
DAVID RD,14.89361702
DAVIDSON AV,27.49130939
DAVIS CT,19.69360568
DAVISON ST,14.10216233
DAVITT ST,17.83369803
DAWES ST,19.3877551
DAWES TE,19.3877551
DAWSON ST,19.51882033
DAY ST,23.648105506
DAYTON ST,16.66169006
DEACONESS RD,12.33128834
DEAN ST,30.17217819
DEAN WY,12.43781095
DEARBORN ST,23.958504989999998
DECATUR ST,32.803087503076924
DECKARD ST,18.65008881
DEDHAM BRANCH ,22.1540559
DEDHAM LINE ,19.90907428
DEDHAM PARISH RD,2.55164034
DEDHAM PW,26.23462982
DEDHAM ST,21.2309702375
DEER ISLAND ,0.0
DEER ST,17.83369803
DEERFIELD ST,1.2567520975000002
DEERING RD,29.09667195
DEFOREST ST,24.05442177
DELANO CT,22.07008587
DELANO PK,22.07008587
DELANO ST,31.41088302
DELANY CI,14.802631580000002
DELAWARE PL,12.66409266
DELFORD ST,23.15018315
DELHI ST,24.88451496
DELL AV,14.102162330000002
DELL TE,14.10216233
DELLE AV,6.137724551
DELLMORE RD,22.446622446666666
DELMONT ST,20.2915317
DELNORE PL,24.88451496
DELORE CI,22.070085869999996
DELOS ST,16.82178559
DENBY RD,5.764503441
DENNIS ST,28.27653431363636
DENNISON ST,20.14995314
DENNY ST,17.83369803
DENT ST,19.35197514
DENTON TE,17.31476616
DENVIR ST,19.51882033
DERNE ST,12.95512278
DEROMA RD,16.82178559
DERRY RD,14.10216233
DESIGN CENTER PL,0.0
DESMOND RD,23.20726916
DESOTO RD,28.27491678
DESTEFANO RD,24.86591906
DEVENS ST,17.80003514
DEVER ST,27.49130939
DEVINE WY,6.820987654
DEVON ST,30.64620620694737
DEVONSHIRE ST,7.1207875875
DEWAR ST,17.83369803
DEWEY ST,30.17217819
DEWEY TE,30.17217819
DEWITT DR,29.70479705
DEWOLF ST,35.2402746
DEXTER RO,21.81865018
DEXTER ST,6.820987654
DICKENS ST,20.92698806
DICKINSON RD,10.66199873
DIETZ CT,22.1540559
DIETZ RD,22.1540559
DIGHTON ST,14.802631580000002
DILLINGHAM ST,17.83369803
DIMOCK ST,28.46638655
DITSON ST,30.98078868
DIX ST,20.92698806
DIXFIELD ST,7.483686785999999
DIXWELL ST,28.46638655
DODGE RD,22.1540559
DOLANS CT,16.93430657
DOLPHIN WY,0.0
DON ST,40.72595281
DONALD RD,40.72595281
DONCASTER ST,22.07008587
DONNA TE,23.27143422
DONNYBROOK RD,5.189413596
DONWOOD TE,24.88451496
DOONE AV,24.88451496
DORCHESTER AV,20.571658123702857
DORCHESTER ST,14.635171495612612
DORIS ST,25.52972639
DORR ST,10.45621046
DORRANCE ST,13.33878887
DORSET ST,16.67836257
DOUGLAS CT,0.660660661
DOUGLAS ST,7.483686786
DOVE ST,30.17217819
DOW RD,19.21774467
DOWNER AV,35.2402746
DOWNER CT,35.2402746
DOWNEY CT,30.17217819
DOWNING ST,10.81713884
DR MARY M BEATTY CI,24.88451496
DRACUT ST,28.57915615
DRAKE PL,18.41977702
DRAPER RD,17.66409266
DRAPER ST,33.21373100128205
DRAYTON AV,14.483765049999999
DRAYTON ST,14.48376505
DRESDEN ST,10.27837259
DRESSER ST,9.073088771
DRIFTWOOD RD,14.89361702
DRISCOLL DR,20.88386434
DROMEY ST,30.17217819
DRUID ST,23.20726916
DRUMLIN RD,23.46955523
DRUMMOND ST,30.49660906
DRURY RD,22.1540559
DRYDOCK AV,0.0
DUDLEY PL,10.81713884
DUDLEY ST,20.267997835067874
DUDLEY TE,25.21008403
DUKE ST,29.09667195
DUMAS ST,24.79368497
DUNBAR AV,23.5932543
DUNBARTON RD,28.27491678
DUNBOY ST,7.2012393976
DUNCAN PL,20.92698806
DUNCAN ST,20.92698806
DUNCAN TE,20.92698806
DUNCKLEE ST,12.664092659999998
DUNFORD ST,20.14995314
DUNGARVEN RD,16.60366386
DUNKELD ST,29.09720038
DUNLAP ST,29.93432423
DUNMORE ST,11.58208955
DUNNS TE,20.2915317
DUNREATH ST,30.74534161
DUNSTER RD,20.75596817
DUNWELL ST,15.4410179
DURANT ST,19.21774467
DURHAM ST,2.0432520502857145
DURLAND ST,10.2189781
DURNELL AV,17.31476616
DUSTIN ST,7.728927471
DUVAL ST,9.167842031
DUXBURY RD,23.20726916
DWIGHT ST,17.71062271
DWINELL ST,19.21774467
DYER AV,2.885023335
DYER CT,31.84983348
DYER ST,31.84983348
E BERKELEY ST,20.141133284814813
E BOUNDARY RD,0.0
E BROADWAY ,9.51922533326943
E BROADWAY ST,5.266579974
E BROOKLINE ST,13.482547299999998
E CANTON ST,18.111442925
E CONCORD ST,13.4825473
E COTTAGE ST,23.9199490308046
E DEDHAM ST,22.74033855
E EAGLE ST,19.92797119
E EIGHTH ST,11.805395845621952
E FIFTH ST,8.918179024170854
E FIRST ST,4.289028780309524
E FOURTH ST,10.24433994995122
E INDIA RO,6.362889984
E NEWTON ST,13.4825473
E NINTH ST,34.1510652
E SECOND ST,9.633875800833334
E SERVICE RD,2.885023335
E SEVENTH ST,9.166875411124261
E SIXTH ST,8.623452381020618
E SPRINGFIELD ST,13.482547300000002
E ST,8.493686298484848
E THIRD ST,9.992779499926666
EAGLE PASS ZZ ,13.33878887
EAGLE SQ,19.92797119
EAGLE ST,16.82178559
EARHARDT RD,22.07008587
EARL ST,10.82240161
EARNSHAW ST,15.4410179
EAST SERVICE RD,2.885023335
EAST ST,36.70744747439131
EASTBOURNE ST,25.82231786
EASTBURN PL,14.802631580000002
EASTBURN ST,14.80263158
EASTERN AV,9.3088649904
EASTLAND RD,21.03950104
EASTMAN ST,25.210084030000004
EASTMONT RD,22.1540559
EASTON AV,17.66409266
EASTON ST,9.167842031
EASTWOOD CC,15.4410179
EASTWOOD CT,15.4410179
EATONIA ST,5.764503441
EDEN ST,21.81865018
EDGAR ST,15.4954955
EDGE HILL ST,36.04900459
EDGEBROOK RD,19.21774467
EDGEMERE RD,28.274916779999998
EDGEMONT ST,15.20583021
EDGERLY PL,12.94448708
EDGERLY RD,2.164502165
EDGEWATER DR,20.887512185238094
EDGEWAY TE,24.05442177
EDGEWOOD PK,30.74534161
EDGEWOOD ST,30.74534161
EDGEWORTH PL,12.98482293
EDINBORO ST,7.878685191
EDISON GREEN ,16.67836257
EDITH ST,25.01785714
EDNA RD,20.2915317
EDSON ST,25.81701615107143
EDSON TE,22.1540559
EDWARDSON ST,14.10216233
EDWIN ST,19.51882033
EGAN WY,12.66409266
EGLESTON ST,16.93430657
EGREMONT RD,0.702106319
EIGHTH ST,17.05128205
ELBA TE,27.49130939
ELBOW ST,18.41977702
ELDER ST,25.21008403
ELDON ST,20.258236880833334
ELDORA ST,12.331288339999999
ELDRIDGE RD,23.15018315
ELEANOR ST,11.424257669999998
ELECTRIC AV,5.189413596
ELENE ST,20.72992701
ELGIN ST,22.72007241
ELIOT PL,20.75596817
ELIOT ST,20.75596817
ELIOT TE,10.45621046
ELIZABETH ST,32.14285714
ELKINS ST,0.0
ELKO ST,7.728927471
ELLARD RD,14.10216233
ELLERY CT,6.820987654
ELLERY ST,7.579247262923077
ELLET ST,38.01784576
ELLINGTON ST,30.496609059999997
ELLIS ST,21.21880794533333
ELLISON AV,23.20726916
ELLSWOOD ST,19.21774467
ELLSWORTH ST,38.01784576
ELLWOOD ST,14.85239852
ELM HILL AV,29.091915954545453
ELM HILL PK,18.65008881
ELM LAWN ,20.92698806
ELM ST,19.513768109215686
ELMDALE ST,20.92698806
ELMER RD,28.57915615
ELMHURST ST,23.5932543
ELMIRA ST,9.771064790586207
ELMONT ST,27.33160622
ELMORE ST,27.693489109999998
ELMWOOD ST,10.45621046
ELTON ST,25.52972639
ELVEN RD,23.15018315
ELWELL RD,14.89361702
ELWYN RD,29.934324229999998
ELY RD,28.57915615
EMBANKMENT RD,6.851192107
EMBASSY RD,14.80263158
EMELIA TE,19.35197514
EMERALD CT,16.4828787
EMERSON PL,3.163618389
EMERSON ST,6.97950893265
EMERY RD,5.764503441
EMMET PL,12.98482293
EMMETT ST,19.83833096406818
EMMONS ST,18.41977702
EMMONSDALE RD,22.72007241
EMPIRE ST,5.764503441
EMROSE TE,14.483765049999999
ENDICOTT CT,0.660660661
ENDICOTT ST,1.56967048945
ENDICOTT TE,16.66169006
ENFIELD ST,12.86732742
ENGLEWOOD AV,0.802425007
ENNIS RD,16.93430657
ENTERPRISE ST,16.67836257
EPPING ST,23.5932543
ERIC RD,5.764503441
ERICSSON ST,11.81722689
ERIE PL,16.93430657
ERIE ST,30.496609059999997
ERNEST AV,22.1540559
ERNST ST,28.46638655
ESKRIDGE ST,24.88451496
ESMOND ST,32.85957931
ESSEX ST,18.36092570591892
ESTABROOK RD,29.70479705
ESTELLA ST,29.096671950000005
ESTES AV,27.49130939
ESTHER RD,19.35197514
ESTRELLA ST,21.151461625
ETHEL ST,22.070085869999996
ETNA ST,8.74126904823077
EUCLID ST,23.5932543
EUGENIA RD,25.82231786
EULITA TE,7.728927471
EUNICE ST,27.49130939
EUSTIS ST,17.81939901
EUSTON RD,9.837799718
EUTAW ST,24.138234523614457
EVANDALE TE,17.83369803
EVANS RD,0.702106319
EVANS ST,31.84983348
EVANS WY,2.427484057
EVELYN ST,32.14285714
EVERDEAN ST,20.92698806
EVERETT AV,19.3877551
EVERETT CT,16.93989071
EVERETT PL,16.93989071
EVERETT SQ,9.167842031
EVERETT ST,14.57962722649537
EVERGREEN ST,8.589870904
EVERTON ST,27.49130939
EWER ST,6.820987654
EXETER ST,6.338785907
F ST,10.035551894121213
FABYAN ST,40.72595281
FACTORY ST,14.10216233
FAIRBANKS ST,5.189413596
FAIRBURY ST,30.17217819
FAIRFAX ST,28.57915615
FAIRFIELD ST,6.753631037875
FAIRLAND ST,16.333724255
FAIRLANE RD,15.441017899999999
FAIRLAWN AV,20.72992701
FAIRMOUNT AV,22.834718178000003
FAIRMOUNT CT,14.10216233
FAIRMOUNT ST,26.366848909999998
FAIRVIEW AV,22.1540559
FAIRVIEW ST,15.205830209999998
FAIRWAY ST,20.72992701
FALCON ST,23.1626069812
FALKLAND ST,5.189413596
FALL RD,16.82178559
FALMOUTH ST,1.084099869
FAN PIER BL,2.885023335
FANEUIL HALL MARKETPLACE ,6.362889984
FANEUIL HALL SQ,6.362889984
FANEUIL ST,8.48014182730097
FARADAY ST,25.01785714
FARGO ST,2.308018668
FARMINGTON RD,19.21774467
FARNHAM ST,11.58208955
FARNSWORTH ST,2.885023335
FARQUHAR ST,15.20583021
FARRAGUT RD,11.194029855
FARRAGUT ST,19.21774467
FARRAR AV,24.039215689999995
FARRIN ST,22.1540559
FARRINGTON AV,5.764503441
FARWELL AV,25.01785714
FAULKNER CI,16.66169006
FAULKNER ST,16.66169006
FAUNCE RD,24.88451496
FAVRE ST,20.72992701
FAWNDALE RD,23.92035895
FAXON ST,15.4954955
FAY ST,22.74033855
FAYETTE ST,12.94448708
FAYSTON ST,29.09720038
FAYWOOD AV,23.46955523
FEDERAL RD,19.21774467
FEDERAL ST,7.878685191
FELLOWS ST,29.704797050000003
FENCOURT ST,1.323706378
FENDALE AV,20.88386434
FENELON ST,30.49660906
FENENO TE,2.957717142
FENNER ST,20.14995314
FENSMERE RD,28.27491678
FENTON ST,20.92698806
FENWAY ST,1.1998965667500001
FENWOOD RD,12.33128834
FERMOY HEIGHTS AV,32.85957931
FERN ST,9.167842031
FERNALD TE,35.2402746
FERNBORO ST,29.09720038
FERNCROFT RD,19.35197514
FERNDALE ST,23.5932543
FERNWOOD RD,22.72007241
FERRIN ST,38.04483188
FESSENDEN ST,32.14285714
FID KENNEDY AV,0.0
FID KENNEDY DR,0.0
FIDELIS WA,11.42425767
FIDELIS WY,11.42425767
FIELD ST,1.08656284
FIELDMONT ST,24.039215690000002
FIELDS CT,16.67836257
FIFIELD ST,35.2402746
FIFTH AV,17.05128205
FIFTH ST,17.05128205
FILOMENA RD,17.31476616
FIRST AV,17.05128205
FIRTH RD,23.92035895
FISHER AV,10.82864825
FISKE TE,2.957717142
FLAHERTY WY,37.50660328
FLAVIA ST,20.2915317
FLEET ST,7.133480520714286
FLETCHER ST,15.175513035531916
FLINT PL,17.17118998
FLINT ST,32.14285714
FLORAL PL,25.01785714
FLORENCE ST,22.55730012031746
FLORIAN ST,21.423261423636365
FLORIAN WY,21.03950104
FLORIDA ST,21.84198336076923
FLOYD ST,40.72595281
FOLLEN ST,5.283414976
FOLSOM AV,6.137724551000001
FOLSOM ST,29.378032350869564
FOODMART RD,6.820987654
FORBES ST,14.446720209183672
FORD ST,23.46955523
FORDHAM RD,1.110713006
FOREST HILLS ST,17.076198801041667
FOREST PL,19.771338054
FOREST ST,17.284051196
FORESTVALE RD,17.66409266
FORSTERS CT,21.7302173
FORSYTH ST,1.188195784857143
FORT AV,10.45621046
FORT AVENUE TE,10.45621046
FORT STRONG ,0.0
FOSSDALE RD,28.579156150000003
FOSTER CT,3.531218014
FOSTER ST,13.442131900774193
FOTTLER RD,30.971247451538463
FOUNDRY ST,6.820987654
FOUNTAIN PL,8.077226162
FOUNTAIN ST,32.72251309
FOURTH STREET PL,7.483686786
FOWLE ST,23.92035895
FOWLER ST,30.496609060000004
FOX POINT RD,17.83369803
FOX ST,38.01784576
FRANCESCA ST,19.21774467
FRANCIS ST,12.33128834
FRANCLAIRE DR,22.72007241
FRANCONIA ST,20.2915317
FRANKFORT ST,18.776692987313435
FRANKLIN HILL AV,32.85957931
FRANKLIN PL,23.15018315
FRANKLIN ST,10.38690217340625
FRANKLIN TE,25.01785714
FRAWLEY ST,12.33128834
FRAZER ST,16.09160248464286
FREDERICK ST,10.82240161
FREDERIKA ST,28.57915615
FREDONIA ST,30.98078868
FREELAND ST,24.88451496
FREEMAN AV,16.82178559
FREEMAN ST,22.389329508
FREEPORT ST,20.647700950153844
FREEPORT WY,17.83369803
FREMONT ST,24.88451496
FRENCH ST,24.88451496
FRENCH TE,10.45621046
FRESNO ST,17.31476616
FRIEND ST,8.5
FRIENDSHIP RD,24.039215689999995
FRONT ST,21.7302173
FRONTAGE RD,6.820987654
FRONTENAC ST,24.79368497
FROST AV,19.51882033
FRUEAN PL,17.83369803
FRUIT ST,3.163618389
FULDA ST,20.14995314
FULLER ST,24.269331322818793
FULTON ST,9.4585989224
FURBUSH RD,19.21774467
FURNIVAL RD,14.89361702
G ST,7.65225972380303
GAINSBOROUGH ST,1.178785327
GALLIVAN BL,22.927612903649287
GALLUPS ISLAND ,0.0
GALTY AV,20.88386434
GANNETT ST,18.65008881
GARDEN COURT CT,5.875152999
GARDEN COURT ST,5.875152999
GARDEN ST,6.851192107
GARDENA ST,7.728927471000001
GARDENSIDE ST,23.92035895
GARDNER PL,12.567674484666668
GARDNER ST,11.344181189516483
GARDNER TE,5.764503441
GARFIELD AV,25.01785714
GARNER RD,19.51882033
GARNET RD,19.21774467
GARRISON ST,5.283414976
GARTH RD,19.35197514
GARTLAND ST,16.60366386
GARY ST,29.70479705
GASTON ST,18.650088809999996
GATES ST,34.1510652
GAY HEAD ST,36.04900459
GAY ST,10.45621046
GAYLAND ST,30.17217819
GAYLORD ST,27.33160622
GEM AV,14.80263158
GEN JOZEF PILSUDSKI WY,34.1510652
GEN WM H DEVINE WY,11.56079915
GENE ST,25.210084030000004
GENEVA AV,30.581203306614174
GENEVA ST,20.24675357238095
GEORGE ST,21.679382746619716
GEORGES ISLAND ,0.0
GEORGETOWNE DR,28.27491678
GEORGIA ST,33.6318408
GERAGHTY TE,24.03921569
GERALD RD,14.80263158
GERARD ST,11.58208955
GERMANIA ST,16.93430657
GERRISH ST,10.2189781
GERTRUDE RD,22.72007241
GIBSON ST,20.92698806
GIFFORD PL,6.820987654
GILLESPIES LA,24.88451496
GILLETTE PK,6.820987654
GILMAN ST,24.865919060000003
GILMER ST,29.09667195
GILMORE TE,22.72007241
GINITA ST,20.92698806
GLADE AV,16.93430657
GLADESIDE AV,24.88451496
GLADESIDE TE,24.88451496
GLADSTONE ST,23.46955523
GLEASON ST,32.85957931
GLEN RD,16.859160499545457
GLEN ST,35.2402746
GLENARM ST,30.49660906
GLENBURNE ST,18.65008881
GLENBURNIE RD,14.92084877
GLENCLIFF RD,24.05442177
GLENCOE ST,8.309535140294118
GLENDALE ST,29.3098433
GLENDON ST,19.92797119
GLENDOWER RD,22.07008587
GLENELLEN RD,15.441017900000002
GLENHAM ST,19.21774467
GLENHAVEN RD,15.4410179
GLENHILL RD,24.88451496
GLENLEY TE,10.66199873
GLENMONT RD,14.802631580000002
GLENMORE ST,23.20726916
GLENROSE RD,19.51882033
GLENSIDE AV,16.93430657
GLENVALE TE,12.86732742
GLENVILLE AV,2.7235335734117645
GLENVILLE TE,1.110713006
GLENWAY ST,31.02516819486842
GLENWOOD AV,21.64513553392157
GLIDE ST,20.2915317
GLINES AV,16.93430657
GLORIA RD,15.205830209999998
GLOUCESTER ST,6.802486731882353
GLOVER CT,6.820987654
GLOVER PL,17.83369803
GOETHE ST,28.27491678
GOFF ST,24.05442177
GOLD ST,10.82240161
GOLDSMITH PL,12.86732742
GOLDSMITH ST,16.32458234
GOODALE RD,29.09667195
GOODENOUGH ST,11.890849998206896
GOODRICH RD,12.86732742
GOODRIDGE CT,3.531218014
GOODWAY RD,21.03950104
GOODWIN CT,6.820987654
GOODWIN PL,6.851192107
GORDON AV,23.27143422
GORDON PL,20.92698806
GORDON ST,10.759404878351353
GORE ST,10.45621046
GOULD ST,15.4410179
GOULDVILLE TE,30.17217819
GOVE ST,18.728111088275863
GRACE CT,12.43781095
GRACE ST,23.5932543
GRAFTON ST,16.67836257
GRAHAM TE,19.35197514
GRAMPIAN WY,17.83369803
GRANADA AV,22.07008587
GRANADA PK,16.93430657
GRANBY ST,0.744145327
GRANDVIEW ST,34.61336139
GRANFIELD AV,23.92035895
GRANGER ST,20.92698806
GRANITE AV,21.21237886111111
GRANT PL,23.20726916
GRANT RD,27.33160622
GRANT ST,25.52972639
GRANTLEY ST,14.10216233
GRANTS CT,13.33878887
GRANVILLE ST,20.2915317
GRASSMERE RD,24.05442177
GRAY ST,12.94448708
GRAYFIELD AV,19.35197514
GRAYSON ST,20.2915317
GREATON RD,19.35197514
GREEN HILL ST,20.92698806
GREEN ST,17.821529029807692
GREENBRIER ST,30.98078868
GREENBROOK RD,23.27143422
GREENDALE RD,29.09667195
GREENFIELD RD,23.069251766551726
GREENHEYS ST,29.09720038
GREENLEY PL,16.93430657
GREENMOUNT ST,17.83369803
GREENOCK ST,40.72595281
GREENOUGH AV,12.86732742
GREENOUGH LA,8.077226162
GREENOUGH PK,12.86732742
GREENS BLOCK ,13.33878887
GREENVIEW AV,12.86732742
GREENVILLE PK,21.08535896
GREENVILLE ST,21.085358959999997
GREENWICH CT,22.835917309999996
GREENWICH PK,7.798165138
GREENWICH ST,26.232184707761196
GREENWOOD AV,24.05442177
GREENWOOD CI,24.05442177
GREENWOOD PK,20.92698806
GREENWOOD SQ,24.05442177
GREENWOOD ST,30.49660906
GRETTER RD,14.92084877
GREW AV,22.2276162556
GREW HILL RD,24.05442177
GREYCLIFF RD,14.80263158
GREYLOCK RD,2.957717142
GREYMERE RD,10.66199873
GRIGGS PL,11.42425767
GRIGGS ST,7.190987406
GRIMES ST,10.82240161
GROOM ST,25.21008403
GROTTO GLEN AV,8.589870904
GROTTO GLEN RD,8.589870904
GROUSE ST,16.82178559
GROVE PL,6.851192107
GROVE RD,16.82178559
GROVE ST,17.03146370176852
GROVE TE,16.82178559
GROVELAND ST,23.20726916
GROVENOR RD,12.86732742
GROVER AV,21.03950104
GUERNSEY ST,15.205830209999998
GUEST ST,9.167842031
GUILD RO,10.81713884
GUILD ST,10.45621046
GUILFORD ST,7.728927471
GURNEY ST,14.975678093333336
GUSTIN ST,10.82240161
GWINNETT ST,24.05442177
H ST,7.321701547128571
H STREET PL,9.073088771
HACKENSACK CI,14.920848769999997
HACKENSACK CT,14.92084877
HACKENSACK RD,14.92084877
HACKENSACK TE,14.92084877
HADWIN WY,24.86591906
HAGAR ST,20.75596817
HALBORN ST,24.88451496
HALE ST,23.27143422
HALEY ST,20.14995314
HALF MOON ST,14.48376505
HALFORD RD,19.35197514
HALIFAX ST,12.86732742
HALL PL,5.266579974
HALL ST,16.60366386
HALLAM ST,25.52972639
HALLECK ST,15.4954955
HALLET DAVIS ST,20.2915317
HALLET ST,20.2915317
HALLIDAY ST,21.03950104
HALLOWELL ST,20.72992701
HALLRON ST,24.05442177
HALSEY RD,25.01785714
HAMILTON PL,7.878685191
HAMILTON ST,26.584737496209677
HAMILTON TE,29.09720038
HAMLET ST,25.210084030000004
HAMMOND ST,22.83591731
HAMPDEN ST,13.309956715454545
HAMPSTEAD LA,16.32458234
HAMPSTEAD RD,16.32458234
HANCOCK ST,26.69087677710744
HANNON ST,24.79368497
HANO ST,5.764503441
HANOVER AV,8.077226162
HANOVER ST,6.525430414210526
HANSBOROUGH ST,40.72595281
HANSFORD ST,32.72251309
HANSON ST,17.71062271
HARBELL TE,20.92698806
HARBOR SHORE DR,2.885023335
HARBOR ST,0.72125583375
HARBOR VIEW ST,25.52972639
HARCOURT ST,5.283414976
HARDING RD,24.86591906
HARDWICK ST,10.2189781
HARDWICK TE,10.2189781
HARDY ST,17.17118998
HARLEM ST,30.49660906
HARLESTON ST,10.82864825
HARLEY ST,23.5932543
HARLOW ST,30.172178190000004
HARMON ST,20.72992701
HARMONY ST,21.71680117
HAROLD PK,32.72251309
HAROLD ST,24.52004711034483
HARRIET ST,12.66409266
HARRINGTON AV,10.45621046
HARRIS AV,12.867327420000002
HARRIS ST,8.077226162
HARRISHOF ST,22.33964359489362
HARRISON AV,16.42340383208547
HARRISON AV XT,7.878685191
HARRISON ST,23.92035895
HARROW ST,25.21008403
HARRY AGGANIS WY,2.55164034
HART PL,5.266579974
HARTFORD CT,14.483765049999999
HARTFORD ST,24.729259345510204
HARTFORD TE,30.17217819
HARTLAND ST,25.529726389999997
HARTLAWN RD,15.4410179
HARTLEY TE,5.764503441
HARTWELL ST,33.6318408
HARVARD AV,11.945034867759036
HARVARD PK,27.331606220000005
HARVARD PL,14.85239852
HARVARD SQ,14.85239852
HARVARD ST,28.758785321391514
HARVARD TE,5.764503441
HARVEST ST,16.67836257
HARVEST TE,16.67836257
HARVEY STEEL RD,9.167842031
HARWOOD ST,24.79368497
HASKELL ST,5.764503441
HASLET ST,17.31476616
HASTINGS ST,19.35197514
HATCH ST,5.266579974
HATHAWAY ST,16.32458234
HATHERLY RD,14.80263158
HATHON SQ,21.7302173
HAUL RD,6.820987654
HAUTEVALE ST,26.06112808090909
HAVANA ST,25.82231786
HAVELOCK ST,40.72595281
HAVEN ST,17.71062271
HAVERFORD ST,16.93430657
HAVERHILL ST,8.5
HAVEY ST,17.31476616
HAVILAND ST,2.164502165
HAVRE ST,19.710050583333334
HAWKINS ST,6.362889984
HAWLEY ST,7.878685191
HAWTHORNE ST,19.985882487291665
HAWTHORNE TE,22.07008587
HAYDEN ST,10.82864825
HAYDN ST,25.82231786
HAYES RD,17.31476616
HAYNES ST,12.98482293
HAZEL PK,30.74534161
HAZELMERE RD,15.205830210000002
HAZELTON ST,29.09667195
HAZELWOOD CT,22.60032103
HAZELWOOD ST,22.60032103
HAZLETON ST,29.09667195
HEATH ST,14.316080287095238
HEATHCOTE ST,22.07008587
HEBRON ST,23.404810914626864
HECLA ST,38.01784576
HEFFERAN ST,2.55164034
HELDUN ST,15.441017899999999
HELEN ST,32.85957931
HELENA RD,28.579156149999996
HEMENWAY ST,1.3396916024655172
HEMLOCK RD,15.441017899999999
HEMMAN ST,22.07008587
HENCHMAN ST,7.427796426571429
HENDERSON RD,20.2915317
HENDRY ST,35.2402746
HENLEY ST,14.85239852
HENRICI ST,24.88451496
HENRY ST,12.98482293
HENSHAW ST,7.728927471
HENSHAW TE,19.35197514
HERALD ST,16.4828787
HERBERT ST,29.93432423
HERBERTSON RD,23.15018315
HEREFORD ST,6.948352536000001
HERON ST,16.82178559
HERRICK ST,9.167842031
HERSEY PL,7.878685191
HESSTON TE,19.3877551
HESTIA PK,32.72251309
HEWINS ST,30.49660906
HEWLETT ST,15.205830210000002
HIAWATHA RD,32.14285714
HICHBORN ST,9.167842031
HICKORY AV,38.04483188
HIGGINS ST,11.42425767
HIGH RD,16.82178559
HIGH ROCK WY,11.42425767
HIGH ST,20.08208394116049
HIGH VIEW AV,16.82178559
HIGHFIELD RD,22.07008587
HIGHFIELD TE,22.07008587
HIGHGATE ST,5.764503441
HIGHLAND AV,10.456210459999998
HIGHLAND PARK AV,10.45621046
HIGHLAND PARK ST,10.45621046
HIGHLAND ST,19.593617338156026
HIGHLAND TE,10.45621046
HILARY ST,21.81865018
HILBURN PL,22.07008587
HILBURN ST,22.07008587
HILDRETH ST,24.79368497
HILL ST,21.81865018
HILL TOP ST,20.2915317
HILLCREST ST,18.17066334125
HILLCROFT RD,14.89361702
HILLIS RD,22.1540559
HILLOCK ST,25.82231786
HILLSBORO RD,29.09667195
HILLSBORO ST,25.21008403
HILLSDALE ST,28.57915615
HILLSIDE AV,23.15018315
HILLSIDE ST,10.209419264138889
HILLVIEW AV,22.070085869999996
HILTON ST,14.102162330000002
HILTON TE,28.46638655
HINCKLEY ST,19.3877551
HINSDALE ST,0.744145327
HOBART ST,5.189413596
HOBSON ST,8.535289963135135
HODGDON TE,19.35197514
HOLBORN PK,18.65008881
HOLBORN ST,18.65008881
HOLBROOK AV,11.81722689
HOLBROOK ST,20.75596817
HOLDEN CT,8.077226162
HOLDEN RO,21.81865018
HOLDEN ST,25.21008403
HOLIDAY ST,31.12415346
HOLLAND PL,8.796473745
HOLLANDER ST,22.60032103
HOLLINGSWORTH ST,21.266568417567566
HOLLIS PL,2.957717142
HOLLY RD,21.03950104
HOLLYWOOD RD,14.92084877
HOLMAN ST,5.764503441
HOLMES ST,9.167842031
HOLMFIELD AV,24.039215689999995
HOLTON ST,9.167842031
HOLWORTHY ST,22.60032103
HOLYOKE ST,13.59593393
HOMER ST,21.71680117
HOMES AV,31.550499745142854
HOMESTEAD ST,28.45378049979592
HOMEWOOD RD,22.72007241
HOOKER ST,5.764503441
HOOPER ST,16.66169006
HOOTEN CT,16.93989071
HOPEDALE ST,5.362895553374999
HOPESTILL ST,29.934324230000005
HOPEWELL RD,24.03921569
HOPKINS PL,24.88451496
HOPKINS RD,14.89361702
HOPKINS ST,31.849833479999997
HORACE ST,21.71680117
HORADAN WY,15.4954955
HORAN WY,36.04900459
HORTON ST,0.0
HOSMER ST,32.14285714
HOUGHTON ST,20.92698806
HOUSTON ST,19.35197514
HOWARD AV,30.17217819
HOWARD PL,27.387668853333334
HOWARD ST,11.58208955
HOWE AV,7.483686786
HOWE ST,35.2402746
HOWE TE,35.2402746
HOWELL ST,16.67836257
HOWES ST,25.52972639
HOWITT RD,22.720072409999997
HOWLAND ST,19.727424869999997
HOYT PL,6.851192107
HOYT ST,17.83369803
HUBBARD ST,12.86732742
HUBBARD TE,11.58208955
HUBBARDSTON RD,17.83369803
HUCKINS ST,22.66374685
HUDSON ST,8.573227880513514
HULL ST,3.531218014
HULL STREET PL,3.531218014
HUMAROCK WY,24.03921569
HUMBOLDT AV,25.4217573018
HUMBOLDT PL,6.820987654
HUMES RD,20.2915317
HUMPHREYS PL,25.21008403
HUMPHREYS ST,25.21008403
HUNNEMAN ST,29.70479705
HUNNEWELL AV,10.2189781
HUNTER ST,21.03950104
HUNTINGTON AV,13.012866465431372
HUNTOON ST,28.579156149999996
HURLCROFT AV,20.88386434
HURON CI,28.57915615
HUTCHINGS ST,30.650348970270272
HUTCHINSON ST,28.57915615
HYDE PARK AV,20.785885087584273
I ST,7.244414811859155
IDAHO ST,23.20726916
IFFLEY RD,16.93430657
IMBARO RD,22.1540559
IMRIE RD,11.42425767
INDEPENDENCE DR,19.21774467
INDIA ST,7.878685191
INGLESIDE ST,30.17217819
INTERVALE ST,26.826089169130434
INTERVALE TE,29.09720038
INWOOD ST,27.49130939
IONA ST,25.82231786
IOWA ST,30.98078868
IPSWICH PL,16.93989071
IPSWICH ST,2.280481235
IRENA RD,28.57915615
IRMA ST,40.72595281
IRON ST,6.820987654
IROQUOIS ST,11.984525242307694
IRVING ST,6.851192107
IRWIN AV,30.74534161
ISABELLA ST,12.94448708
ISLAND ST,11.582089549999997
ISLINGTON ST,11.42425767
ISLINGTON TE,11.424257669999998
ITASCA ST,22.3603456
IVES ST,31.81818182
IVORY ST,19.35197514
JACKSON AV,3.531218014
JACKSON ST,14.10216233
JACOB ST,24.79368497
JACQUELINE RD,15.4410179
JAEGER TE,14.893617019999999
JALLEISON ST,24.03921569
JAMAICA PL,16.32458234
JAMAICA ST,16.32458234
JAMAICAWAY CT,12.86732742
JAMAICAWAY ST,11.031442222533334
JAMES ONEILL ST,34.1510652
JAMESTOWN TE,24.88451496
JARVIS PL,30.57921635
JASON TE,7.483686786
JEANNE DR,27.49130939
JEFFERS ST,24.05442177
JEFFERSON AV,21.81865018
JEFFERSON ST,12.94448708
JEFFRIES ST,16.93989071
JENKINS ST,6.820987654
JENNER ST,21.7302173
JENNETT AV,19.35197514
JEROME ST,21.652400742857143
JERSEY ST,2.3064338575
JERUSALEM PL,0.660660661
JESHURUN RD,28.27491678
JESS ST,16.93430657
JETTE CT,11.42425767
JEWETT ST,21.03950104
JFK EXPRESS WY,22.74033855
JIMMY FUND WY,12.33128834
JOAN RD,22.1540559
JOANNE TE,28.57915615
JOHN A ANDREW ST,12.86732742
JOHN ALDEN RD,22.72007241
JOHN ELIOT SQ,10.600581812
JOHNNY CT,8.796473745
JOHNRAY RD,24.03921569
JOHNSON AV,19.56241956
JOHNSON ST,15.4410179
JOHNSON TE,24.79368497
JOHNSTON RD,40.72595281
JOHNSWOOD RD,23.92035895
JONES AV,24.79368497
JORDAN RD,2.294197031
JOSEPH AGRI ST,34.1510652
JOSEPH ST,23.5932543
JOSEPHINE ST,30.980788679999996
JOY PL,12.95512278
JOY ST,12.000050327214286
JOYCE KILMER RD,15.4410179
JOYCE RD,24.039215690000002
JUDGE ST,10.82864825
JUDSON ST,30.17217819
JULIAN ST,30.17217819
JULIETTE ST,38.01784576
JUNE ST,34.61336139
JUNIPER ST,10.45621046
JUNIPER TE,10.45621046
JUSTIN RD,10.2189781
K ST,6.9424173046875
K STREET PL,9.073088771
KALADA PK,18.65008881
KANE ST,27.49130939
KARDON RD,22.1540559
KAVANAUGH WY,18.65008881
KEANE RD,19.21774467
KEARSARGE AV,21.08535896
KEARSARGE TE,21.08535896
KEEGAN ST,11.58208955
KEENAN RD,12.66409266
KEITH ST,19.21774467
KELLEY CT,14.439012093083333
KELLYS BLOCK ,13.33878887
KELTON ST,2.294197031
KEMBLE PL,12.43781095
KEMBLE ST,11.58208955
KEMP ST,35.25985663
KENBERMA RD,29.934324229999998
KENDALL ST,22.83591731
KENILWORTH ST,10.81713884
KENMARE RD,28.57915615
KENNEBEC ST,21.941779202676056
KENNETH ST,22.72007241
KENNEY ST,8.589870904
KENRICK ST,10.66199873
KENSINGTON PK,32.72251309
KENSINGTON ST,32.72251309
KENTON RD,16.60366386
KENWOOD ST,16.66169006
KERNA RD,16.82178559
KERR PL,29.70479705
KERR WY,29.70479705
KERSHAW RD,16.82178559
KERWIN ST,32.85957931
KESWICK ST,0.409706902
KEVIN RD,19.3877551
KEYES STREET PL,16.60366386
KEYSTONE ST,15.4410179
KIERNAN RD,19.21774467
KILBY ST,6.362889984
KILMARNOCK ST,2.280481235
KILSYTH RD,0.702106319
KILSYTH TE,0.702106319
KIMBALL ST,38.01784576
KINEO ST,29.097200379999997
KING ST,20.133671703428572
KINGBIRD RD,40.72595281
KINGSBORO PK,10.27837259
KINGSDALE ST,32.85957931
KINGSLAND RD,19.21774467
KINGSLEY ST,5.764503441
KINGSTON ST,7.878685191
KINROSS RD,0.678426052
KIRK ST,19.35197514
KIRKWOOD RD,14.80263158
KITTREDGE CT,22.07008587
KITTREDGE ST,18.62247908025
KITTREDGE TE,17.31476616
KNAPP ST,8.796473745
KNEELAND ST,8.33201497296
KNIGHT ST,22.1540559
KNOLL ST,15.20583021
KNOWLES ST,10.66199873
KNOWLTON ST,34.1510652
KNOX ST,12.94448708
KOVEY CT,22.1540559
KOVEY RD,22.1540559
KRESSON TE,14.85239852
KRISTIN CT,22.1540559
L ST,8.882446234351352
LABAN PRATT RD,19.51882033
LACONIA ST,22.74033855
LAFIELD ST,20.92698806
LAGRANGE PL,11.58208955
LAGRANGE ST,20.57243278475
LAKE SHORE RD,10.66199873
LAKE ST,11.4211147525
LAKESIDE AV,17.66409266
LAKEVILLE RD,12.86732742
LAMARTINE CT,12.86732742
LAMARTINE PL,12.86732742
LAMARTINE ST,15.09868416522388
LAMARTINE TE,12.86732742
LAMBERT AV,10.490584591428572
LAMBERT ST,10.45621046
LAMSON CT,16.93989071
LAMSON ST,16.93989071
LANARK RD,0.6928973262777778
LANCASTER ST,8.5
LANDOR RD,32.14285714
LANDSEER ST,22.72007241
LANDSEER TE,22.72007241
LANE PK,14.802631580000002
LANESVILLE TE,23.15018315
LANGDON ST,20.82393502027027
LANGFORD PK,30.745341610000004
LANGLEY RD,10.66199873
LANSDOWNE ST,2.280481235
LANTERN LA,14.92084877
LARCH PL,21.03950104
LARCH ST,10.66199873
LARCHMONT ST,30.98078868
LAREDO ST,29.919509756666667
LARK ST,10.82240161
LARKHILL RD,22.72007241
LAROSE PL,9.837799718
LASELL ST,19.21774467
LATIN RD,22.72007241
LAUREL AV,24.03921569
LAUREL ST,31.43970568882353
LAURIAT ST,40.72595281
LAURIE AV,15.4410179
LAUTEN PL,12.43781095
LAVAL ST,24.05442177
LAWLEY ST,11.81722689
LAWN AV,23.46955523
LAWN ST,10.82864825
LAWNDALE TE,12.86732742
LAWNWOOD PL,21.7302173
LAWRENCE AV,29.09720038
LAWRENCE CT,6.820987654
LAWRENCE PL,7.728927471
LAWRENCE ST,15.008184577133335
LAWSON PL,19.92797119
LAWTON ST,17.66409266
LAWTON TE,17.66409266
LEAHAVEN RD,23.20726916
LEAMINGTON RD,9.837799718
LEDGE HILL RD,15.441017899999999
LEDGEBROOK RD,23.20726916
LEDGEDALE RD,14.920848770000001
LEDGEMERE RD,9.837799718
LEDGEWOOD RD,19.21774467
LEE HILL RD,15.20583021
LEE ST,14.565662165454546
LEEDS ST,6.820987654
LEEDSVILLE ST,38.01784576
LEFEVRE ST,24.039215690000002
LEGENDS WY,8.5
LEGION PL,24.86591906
LEICESTER ST,12.66409266
LEIGHTON RD,22.1540559
LELAND RD,14.92084877
LELAND ST,23.15018315
LENA TE,24.88451496
LENISTON ST,25.82231786
LENNOCO RD,23.15018315
LENOX ST,27.7967749
LENOXDALE AV,20.2915317
LEO M BIRMINGHAM PW,9.167842031
LEON ST,1.08656284
LEONARD CT,20.92698806
LEONARD PL,17.17118998
LEONARD ST,20.92698806
LEROY ST,30.98078868
LESEUR RD,25.01785714
LESHER ST,23.15018315
LESLIE PK,32.72251309
LESLIE ST,20.92698806
LESTER PL,12.86732742
LESTER ST,30.57921635
LESTON ST,32.14285714
LETTERFINE TE,30.17217819
LEVANT ST,31.410883019999996
LEVERETT AV,23.46955523
LEVERETT CI,8.5
LEVERETT ST,0.0
LEWIS PL,11.58208955
LEWIS ST,5.972700396
LEWIS WH,6.362889984
LEWISTON ST,14.10216233
LEXINGTON AV,19.144405694210526
LEXINGTON PL,22.09902504
LEXINGTON SQ,19.92797119
LEXINGTON ST,22.285722877247707
LEYDEN ST,23.46955523
LEYLAND ST,25.21008403
LIBBEY ST,19.21774467
LIBERTY DR,2.885023335
LIBERTY PL,6.820987654
LIBERTY SQ,6.362889984
LILA RD,14.893617019999999
LILAC TE,17.31476616
LILLIAN ST,23.46955523
LILLIE WY,14.92084877
LILLY ST,10.82240161
LIME ST,14.1903172
LINCOLN PL,21.81865018
LINCOLN ST,11.028412656159572
LINDALL PL,6.851192107
LINDALL ST,23.92035895
LINDEN AV,24.039215690000002
LINDEN CT,38.01784576
LINDEN PARK ST,10.81713884
LINDEN RD,16.82178559
LINDEN ST,15.11823878816854
LINDSEY ST,30.98078868
LINGARD ST,14.48376505
LINLEY TE,9.073088771
LINNET ST,22.72007241
LINVALE TE,24.884514959999997
LINWOOD SQ,10.45621046
LINWOOD ST,16.209984393061223
LISZT ST,25.82231786
LITCHFIELD ST,9.167842031
LITHGOW ST,23.5932543
LITTLEDALE ST,22.07008587
LIVERMORE ST,22.11595886125
LIVERPOOL ST,31.23056419
LIVINGSTONE ST,24.79368497
LOCHDALE RD,23.15018315
LOCHLAND RD,25.017857139999997
LOCHSTEAD AV,12.86732742
LOCKE PL,5.266579974
LOCKSLEY ST,12.86732742
LOCKWOOD ST,14.10216233
LOCUST ST,17.347531035454548
LODGEHILL RD,24.05442177
LOGAN ST,10.45621046
LOGAN WY,35.25985663
LOMASNEY WY,8.5
LOMBARD ST,28.57915615
LONDON CT,19.69360568
LONDON ST,24.174485185164833
LONG AV,2.6417551843809526
LONG ISLAND ,0.0
LONG TE,15.4410179
LONG WH,6.362889984
LONGFELLOW PL,8.5
LONGFELLOW ST,31.41088302
LONGMEADOW ST,30.57921635
LONGWOOD AV,7.670674559764706
LONSDALE ST,19.51882033
LORENE RD,12.86732742
LORENZO ST,11.81722689
LORETTE ST,18.86645531647059
LORING PL,25.01785714
LORING ST,19.538909391578947
LORNA RD,24.88451496
LORNE ST,32.85957931
LORRAINE ST,25.82231786
LORRAINE TE,2.294197031
LOTHIAN RD,1.554815167
LOTHROP PL,5.875152999
LOTHROP ST,9.167842031
LOTUS ST,16.60366386
LOUDERS LA,14.893617019999999
LOUDERS LN,14.89361702
LOUIS D BROWN WY,30.98078868
LOUIS PRANG ST,2.427484057
LOUIS TE,28.57915615
LOUISBURG SQ,14.1903172
LOURDES AV,16.60366386
LOVELL ST,14.13881748
LOVELLS ISLAND ,0.0
LOVIS ST,10.82240161
LOWLAND PL,16.93989071
LOWNEY WY,38.04483188
LOYOLA CI,22.72007241
LUBEC ST,18.619051373999998
LUCERNE ST,37.084291589428574
LUDLOW ST,21.81865018
LYALL ST,19.21774467
LYALL TE,19.21774467
LYFORD ST,40.72595281
LYNDE ST,12.4469178445
LYNDEBORO PL,8.796473745
LYNDEBORO ST,21.7302173
LYNDHURST ST,16.66169006
LYNE RD,9.837799718
LYNN ST,0.660660661
LYNNVILLE TE,27.33160622
LYON ST,38.01784576
M ST,12.81074195087013
M STREET PL,5.266579974
MACDONALD ST,24.05442177
MACKIN ST,9.167842031
MACNEIL WY,27.49130939
MACULLAR RD,15.4410179
MADELINE ST,12.66409266
MADISON ST,17.66409266
MAFFA WY,13.33878887
MAGAZINE ST,14.460442095454544
MAGDALA ST,28.57915615
MAGEE ST,24.05442177
MAGNOLIA PL,30.17217819
MAGNOLIA SQ,14.48376505
MAGNOLIA ST,21.095144031509435
MAHLER RD,23.15018315
MAIDA TE,14.10216233
MAIN ST,16.727685883478262
MAITLAND ST,0.409706902
MALBERT RD,12.66409266
MALBON PL,10.45621046
MALCOLM RD,14.89361702
MALCOLM X BL,10.726906745
MALDEN ST,22.74033855
MALIA TE,1.554815167
MALLARD AV,23.5932543
MALLET ST,19.51882033
MALLON RD,27.33160622
MALTA ST,20.72992701
MALVERN ST,5.764503441
MALVERNA RD,22.07008587
MAMELON CI,24.884514959999997
MANCHESTER ST,23.45885603
MANILA AV,22.1540559
MANION RD,14.10216233
MANLEY ST,20.92698806
MANN ST,28.27491678
MANNING ST,24.86591906
MANOR ST,19.51882033
MANSEN CT,22.1540559
MANSFIELD ST,6.313429020032258
MANSUR ST,22.726462476666665
MANTHORNE RD,19.30316406
MANTON TE,2.957717142
MAPES ST,20.92698806
MAPLE CT,33.6318408
MAPLE LA,19.35197514
MAPLE LEAF DR,22.1540559
MAPLE PL,12.86732742
MAPLE ST,20.018372986258505
MAPLE TE,19.35197514
MAPLETON ST,12.66409266
MAPLEWOOD ST,18.675532876285715
MARBURY TE,16.93430657
MARCELLA ST,21.0582076428
MARCH AV,22.72007241
MARCH TE,22.72007241
MARCH WY,22.72007241
MARCY RD,20.72992701
MARDEN AV,24.79368497
MARGARET ST,5.0380333615
MARGIN ST,14.10216233
MARGINAL ST,15.973928577619048
MARGO RD,10.66199873
MARIA LA,17.31476616
MARIE ST,38.01784576
MARINA PARK DR,2.885023335
MARINE RD,11.184410223960786
MARION PL,24.82893451
MARION ST,21.72318044661157
MARIPOSA ST,24.03921569
MARK ST,8.589870904
MARKET ST,10.743639646355932
MARLBOROUGH ST,6.334754045485714
MARLIN RD,19.21774467
MARLIN WY,28.25164136
MARLOU TE,12.86732742
MARLOWE ST,16.66169006
MARMION ST,16.93430657
MARSH ST,20.2915317
MARSHALL BLOCK ,13.33878887
MARSHALL PL,13.338788869999998
MARSHALL ST,6.362889984
MARSHFIELD ST,30.57921635
MARSTON ST,24.05442177
MARTHA RD,8.5
MARTIN LUTHER KING JR BL,32.047700286
MARTIN ST,22.72007241
MARTINWOOD RD,23.15018315
MARY BOYLE WY,34.1510652
MARYANNA RD,22.07008587
MARYKNOLL ST,24.519896307826087
MARYKNOLL TE,24.88451496
MARYLAND ST,17.83369803
MASCOMA ST,29.097200379999997
MASCOT ST,24.793684969999997
MASON CT,21.81865018
MASON ST,16.113623630200003
MASSACHUSETTS AV,9.458031826024156
MASSASOIT ST,24.039215690000002
MASSPORT BYPASS RD,19.92797119
MATCHETT ST,10.2189781
MATHER CT,16.66169006
MATHER ST,16.66169006
MATIGNON RD,19.51882033
MATTAKEESET ST,22.456512408260867
MATTAPAN ST,32.14285714
MATTHEW ST,31.84983348
MAVERICK SQ,13.502437605238097
MAVERICK ST,17.957183482848485
MAXFIELD ST,22.720072409999997
MAXWELL ST,31.849833479999997
MAY ST,14.89361702
MAYBROOK ST,30.49660906
MAYBURY ST,18.65008881
MAYFAIR ST,32.72251309
MAYFIELD ST,23.423907662
MAYHEW ST,16.67836257
MAYNARD ST,22.07008587
MAYWOOD ST,30.74534161
MAYWOOD TE,30.74534161
MBTA (SW CORRIDOR PROJ) ,16.60366386
MCBRIDE ST,16.60366386
MCCORMACK SQ,16.93989071
MCCRAW ST,15.20583021
MCDONOUGH CT,22.1540559
MCDONOUGH WY,35.25985663
MCGREEVEY WY,15.4954955
MCKAY PL,19.11685514
MCKENNA TE,19.35197514
MCKINLEY SQ,6.362889984
MCKONE ST,11.817226889999999
MCLELLAN ST,31.90161839783784
MEACHAM ST,24.03921569
MEAD ST,12.958787740731706
MEAD STREET CT,13.33878887
MEADOW RD,17.66409266
MEADOWBANK AV,23.20726916
MEADOWVIEW RD,17.66409266
MECHANIC ST,5.875152999
MEDFIELD ST,0.409706902
MEDFORD ST,15.018030153448276
MEDWAY ST,28.57915615
MEEHAN PL,16.60366386
MEEHAN ST,16.60366386
MELBA WY,14.102162330000002
MELBOURNE ST,23.5932543
MELCHER ST,6.820987654
MELLEN ST,23.593254300000005
MELLISH RD,28.57915615
MELNEA CASS BL,22.25605299043478
MELROSE ST,12.944487079999998
MELTON RD,9.837799718
MELVILLE AV,16.66169006
MELVILLE LA,16.66169006
MELVIN AV,0.702106319
MELVINSIDE TE,17.83369803
MENDELL WY,16.93430657
MENDELSSOHN ST,25.82231786
MENDUM ST,15.20583021
MENLO ST,7.728927471000001
MENTON ST,23.20726916
MERCER ST,31.550875326
MERCHANTS RO,6.362889984
MERCIER AV,20.88386434
MEREDITH ST,22.72007241
MERIDIAN ST,23.232438911410256
MERLIN ST,29.93432423
MEROLA PK,24.88451496
MERRIAM ST,16.93430657
MERRILL ST,30.49660906
MERRIMAC ST,8.5
MESHAKA ST,28.27491678
MESSINGER ST,20.72992701
METCALF ST,17.31476616
METROPOLITAN AV,20.98923425465035
METROPOLITAN CI,22.07008587
MEYER CT,21.03950104
MEYER ST,21.03950104
MIAMI AV,15.4410179
MIAMI TE,15.4410179
MICHAEL RD,14.80263158
MICHELANGELO ST,3.531218014
MICHIGAN AV,30.49660906
MIDDLE ST,6.8209876540000005
MIDDLEMAS CT,11.42425767
MIDDLETON ST,24.79368497
MIDLAND ST,17.83369803
MIDVALE RD,19.35197514
MILDRED AV,32.14285714
MILES ST,28.46638655
MILFORD ST,17.71062271
MILK ST,6.761783459526316
MILL ST,20.92698806
MILLER PK,30.57921635
MILLERS LA,23.20726916
MILLET ST,29.357863327272728
MILLICENT WY,16.4828787
MILLMONT ST,10.45621046
MILLS ST,32.72251309
MILLSTONE RD,17.66409266
MILTON AV,27.713748751111112
MILTON LINE ,25.01785714
MILTON PL,7.878685191
MILTON ST,20.917085500240965
MILTON TE,25.01785714
MILTON TOWN LINE ,25.01785714
MILWOOD ST,20.2915317
MILWOOD TE,20.2915317
MINDEN ST,36.04900459
MINDORO ST,15.4954955
MINER ST,0.409706902
MINNIE CT,5.266579974
MINOT PK,28.57915615
MINOT ST,22.339732903495936
MINTON ST,16.93430657
MISHAWUM ST,13.33878887
MISSION ST,12.33128834
MITCHELL ST,10.82240161
MOHAWK ST,6.820987654
MOLONEY ST,15.4410179
MONADNOCK ST,14.48376505
MONASTERY RD,9.837799718
MONKS ST,17.17118998
MONMOUTH SQ,24.82893451
MONMOUTH ST,24.828934510000003
MONPONSET ST,24.039215689999995
MONSON ST,23.20726916
MONTAGUE ST,23.5932543
MONTANA ST,33.6318408
MONTCALM AV,7.728927471
MONTCLAIR AV,14.92084877
MONTEBELLO RD,16.93430657
MONTELLO ST,30.98078868
MONTEREY AV,20.72992701
MONTFERN AV,5.189413596
MONTGOMERY ST,14.77678571
MONTMORENCI AV,23.46955523
MONTROSE ST,30.745341609999997
MONTVALE ST,25.82231786
MONTVIEW ST,19.35197514
MONUMENT AV,14.85239852
MONUMENT CT,13.0102205865
MONUMENT SQ,24.248316609
MONUMENT ST,30.886642160833333
MOODY ST,23.5932543
MOON ST,5.875152999
MOORE ST,20.17320135328125
MORA ST,20.88386434
MORAINE ST,12.86732742
MORELAND ST,25.38502094964706
MOREY RD,14.920848770000001
MORLEY ST,10.45621046
MORRELL ST,15.4410179
MORRILL ST,19.3877551
MORRIS ST,19.69360568
MORRISON ST,15.20583021
MORROW RD,7.728927471
MORSE ST,36.49798477
MORTON PL,19.188321395
MORTON ST,26.892269814436272
MORTON VILLAGE DR,24.88451496
MOSELEY ST,16.67836257
MOSGROVE AV,23.15018315
MOSS HILL RD,14.89361702
MOSSDALE RD,14.89361702
MOTHER BROOK ,19.470091376666666
MOTHER JULIA RD,23.20726916
MOULTON ST,38.04483188
MOULTON WY,38.04483188
MOULTRIE ST,16.66169006
MOUNTAIN AV,24.79368497
MOUNTFAIR TE,25.01785714
MOUNTFORT ST,0.5769261145
MOVILLE ST,15.4410179
MOZART ST,19.56241956
MSGR ALBERT A JACOBBE RD,31.23056419
MSGR P J LYDON WY,19.51882033
MSGR REYNOLDS WY,22.74033855
MT ASH RD,21.332148035
MT BOWDOIN TE,27.33160622
MT CALVARY RD,25.25215588
MT CUSHING TE,19.3877551
MT EVERETT ST,27.49130939
MT HOOD RD,0.702106319
MT HOPE ST,22.95271005
MT IDA RD,36.58931327567568
MT PLEASANT AV,16.473478216911765
MT PLEASANT PL,21.08535896
MT PLEASANT ST,25.017857139999997
MT PLEASANT TE,21.08535896
MT VERNON AV,26.4486152
MT VERNON PL,12.95512278
MT VERNON SQ,14.1903172
MT VERNON ST,18.365945948632476
MT WASHINGTON AV,6.820987654
MULVEY ST,32.14285714
MULVEY TE,10.45621046
MUNROE ST,28.734982884545452
MUNSON ST,0.409706902
MURDOCK ST,8.635386383265306
MURDOCK TE,7.728927471
MURRAY AV,30.74534161
MURRAY CT,12.98482293
MURRAY HILL RD,23.92035895
MUSEUM RD,2.427484057
MYLES STANDISH RD,22.72007241
MYOPIA RD,23.27143422
MYRICK ST,9.167842031
MYRTLE ST,12.640779698652779
MYRTLEBANK AV,20.2915317
MYSTIC AV,13.33878887
MYSTIC PL,21.81865018
MYSTIC ST,21.91399725275862
N ANDERSON ST,3.163618389
N BEACON ST,8.055151886951613
N BENNET CT,5.875152999
N BENNET PL,5.875152999
N BENNET ST,5.875152999
N CHARLAME CT,32.72251309
N CHARLAME TE,32.72251309
N GROVE ST,3.163618389
N HARVARD ST,6.512641199217391
N HUDSON ST,3.531218014
N MARGIN ST,1.5833398101785714
N MEAD ST,13.33878887
N MEAD STREET CT,13.33878887
N MUNROE TE,19.51882033
N QUINCY PL,13.33878887
N ST,14.517315419982143
N WASHINGTON ST,2.2285285288
NAHANT AV,20.2915317
NANCIA ST,23.46955523
NANTASKET AV,9.837799718
NARRAGANSETT ST,20.2915317
NASHUA ST,8.5
NATIONAL ST,7.483686786
NAVARRE PL,24.03921569
NAVARRE ST,24.320646624468083
NAVILLUS TE,35.2402746
NAY ST,19.92797119
NAZING CT,33.6318408
NAZING ST,33.6318408
NEAL CT,13.33878887
NEAREN RO,38.04483188
NECCO CT,6.820987654
NECCO ST,6.820987654
NEEDHAM RD,25.01785714
NEILLIAN CR,14.893617020000002
NELSON ST,31.849833480000004
NEPONSET ,20.2915317
NEPONSET AV,19.79663556432836
NEPONSET CT,21.03950104
NEPONSET FIELD LN,24.03921569
NEPONSET RIVER ,16.234221913846156
NEPONSET VALLEY PW,18.435805091875
NEPTUNE CI,21.71680117
NEPTUNE RD,15.44137706475
NEVADA ST,20.88386434
NEVINS ST,11.42425767
NEW ACRE RD,25.01785714
NEW BEDFORD ST,25.01785714
NEW CHARDON ST,7.0752599893333326
NEW ENGLAND AV,24.281302565
NEW HAVEN ST,15.4410179
NEW HEATH ST,19.762681052727274
NEW HILL PL,9.073088771
NEW NORTHERN AV,2.885023335
NEW PARK AV,25.82231786
NEW PICKERTS WH,31.23056419
NEW RUTHERFORD AV,21.7302173
NEW ST,31.230564190000003
NEW SUDBURY ST,6.362889984
NEWBERN ST,12.86732742
NEWBURG ST,25.82231786
NEWBURY ST,5.034817154901478
NEWCASTLE RD,5.189413596
NEWCASTLE ST,20.72992701
NEWCOMB ST,29.70479705
NEWCROFT CI,24.88451496
NEWFIELD ST,19.21774467
NEWHALL PL,20.2915317
NEWHALL ST,17.46676343
NEWKIRK ST,20.92698806
NEWLAND ST,10.8485027785
NEWMAN PL,11.58208955
NEWMARKET SQ,11.58208955
NEWPORT ST,25.52972639
NEWSOME PK,20.75596817
NEWTON ST,10.2189781
NIGHTINGALE ST,32.85957931
NIKISCH AV,25.82231786
NILES ST,12.66409266
NINTH ST,17.05128205
NIRA AV,8.589870904
NIXON ST,16.66169006
NOAH ST,24.03921569
NOBLE CT,16.93989071
NONANTUM ST,10.47509940171875
NONQUIT ST,14.48376505
NORCROSS PL,5.266579974
NORFOLK AV,19.472064889726028
NORFOLK ST,28.000861126168225
NORFOLK TE,31.84983348
NORMANDY ST,30.08672644
NORRIS RD,25.01785714
NORTH AV,30.57921635
NORTH SQ,5.875152999
NORTH ST,6.625797691465117
NORTHAM PK,23.5932543
NORTHAMPTON ST,11.5627109412
NORTHBOURNE RD,23.15018315
NORTHDALE RD,15.4410179
NORTHDALE ST,15.4410179
NORTHDALE TE,15.4410179
NORTHERN AV,2.586572645172414
NORTHFIELD ST,22.83591731
NORTON ST,26.220179694242425
NORWAY PK,25.01785714
NORWAY ST,2.164502165
NORWELL ST,28.653954886370972
NORWOOD ST,11.81722689
NOTRE DAME ST,28.46638655
NOTT ST,14.10216233
NOTTINGHAM ST,27.33160622
NOTTINGHILL RD,9.837799718
NOYES PL,0.660660661
O CONNELL RD,23.207269160000003
O DONNELL SQ,11.81722689
O DONNELL TE,20.92698806
O ST,12.109112261836362
O STREET PL,12.43781095
OAK HILL AV,24.88451496
OAK PL,23.27143422
OAK RD,16.82178559
OAK SQUARE AV,5.189413596
OAK ST,13.01466942767347
OAK STREET WEST ,8.796473745
OAKCREST RD,24.039215689999995
OAKDALE ST,12.86732742
OAKDALE TE,12.86732742
OAKHURST ST,40.72595281
OAKLAND PK,20.14995314
OAKLAND PL,12.66409266
OAKLAND ST,14.212891379999999
OAKLEY ST,30.98078868
OAKMAN ST,11.81722689
OAKMERE ST,15.441017899999999
OAKRIDGE ST,23.20726916
OAKTON AV,20.2915317
OAKVIEW AV,10.45621046
OAKVIEW TE,10.27837259
OAKWOOD ST,23.779071545833332
OCEAN ST,23.5932543
OCONNELL RD,23.20726916
OCONNOR WY,35.25985663
ODONNELL TE,20.92698806
OGDEN ST,20.88386434
OLD COLONY AV,10.9986792036
OLD COLONY TE,17.83369803
OLD HARBOR ST,26.307718607647057
OLD MORTON ST,23.20726916
OLD RD,30.496609060000004
OLDFIELDS RD,36.49798477
OLIVA RD,5.189413596
OLIVE ST,12.66409266
OLIVER ST,7.878685191
OLMSTEAD ST,16.93430657
OLNEY ST,27.4731613025
ONEIL PL,7.728927471
ONSLOW TE,17.17118998
OPHIR ST,16.93430657
ORANGE ST,25.82231786
ORCHARD AV,23.15018315
ORCHARD PARK ST,21.08535896
ORCHARD RD,0.702106319
ORCHARD ST,21.51951410488372
ORCHARDALE ST,30.98078868
ORCHARDFIELD ST,38.01784576
ORCHARDHILL RD,23.15018315
ORGAN PARK ST,21.03950104
ORIENT AV,23.46955523
ORIOLE ST,22.72007241
ORKNEY RD,1.067552968142857
ORLANDO ST,20.72992701
ORLEANS ST,16.28020321679245
ORMOND ST,29.09667195
ORNE ST,19.51882033
ORTON MAROTTA WY,37.50660328
OSCAR ST,10.45621046
OSCEOLA ST,24.03921569
OSGOOD CT,10.45621046
OSPREY WY,40.72595281
OSWALD ST,6.658938295333333
OTIS PL,15.872712793846155
OTIS ST,7.878685191
OTISFIELD ST,18.65008881
OUTLOOK RD,29.09667195
OVERLAND ST,0.409706902
OVERLOOK RD,16.82178559
OWEN ST,24.88451496
OWENCROFT RD,20.88386434
OXFORD PL,7.878685191
OXFORD ST,7.878685191
P ST,12.43781095
PACIFIC ST,7.483686785999999
PACKARD AV,23.20726916
PAGE ST,30.49660906
PAGE TE,30.49660906
PAINE ST,21.03950104
PAISLEY PK,16.66169006
PALACE RD,2.427484057
PALERMO ST,23.46955523
PALFREY ST,23.92035895
PALMER ST,29.70479705
PARAGON RD,15.4410179
PARIS PL,18.41977702
PARIS ST,18.647764877846154
PARISH ST,38.01784576
PARK DR,1.4047071726938776
PARK LA,16.93430657
PARK LANE DR,19.21774467
PARK PL,20.75596817
PARK PZ,10.870480412500001
PARK RD,14.102162330000002
PARK ST,22.061083524448918
PARK TE,22.72007241
PARK VALE AV,2.957717142
PARK VIEW ST,22.60032103
PARKER HILL AV,11.439891676440679
PARKER HILL TE,10.82864825
PARKER ST,13.717663913287769
PARKLAWN RD,14.92084877
PARKMAN PL,20.92698806
PARKMAN ST,20.230385327803923
PARKSIDE DR,14.89361702
PARKSON ST,17.66409266
PARKTON RD,8.589870904
PARKWAY ST,32.85957931
PARKWOOD TE,8.589870904
PARLEY AV,12.86732742
PARLEY VALE ,12.86732742
PARLEY VALE AV,12.86732742
PARLEY VALE ST,12.86732742
PARMELEE ST,13.4825473
PARMENTER ST,5.875152999
PARROTT ST,23.27143422
PARSONS ST,10.815516117290322
PARTRIDGE PL,11.58208955
PARTRIDGE ST,22.72007241
PASADENA RD,30.49660906
PASSAGEWAY ST,32.691022072500004
PATTEN ST,23.15018315
PATTERSON ST,28.57915615
PATTERSON WY,34.1510652
PAUL GORE ST,12.034813908648648
PAUL GORE TE,10.27837259
PAUL SULLIVAN WY,22.74033855
PAULA RD,23.20726916
PAULMAN CI,14.920848770000001
PAWNING ST,10.81713884
PAXTON ST,40.72595281
PAYNE ST,20.92698806
PAYSON AV,35.2402746
PAYSON PL,21.818650180000002
PAYSON RD,14.920848769999997
PEABODY SQ,28.57915615
PEACEABLE ST,7.728927471000001
PEACEVALE RD,23.5932543
PEAK HILL RD,14.92084877
PEARL ST,21.053532690109588
PEARL STREET PL,20.842898286
PELHAM TE,17.71062271
PELTON ST,22.72007241
PEMBERTON SQ,6.362889984
PEMBROKE ST,15.080286089310347
PENDER ST,19.35197514
PENFIELD ST,17.31476616
PENHALLOW ST,16.66169006
PENN CENTRAL RR ,20.2915317
PENNIMAN RD,5.764503441
PEOPLES BAPTIST PL,22.83591731
PERABO TE,22.72007241
PERCIVAL ST,38.01784576
PERCY ST,10.45621046
PERHAM ST,19.304745900555556
PERKINS AV,23.27143422
PERKINS SQ,8.589870904
PERKINS ST,12.137503520837209
PERRIN ST,30.74534161
PERRY PL,14.85239852
PERSHING RD,12.86732742
PERTH ST,29.09720038
PERTHSHIRE RD,9.638643734153845
PETER PARLEY RD,16.93430657
PETERBOROUGH ST,2.2993558695454546
PETERS ST,19.10534551
PETREL ST,16.82178559
PEVEAR PL,21.08535896
PEVERELL ST,19.3877551
PHEASANT ST,22.72007241
PHILBRICK ST,21.03950104
PHILIP ST,11.81722689
PHILLIPS ST,6.851192107
PHIPPS ST,21.7302173
PICKERING AV,32.72251309
PIE AL,6.362889984
PIEDMONT ST,12.94448708
PIERCE AV,18.043246750408162
PIERCE ST,14.10216233
PIERPONT RD,19.35197514
PIERSON ST,11.58208955
PILGRIM PL,27.49130939
PILGRIM RD,5.3986253419
PINCKNEY ST,14.190317200000003
PINE AV,22.1540559
PINE LODGE RD,22.72007241
PINE RD,16.82178559
PINE RIDGE RD,23.20726916
PINE ST,12.923120422222222
PINE TREE LA,22.1540559
PINECLIFF RD,16.82178559
PINEDALE RD,22.07008587
PINEFIELD LA,22.1540559
PINEFIELD RD,22.1540559
PINEHURST ST,17.31476616
PINEWOOD ST,24.03921569
PING ON ST,7.878685191
PINGREE ST,14.10216233
PITSMOOR RD,21.03950104
PLAIN ST,14.808157999411765
PLAINFIELD ST,16.60366386
PLANET ST,22.07008587
PLATT RD,14.80263158
PLAYSTEAD RD,16.564578041666667
PLEASANT AV,19.35197514
PLEASANT HILL AV,23.20726916
PLEASANT ST,22.90051865074627
PLEASANT STREET CT,14.85239852
PLEASANT VALLEY CI,14.92084877
PLEASANTDALE RD,16.82178559
PLEASANTON ST,33.6318408
PLEASANTVIEW ST,24.039215690000002
PLOVER ST,16.82178559
PLYMPTON ST,22.74033855
POLK ST,21.818650180000002
POMEROY ST,7.728927471000001
POMFRET ST,19.35197514
POMPEII ST,11.58208955
POND CI,14.893617019999999
POND RD,16.82178559
POND ST,17.033737053980584
POND STREET PL,0.660660661
POND VIEW AV,12.86732742
PONTIAC ST,6.137724551
POPES HILL ST,17.614347634545457
POPLAR ST,21.931935396666667
PORT NORFOLK ,11.81722689
PORT NORFOLK ST,11.817226890000002
PORTER ST,17.889738493
PORTER TE,19.35197514
PORTINA RD,14.80263158
PORTLAND ST,8.5
PORTSMOUTH ST,9.167842031
POST OFFICE SQ,6.362889984
POTOMAC ST,19.35197514
POTOSI ST,38.01784576
POWELL ST,15.4410179
POWELLTON RD,30.49660906
POWER HOUSE ,0.0
POWER ST,16.67836257
POWERS CT,8.077226162
POYDRAS ST,24.03921569
PRAIRIE ST,25.165228934
PRATT ST,5.764503441
PREBLE ST,6.820987654
PRENTISS ST,14.644885198181818
PRESBY PL,11.58208955
PRESCOTT PL,9.167842031
PRESCOTT ST,18.12176741857143
PRESENTATION RD,10.2189781
PRESIDENT RD,14.92084877
PRESIDENT TE,5.764503441
PRESLEY RD,20.92698806
PRESTON RD,19.35197514
PRICE RD,2.957717142
PRIESING ST,19.56241956
PRIMROSE ST,15.20583021
PRINCE ST,10.63751243432967
PRINCETON PL,22.09902504
PRINCETON ST,21.17270873066667
PRISCILLA RD,9.837799718
PROCTOR ST,11.58208955
PROPOSED RD,16.82178559
PROPOSED ST,16.686739795714285
PROSPECT AV,24.020131512727275
PROSPECT CI,25.01785714
PROSPECT PK,25.01785714
PROSPECT ST,27.897102656999998
PROVIDENCE ST,22.532640972750002
PROVINCE ST,7.878685191
PULASKI AV,9.073088771
PURCHASE ST,7.878685191
PURITAN AV,27.49130939
PUTNAM AV,6.851192107
PUTNAM PL,10.81713884
PUTNAM SQ,19.92797119
PUTNAM ST,20.22246381760417
QUAIL ST,16.82178559
QUARLEY RD,21.03950104
QUEEN ST,19.51882033
QUEENSBERRY ST,2.3206659408064514
QUINCEFIELD PL,25.21008403
QUINCEFIELD ST,25.21008403
QUINCY CT,6.362889984
QUINCY PL,18.65008881
QUINCY ST,27.61500765511278
QUINCY TE,18.65008881
QUINN WY,22.72007241
QUINT AV,2.957717142
RADCLIFFE RD,24.03921569
RADCLIFFE ST,27.33160622
RADFORD LA,28.57915615
RADFORD PL,23.27143422
RADNOR RD,14.802631579999998
RAILROAD RD,19.35197514
RAILROAD ST,21.07675650375
RAINIER RD,24.039215690000002
RAINSFORD ISLAND ,
RALDNE RD,22.1540559
RALEIGH ST,1.769358868
RALSTON RD,24.039215689999995
RALWOOD RD,24.039215690000002
RAMBLER RD,14.89361702
RAMSDELL AV,24.33099335
RAMSEY ST,25.21008403
RAND PL,30.17217819
RAND ST,30.17217819
RANDALL ST,29.70479705
RANDLETT PL,30.17217819
RANDOLPH ST,22.74033855
RANELEGH RD,5.189413596
RANGE RD,20.88386434
RANGELEY ST,28.57915615
RANLEY RD,24.039215689999995
RANSOM RD,9.837799718
RAPID TRANSIT ,20.92698806
RAVEN ST,25.52972639
RAVENNA RD,14.920848770000001
RAWSON ST,16.67836257
RAWSTON RD,22.07008587
RAYMOND ST,9.167842031
RAYNES RD,25.01785714
RAYNOR CI,22.83591731
READING ST,11.58208955
READVILLE ST,22.1540559
READVILLE TROTTING PK,17.66409266
REALTON RD,14.92084877
RECTOR RD,22.38457135
RED PINE RD,25.01785714
REDDY AV,14.102162330000002
REDFIELD ST,11.81722689
REDFORD ST,2.957717142
REDGATE RD,22.72007241
REDLANDS RD,19.35197514
REDWOOD ST,20.92698806
REED ST,29.70479705
REED TE,29.704797050000003
REEDSDALE ST,1.110713006
REGAL ST,10.66199873
REGAN RD,20.88386434
REGENT CI,20.75596817
REGENT PL,32.72251309
REGENT ST,31.8035168126087
REGINA RD,16.66169006
REGIS RD,20.72992701
REMINGTON ST,16.66169006
RENA ST,5.764503441
RENDALL RD,14.92084877
RENFREW ST,29.70479705
RESERVATION RD,21.9229619653125
RESERVOIR CT,0.702106319
RESERVOIR RD,1.554815167
REV R M COSTELLO PL,20.2915317
REV RICHARD A BURKE ,34.1510652
REVERE ST,9.869552176130435
REXFORD ST,20.72992701
REXHAME ST,25.82231786
REYNOLD RD,22.1540559
RHOADES ST,40.72595281
RHODA ST,15.20583021
RICE ST,15.117084983333333
RICH ST,24.88451496
RICHARD TE,23.5932543
RICHARDSON ST,9.167842031
RICHFIELD PK,27.491309390000005
RICHFIELD ST,27.49130939
RICHMERE RD,20.72992701
RICHMOND ST,23.495672185911108
RICHVIEW ST,28.579156149999996
RICHWOOD ST,19.35197514
RICKER TE,10.2189781
RICKERHILL RD,19.21774467
RIDGE RD,7.728927471
RIDGE ST,23.92035895
RIDGECREST DR,28.27491678
RIDGECREST TE,28.27491678
RIDGEMONT ST,11.424257669999998
RIDGEVIEW AV,24.88451496
RIDGEWAY LA,12.95512278
RIDGEWOOD ST,31.41088302
RIDLON RD,24.03921569
RILEY RD,17.66409266
RILL ST,35.2402746
RINGGOLD ST,17.71062271
RIPLEY RD,27.33160622
RISLEY RD,14.920848769999997
RITA RD,20.2915317
RITCHIE ST,28.46638655
RIVER ST,20.85450197137014
RIVER STREET PL,14.1903172
RIVER STREET TE,14.10216233
RIVERBANK PL,24.88451496
RIVERDALE RD,23.20726916
RIVERDALE ST,9.167842031
RIVERMOOR ST,15.4410179
RIVERSIDE SQ,14.10216233
RIVERVIEW RD,5.189413596
RIVERWAY ,5.728752151333334
RIVERWAY ST,4.2965641135
ROACH ST,17.83369803
ROANOKE AV,12.86732742
ROANOKE RD,24.03921569
ROBBART LA,25.01785714
ROBERT ST,15.20583021
ROBERTS PL,22.1540559
ROBESON ST,16.93430657
ROBEY ST,28.011370457826086
ROBIN HOOD ST,29.126283980666667
ROBIN ST,22.720072409999997
ROBINSON ST,31.23378535058824
ROBINWOOD AV,12.86732742
ROBKEN RD,15.20583021
ROCK AV,31.84983348
ROCK HILL RD,10.27837259
ROCK RD,24.03921569
ROCK TE,27.49130939
ROCKDALE ST,20.72992701
ROCKFORD ,30.57921635
ROCKFORD ST,30.579216350000003
ROCKINGHAM AV,16.82178559
ROCKINGHAM RD,20.72992701
ROCKLAND AV,32.72251309
ROCKLAND ST,30.36790327882353
ROCKLEDGE ST,10.45621046
ROCKMERE ST,17.83369803
ROCKNE AV,20.2915317
ROCKVALE CI,16.60366386
ROCKVIEW PL,12.86732742
ROCKVIEW ST,12.86732742
ROCKVILLE PK,30.74534161
ROCKWAY ST,20.72992701
ROCKWELL ST,20.88386434
ROCKWOOD ST,14.89361702
ROCKWOOD TE,14.89361702
ROCKY NOOK TE,16.93430657
RODMAN ST,23.15018315
RODNEY ST,7.728927471000001
ROGERS PARK AV,14.80263158
ROGERS ST,6.8209876540000005
ROLAND ST,13.33878887
ROLLINS PL,6.851192107
ROMAR TE,10.45621046
ROMSEY CI,25.52972639
ROMSEY ST,25.52972639
RONALD ST,36.49798477
RONAN ST,35.2402746
ROSA ST,14.10216233
ROSARIA ST,20.2915317
ROSE GARDEN CI,14.80263158
ROSEBERY RD,24.03921569
ROSECLAIR ST,16.67836257
ROSECLIFF ST,17.31476616
ROSECLIFF TE,17.31476616
ROSEDALE ST,29.93432423
ROSEGLEN RD,24.03921569
ROSELAND ST,23.5932543
ROSEMARY ST,16.60366386
ROSEMERE CT,17.31476616
ROSEMONT ST,22.40685069888889
ROSEWAY ST,10.27837259
ROSEWOOD ST,20.72992701
ROSLIN ST,23.593254299999998
ROSLINDALE AV,21.625259021333335
ROSLYN PL,10.27837259
ROSSELERIN RD,19.51882033
ROSSETER ST,27.33160622
ROSSMORE RD,16.60366386
ROSWELL ST,30.57921635
ROUGEMONT PL,28.46638655
ROUGHAN RD,14.85239852
ROUND HILL ST,36.04900459
ROWE ST,23.52387186142857
ROWELL ST,35.2402746
ROWEN CT,16.60366386
ROWENA ST,28.57915615
ROWLEY ST,20.92698806
ROXANA ST,22.1540559
ROXBURY ST,10.57651992
ROXTON ST,30.49660906
ROYAL ST,5.764503441
ROYCE RD,2.957717142
ROZELLA ST,20.92698806
RUFFING ST,24.05442177
RUGBY RD,21.833023236666666
RUGDALE RD,23.20726916
RUGG RD,5.764503441
RUGGLES CT,29.70479705
RUGGLES ST,19.599658378
RUMFORD RD,19.21774467
RUNDEL PK,28.57915615
RUNNING BROOK RD,28.27491678
RUSFIELD ST,11.58208955
RUSHMORE ST,14.802631580000002
RUSKIN RD,24.03921569
RUSKIN ST,19.35197514
RUSKINDALE RD,24.03921569
RUSSELL PL,13.33878887
RUSSELL ST,17.252571013076924
RUSSETT RD,19.325995049032258
RUSTIC RD,22.72007241
RUSTLEWOOD RD,19.35197514
RUTHERFORD AV,16.570505083333334
RUTHVEN PK,22.60032103
RUTHVEN ST,26.75974651704918
RUTLAND SQ,12.525617783548388
RUTLAND ST,13.551762145454546
RUTLEDGE ST,22.72007241
RUXTON RD,24.03921569
RYAN RD,12.66409266
RYDER HILL RD,10.661998730000002
S BAY AV,11.58208955
S BREMEN ST,31.23056419
S CEDAR PL,12.94448708
S CHARLAME CT,32.72251309
S CHARLAME TE,32.72251309
S FAIRVIEW ST,15.20583021
S HOBART ST,12.66409266
S HUNTINGTON AV,10.792809770716419
S MUNROE TE,19.51882033
S QUINCY PL,13.33878887
S RUSSELL ST,6.851192107
S SYDNEY ST,17.83369803
S WALTER ST,15.20583021
S WAVERLY ST,9.167842031
S WHITNEY ST,6.137724551
SACHEM ST,11.205185832909091
SACKVILLE ST,17.025685091739128
SACO ST,20.92698806
SAFFORD ST,14.10216233
SAGAMORE ST,25.52972639
SALCOMBE ST,19.3877551
SALEM CT,5.875152999
SALEM ST,6.2042581661971825
SALEM STREET AV,21.730217300000003
SALERNO PL,7.483686786
SALINA RD,11.81722689
SALISBURY PK,20.92698806
SALMAN ST,15.4410179
SALUTATION ST,8.077226162
SAMMETT AV,21.03950104
SAMOSET ST,23.593254299999998
SAN JUAN ST,17.71062271
SANBORN AV,19.21774467
SANDERSON PL,12.66409266
SANDGRAV RD,21.730217300000003
SANDPIPER LA,40.72595281
SANFORD ST,22.781502097446808
SANGER ST,7.483686786
SANTUIT ST,23.5932543
SARANAC ST,20.2915317
SARATOGA PL,22.09902504
SARATOGA ST,21.789654120120726
SARGENT CW,14.893617019999999
SARGENT ST,30.172178189999997
SARGENTS WHARF ,
SAUNDERS ST,7.728927471
SAVANNAH AV,20.72992701
SAVILLE ST,22.72007241
SAVIN HILL AV,18.50098372595376
SAVIN HILL CT,17.83369803
SAVIN HILL LA,17.83369803
SAVIN ST,30.74534161
SAVOY ST,22.74033855
SAWYER AV,32.73724520526316
SAWYER TE,5.764503441
SAXTON ST,25.52972639
SAYBROOK ST,7.728927471
SAYBROOK TE,7.728927471
SAYWARD PL,6.820987654
SAYWARD ST,14.48376505
SCHILLER RD,28.27491678
SCHILLER ST,36.04900459
SCHIRMER RD,19.35197514
SCHOOL ST,20.75557782692248
SCHOOL STREET PL,28.46638655
SCHORTMANNS TE,28.27491678
SCHREPEL PL,9.073088771
SCHROEDER PZ,10.81713884
SCHUBERT ST,25.82231786
SCHUYLER ST,33.6318408
SCOTIA ST,1.084099869
SCOTTFIELD RD,2.294197031
SCRIBNER RD,22.1540559
SEA VIEW AV,23.46955523
SEA VIEW TE,17.83369803
SEABORN ST,16.66169006
SEAFOOD WY,0.0
SEAGER CT,12.66409266
SEAPORT BL,2.885023335
SEAPORT LA,2.885023335
SEARLE RD,22.72007241
SEATTLE ST,5.764503441
SEAVER ST,29.09513309025641
SEAVERNS AV,12.867327420000002
SEDALIA RD,28.57915615
SEDGWICK ST,12.86732742
SEFTON ST,24.03921569
SEGEL ST,12.86732742
SELDEN ST,31.849833480000004
SELKIRK RD,0.6942128966666666
SELMA ST,23.46955523
SELWYN ST,15.205830210000002
SEMINARY ST,21.7302173
SEMINOLE ST,24.039215690000002
SEMONT RD,19.51882033
SENATOR BOLLING CI,40.72595281
SENDERS CT,22.1540559
SENTRY HILL PL,6.851192107
SERVICE DR,29.70479705
SEVENTH ST,17.05128205
SEVER ST,13.33878887
SEWALL ST,6.137724551
SEXTON CT,16.67836257
SEYMOUR RD,19.21774467
SEYMOUR ST,22.07008587
SHABAZZ WY,29.70479705
SHAFTER ST,27.33160622
SHANAHAN PL,23.92035895
SHANDON RD,32.85957931
SHANLEY ST,14.802631580000002
SHANNON ST,9.837799718
SHARP ST,16.66169006
SHATTUCK ST,12.33128834
SHAW ST,22.72007241
SHAWMUT AV,19.138723260467742
SHAWMUT ST,12.94448708
SHAWSHEEN RD,23.46955523
SHEAFE ST,7.054352072027027
SHEFFIELD RD,15.20583021
SHELBY ST,19.92797119
SHELDON ST,23.92035895
SHENANDOAH ST,28.57915615
SHEPARD CT,23.27143422
SHEPARD PL,7.728927471000001
SHEPARD ST,9.046972625375
SHEPHERD AV,12.33128834
SHEPTON ST,19.51882033
SHEPTON TE,17.17118998
SHERBORN ST,0.744145327
SHERBROOK ST,19.33519633125
SHERIDAN PL,10.27837259
SHERIDAN ST,10.27837259
SHERMAN SQ,13.33878887
SHERMAN ST,23.8819218275
SHERRIN ST,24.05442177
SHERWOOD CT,11.58208955
SHERWOOD ST,23.92035895
SHETLAND ST,11.58208955
SHIRLEY ST,24.356019639655173
SHORT ST,13.181219424272728
SHORT STREET PL,13.33878887
SHREWSBURY RD,14.92084877
SHURLAND ST,16.60366386
SIDLAW RD,1.554815167
SIDLEY RD,19.35197514
SIERRA RD,17.66409266
SIGOURNEY ST,16.93430657
SILLOWAY ST,16.66169006
SILVA PL,22.60032103
SILVER ST,8.914499738676056
SILVIA CT,22.1540559
SIMBROCO ST,15.4410179
SINCLAIR RD,9.167842031
SIXTEENTH ST,17.05128205
SIXTH ST,17.05128205
SKYLINE RD,25.01785714
SLEEPER ST,2.885023335
SLOCUM RD,14.89361702
SMITH CT,6.851192107
SMITH ST,14.158671078714287
SNELLING PL,3.531218014
SNOW HILL ST,3.531218014
SNOW ST,9.837799718
SNOWDEN WY,40.72595281
SOBIN PK,6.820987654
SOJOURNER TRUTH PL,29.70479705
SOLARIS RD,22.1540559
SOLDIERS FIELD PL,9.167842031
SOLDIERS FIELD RD,7.640809150468749
SOLDIERS FIELD RD XT,9.167842031
SOLEY ST,14.85239852
SOMERSET ST,6.362889984
SONOMA ST,33.6318408
SORRENTO ST,5.764503441
SOUTH ST,15.757917304602318
SOUTHAMPTON ST,10.522566641542856
SOUTHBOURNE RD,22.574542574545454
SOUTHER RD,28.57915615
SOUTHERN AV,24.650099288333333
SOUTHMERE RD,23.207269160000003
SOUTHVIEW ST,17.83369803
SOUTHWICK ST,11.81722689
SOUTHWOOD ST,30.74534161
SPALDING ST,16.60366386
SPARHAWK ST,10.30379626526087
SPARROW ST,22.72007241
SPAULDING ST,19.51882033
SPECTACLE ISLAND ,0.0
SPEEDWAY AV,9.167842031
SPEEDWELL ST,31.41088302
SPENCER ST,29.93432423
SPICE ST,13.33878887
SPINNEY ST,22.72007241
SPRAGUE ST,19.95683984638298
SPRING GARDEN ST,25.52972639
SPRING HILL RD,25.01785714
SPRING PARK AV,11.843787138372093
SPRING RD,16.82178559
SPRING ST,15.441017899999999
SPRING VALLEY RD,15.4410179
SPRINGDALE ST,17.83369803
SPRINGER ST,7.483686786000001
SPRINGVALE AV,15.4410179
SPRUCE CT,14.1903172
SPRUCE PL,14.1903172
SPRUCE ST,14.1903172
ST ALBANS RD,12.33128834
ST ALPHONSUS ST,7.307445919625
ST ANDREW RD,23.46955523
ST BOTOLPH ST,2.0387508902424245
ST BRENDAN RD,20.2915317
ST CECELIA ST,1.084099869
ST CHARLES ST,12.94448708
ST CLARE RD,19.51882033
ST CYPRIANS PL,10.81713884
ST EDWARD RD,23.46955523
ST FRANCIS DE SALES CT,22.83591731
ST GERMAIN ST,1.084099869
ST GREGORY ST,23.20726916
ST JAMES AV,9.824102497666667
ST JAMES PL,32.72251309
ST JAMES ST,31.8650412739375
ST JOHN ST,12.86732742
ST JOSEPH ST,16.32458234
ST LUKES RD,1.110713006
ST MARGARET ST,16.67836257
ST MARKS RD,19.51882033
ST MARTIN ST,13.33878887
ST MARYS ST,0.45748381985714287
ST PAULS AV,14.89361702
ST PETER ST,10.27837259
ST RICHARD ST,32.72251309
ST ROSE ST,16.32458234
ST STEPHEN ST,1.323706378
ST THERESA AV,20.124826209200002
ST THOMAS MORE RD,1.554815167
ST WILLIAM ST,25.52972639
STACEY ST,21.7302173
STADIUM WY,2.55164034
STAFFORD ST,30.57921635
STANBRO ST,17.66409266
STANDARD ST,24.61399144387097
STANDISH ST,32.85957931
STANHOPE ST,13.595933929999998
STANIFORD ST,4.9424122593333335
STANLEY ST,29.361749268275865
STANTON ST,31.849833479999997
STANWOOD ST,35.543044848709684
STANWOOD TE,29.09720038
STAR ST,22.07008587
STARBIRD AV,21.03950104
STARR LA,12.86732742
STATE ST,6.362889984
STATION ST,15.263273305
STEARNS RD,16.82178559
STEDMAN ST,16.60366386
STELLA RD,24.86591906
STELLMAN RD,23.92035895
STILLINGS ST,2.885023335
STILLMAN PL,0.660660661
STILLMAN ST,0.660660661
STIMSON RD,16.82178559
STIMSON ST,17.40707695
STOCK ST,20.2915317
STOCKTON ST,20.88386434
STOCKWELL ST,12.33128834
STONE TE,23.20726916
STONECREST RD,20.72992701
STONEHILL RD,22.1540559
STONEHILL TE,22.1540559
STONEHOLM ST,2.164502165
STONEHURST ST,31.41088302
STONLEY RD,16.60366386
STONY BROOK ,16.60366386
STONY BROOK RESERVATION ,2.5857149133333333
STOREY PL,12.86732742
STORY ST,7.483686786
STOUGHTON ST,19.3877551
STOUGHTON STREET PL,19.3877551
STOUGHTON TE,19.3877551
STOW RD,24.88451496
STRATFORD ST,22.72007241
STRATHCONA RD,36.49798477
STRATHMORE RD,1.0794557473448276
STRATTON ST,40.72595281
STREET A ,13.338788869999998
STREET C ,13.33878887
STRONG PL,6.851192107
STUART ST,8.85672673573077
STURBRIDGE ST,23.20726916
STURGES RD,22.72007241
STURTEVANT ST,20.92698806
SUDAN ST,25.52972639
SULLIVAN ST,21.510994121034482
SUMMER ST,12.952680275057292
SUMMIT AV,1.4981516750000001
SUMMIT CI,25.01785714
SUMMIT ST,25.01785714
SUMNER ,19.3877551
SUMNER AV,17.31476616
SUMNER PK,19.3877551
SUMNER PL,16.93989071
SUMNER SQ,19.3877551
SUMNER ST,16.423815234432432
SUMNER TE,19.3877551
SUN COURT ST,5.875152999
SUNAPEE LA,16.82178559
SUNCREST RD,24.039215690000002
SUNDERLAND ST,18.65008881
SUNNYBANK RD,19.35197514
SUNNYSIDE ST,26.46463218942029
SUNSET AV,23.15018315
SUNSET HILL PA,14.92084877
SUNSET HILL RD,14.92084877
SUNSET LA,28.57915615
SUNSET LN,28.57915615
SUNSET ST,12.33128834
SUPPLE RD,30.49660906
SURREY ST,12.66409266
SURREYHILL LA,14.893617019999999
SUSANNA CT,22.1540559
SUSSEX ST,22.83591731
SUTHERLAND RD,0.8578917742692307
SUTTON ST,32.14285714
SWALLOW ST,12.43781095
SWAN AV,23.42791729555556
SWAN CT,28.57915615
SWAN ST,22.72007241
SWIFT ST,21.71680117
SWIFT TE,19.527938817
SYCAMORE ST,22.10951421632353
SYDNEY ST,25.52972639
SYLVESTER RD,20.2915317
SYLVIA ST,16.93430657
SYMMES ST,15.205830209999998
SYMPHONY RD,1.323706378
TABER ST,29.70479705
TACOMA ST,19.07068901
TAFT CT,17.31476616
TAFT ST,25.529726390000004
TAFTHILL PK,15.20583021
TAFTHILL TE,15.20583021
TAFTS AV,0.0
TAI TUNG ST,8.796473745
TALBOT AV,27.257118817454547
TALBOT PL,23.5932543
TAMPA ST,24.039215690000002
TANGLEWOOD RD,23.20726916
TAPPAN ST,15.20583021
TARLETON RD,19.21774467
TAUNTON AV,24.03921569
TAVERN RD,1.08656284
TAYLOR ST,14.518366640833333
TAYLOR TE,23.20726916
TCHAPITOULAS ST,24.03921569
TEARSEN ST,14.10216233
TEBROC ST,31.41088302
TELEGRAPH ST,34.1510652
TELFORD ST,9.167842031
TEMPLE PL,7.878685191
TEMPLE ST,18.78533938202703
TEMPLE TE,19.21774467
TEMPLETON WY,19.51882033
TENEAN ST,11.81722689
TENNIS RD,32.14285714
TENNYSON ST,22.72007241
TERAGRAM ST,23.46955523
TERESA TE,25.01785714
TERMINAL ST,14.219858154999999
TERMINE AV,10.27837259
TERRACE PL,10.45621046
TERRACE ST,10.45621046
TESLA ST,20.72992701
TETLOW ST,2.427484057
THACHER CT,0.660660661
THACHER ST,1.298562295
THANE ST,29.93432423
THATCHER ST,22.26681413514634
THATCHER TE,19.3877551
THELMA RD,20.92698806
THEODORE A GLYNN WY,11.58208955
THEODORE PARKER RD,19.35197514
THEODORE ST,24.793684970000005
THETFORD AV,31.84983348
THIRD AV,17.05128205
THIRD STREET PL,2.885023335
THIRTEENTH ST,17.05128205
THIRTY FOOT ,7.483686786
THIRTY FT ST ZZ ,15.4410179
THOMAS PK,7.483686786
THOMAS ST,20.75596817
THOMPSON ISLAND ,0.0
THOMPSON PL,2.885023335
THOMPSON SQ,21.77443374
THOMPSON ST,20.811385845454545
THOMSON PL,2.885023335
THORN ST,24.03921569
THORNDIKE ST,29.70479705
THORNLEY ST,25.52972639
THORNTON PL,20.14995314
THORNTON ST,17.258836902105266
THORNTON TE,20.14995314
THRUSH ST,16.82178559
THURLOW ST,19.35197514
THURSTON ST,23.46955523
THWING ST,10.456210459999998
TICKNOR ST,5.266579974
TIDE ST,0.0
TILESBORO ST,20.92698806
TILESTON PL,5.875152999
TILESTON ST,12.93895515661111
TILMAN ST,23.5932543
TINA AV,24.03921569
TIP TOP ST,10.2189781
TIVERTON RD,24.88451496
TOBIN BRIDGE ,
TOBIN RD,16.82178559
TOLAND TE,30.98078868
TOLEDO TE,30.98078868
TOLL GATE WY,23.15018315
TOLMAN ST,11.817226889999999
TONAWANDA ST,30.98078868
TOPALIAN ST,20.72992701
TOPEKA ST,11.58208955
TOPLIFF ST,31.410883019999996
TORPIE ST,6.137724551
TORREY ST,23.5932543
TOVAR ST,35.2402746
TOWER ST,23.15018315
TOWNSEND ST,21.187030788809526
TRACTON AV,24.03921569
TRAIN ST,19.968651688194445
TRANSIT ST,6.820987654
TRAPELO ST,14.80263158
TRAVELER ST,16.4828787
TRAVIS ST,5.764503441
TREADWAY RD,25.52972639
TRELAWNEY RD,24.03921569
TREMLETT ST,16.66169006
TREMONT PL,38.04483188
TREMONT ST,14.745376696360502
TRENT ST,35.2402746
TRENTON ST,22.364641958541668
TRESCOTT ST,19.3877551
TRIDENT ST,21.71680117
TRILLING WY,2.885023335
TRINITY PL,9.439674453
TRINITY TE,27.33160622
TRULL ST,35.2402746
TRUMAN HW,24.481645146666665
TRUMAN PW,25.01785714
TUCKER ST,40.72595281
TUCKERMAN ST,6.820987654
TUDOR ST,10.82240161
TUFTS ST,17.05128205
TUPELO ST,30.74534161
TURNER ST,5.189413596
TURTLE POND PW,22.1540559
TUTTLE ST,25.52972639
TYLER ST,15.650579404859156
TYNDALE ST,15.20583021
UFFORD ST,31.84983348
UNDINE RD,10.66199873
UNION AV,16.60366386
UNION PARK ST,21.542787159523808
UNION PK,17.49330145074074
UNION ST,13.050229003484848
UNITY CT,5.875152999
UNITY ST,5.875152999
UNIVERSITY RD,0.3720726635
UPCREST RD,5.189413596
UPHAM AV,19.3877551
UPHAM CT,19.3877551
UPLAND AV,16.66169006
UPTON ST,19.64255018391304
UTICA ST,7.878685191
VALE ST,20.14995314
VALENCIA RD,23.27143422
VALENTINE ST,20.14995314
VALLARO RD,22.1540559
VALLEY RD,23.20726916
VAN BRUNT ,25.01785714
VAN BRUNT ST,25.01785714
VAN NESS ST,2.280481235
VAN WINKLE ST,28.579156150000003
VANCOUVER ST,4.294342834571429
VANDERBILT AV,24.03921569
VARICK RD,19.21774467
VARNEY ST,23.15018315
VASSAR ST,27.331606219999998
VAUGHAN AV,36.49798477
VENDEN PL,21.7302173
VENICE ST,19.11685514
VENTURA ST,28.579156150000003
VERA ST,20.88386434
VERDUN ST,28.579156150000003
VERMONT ST,19.269152084042553
VERNDALE ST,24.88451496
VERNON PL,8.077226162
VERNON ST,21.628198134722222
VERONA ST,12.86732742
VERRILL ST,32.14285714
VERSHIRE ST,22.72007241
VESPER ST,19.21774467
VESTA RD,32.85957931
VFW PW,17.345053960113635
VICKSBURG ST,9.073088771
VICTOR ST,30.17217819
VICTORIA HEIGHTS RD,24.03921569
VICTORIA ST,25.52972639
VICTORY RD,20.37488132242424
VIENNA ST,19.92797119
VIEW SOUTH AV,16.32458234
VIKING ST,17.17118998
VIKING TE,24.88451496
VILLAGE CT,16.4828787
VINAL ST,2.294197031
VINCENT RD,14.92084877
VINE AV,11.58208955
VINE ST,19.85544995875
VINELAND ST,9.167842031
VINING ST,12.33128834
VINSON ST,16.66169006
VINTON ST,6.820987654
VIOLANTE ST,20.72992701
VIOLET ST,24.88451496
VIRGIL RD,19.35197514
VIRGINIA ST,14.48376505
VISTA ST,22.07008587
VOGEL ST,15.4410179
VON HILLERN ST,16.67836257
VOSE AV,25.01785714
W BELLFLOWER ST,16.67836257
W BOUNDARY RD,28.27491678
W BROADWAY ,7.4084588451869156
W BROADWAY ST,6.820987654
W BROOKLINE ST,15.206127709999999
W CANTON ST,14.615760467272729
W CEDAR ST,11.540077583083335
W CONCORD ST,8.815282058055557
W COTTAGE ST,30.38640880052632
W DEDHAM ST,17.71062271
W EAGLE ST,24.82893451
W EIGHTH ST,10.82240161
W FIFTH ST,11.044825243363636
W FIRST ST,5.315934096
W FOURTH ST,9.822048121
W HAVEN ST,17.71062271
W HILL PL,6.851192107
W HOWELL ST,16.67836257
W MILTON ST,22.1540559
W NEWTON ST,13.294293718876544
W NINTH ST,10.82240161
W PARK ST,32.85957931
W ROXBURY PW,21.233701934301074
W RUTLAND SQ,7.798165138
W SCHOOL ST,21.7302173
W SECOND ST,6.162019336730769
W SELDEN ST,24.88451496
W SEVENTH ST,10.82240161
W SIXTH ST,10.600100834666668
W SORRENTO ST,5.764503441
W SPRINGFIELD ST,8.268930362893618
W THIRD ST,5.848353819705882
W TREMLETT ST,29.93432423
W WALNUT PK,28.466386549999996
WABASH ST,20.72992701
WABENO ST,18.65008881
WABON ST,18.650088810000003
WACHUSETT ST,23.482367226931817
WADE ST,1.554815167
WADLEIGH PL,6.820987654
WADSWORTH ST,5.764503441
WAINWRIGHT ST,23.5932543
WAIT ST,12.33128834
WAKEFIELD AV,25.01785714
WAKULLAH ST,32.72251309
WALBRIDGE ST,2.294197031
WALDECK ST,25.525893967619048
WALDEMAR AV,22.25561271810345
WALDEN ST,36.04900459
WALDO TE,7.728927471
WALDORF ST,23.5932543
WALDREN RD,28.46638655
WALES PL,27.49130939
WALES ST,32.85957931
WALK HILL ST,27.844214000243902
WALKER ST,19.78697515647059
WALL ST,13.33878887
WALLACE CT,14.85239852
WALLACE PK,21.03950104
WALLEY ST,23.46955523
WALLINGFORD RD,9.837799718
WALNUT AV,26.18046083789474
WALNUT CT,20.77663526142857
WALNUT PK,28.46638655
WALNUT RD,16.82178559
WALNUT ST,12.7034035435
WALTER ST,15.001447269259259
WALTHAM ST,18.269480025555552
WALTON ST,23.593254300000005
WALWORTH ST,21.44576450637681
WARD CT,6.820987654
WARD ST,8.20890890936
WARDMAN RD,28.46638655
WARE ST,35.2402746
WAREHAM ST,22.74033855
WARNER ST,32.85957931
WARREN AV,19.606953351160715
WARREN PK,25.01785714
WARREN PL,21.08535896
WARREN SQ,12.86732742
WARREN ST,22.79983806541401
WARRENTON ST,8.796473745
WARWICK ST,22.83591731
WASHBURN ST,17.017922203
WASHINGTON AV,16.67836257
WASHINGTON MA,6.362889984
WASHINGTON PL,9.8028335832
WASHINGTON ST,20.067473146445
WASHINGTON STREET PL,25.01785714
WATER ST,9.299840625692308
WATERLOO ST,22.1540559
WATERLOW ST,27.33160622
WATERMAN RD,21.03950104
WAUMBECK ST,20.343045475714288
WAVE AV,17.83369803
WAVERLY RD,16.82178559
WAVERLY ST,18.820933947921052
WAY ST,14.10216233
WAYBURN RD,21.03950104
WAYLAND ST,28.460714938363637
WAYMOUNT ST,12.33128834
WAYNE ST,33.6318408
WEBB PK,7.483686786
WEBBER ST,29.70479705
WEBLEY ST,11.42425767
WEBSTER AV,16.740041002
WEBSTER PL,10.292892299
WEBSTER ST,15.430762525034485
WEDGEMERE RD,16.82178559
WEDGEWOOD RD,14.92084877
WEDMORE ST,17.83369803
WEEKS AV,24.05442177
WEITZ ST,9.167842031000001
WELD AV,28.46638655
WELD HILL ST,23.15018315
WELD ST,16.782683496707318
WELDON ST,18.65008881
WELLAND RD,19.21774467
WELLES AV,23.5932543
WELLESLEY PK,16.66169006
WELLINGTON HILL ST,29.096671950000005
WELLINGTON PL,13.33878887
WELLINGTON ST,7.798165138
WELLSMERE PK,17.31476616
WELLSMERE RD,17.31476616
WELLSMERE TE,17.31476616
WELTON RD,19.35197514
WENDELL PL,6.820987654
WENDELL ST,7.878685191
WENDELLER ST,6.820987654
WENDOVER ST,25.21008403
WENHAM ST,23.15018315
WENLOCK RD,20.2915317
WENONAH ST,18.65008881
WENSLEY ST,10.82864825
WENTWORTH ST,23.5932543
WENTWORTH TE,23.5932543
WESLEY PL,5.875152999
WESLEY ST,21.818650180000002
WEST SERVICE RD,6.820987654
WEST ST,18.58221360286111
WESTBOURNE ST,25.82231786
WESTBROOK ST,21.71680117
WESTCHESTER RD,14.89361702
WESTCOTT ST,32.85957931
WESTERLY ST,36.04900459
WESTERN AV,7.831139865771739
WESTFORD PL,9.167842031
WESTFORD ST,9.167842031
WESTGATE RD,19.21774467
WESTGLOW ST,19.51882033
WESTLAND AV,1.66527966646875
WESTMINSTER AV,24.089316334210526
WESTMINSTER ST,19.479345340508473
WESTMINSTER TE,10.691421625142857
WESTMOOR CI,28.27491678
WESTMOOR RD,28.27491678
WESTMOOR TE,28.27491678
WESTMORE RD,29.096671949999998
WESTMORELAND ST,28.57915615
WESTMOUNT AV,19.35197514
WESTON ST,22.180281338846154
WESTOVER ST,19.21774467
WESTVILLE ST,31.100259330000004
WESTVILLE TE,30.98078868
WESTWOOD ST,27.49130939
WEYANOKE ST,28.57915615
WEYBOSSET ST,24.03921569
WEYMOUTH AV,16.82178559
WHARF ST,7.878685191
WHARTON CT,22.1540559
WHEATLAND AV,29.93432423
WHEATLEY WY,29.70479705
WHEELOCK AV,19.3877551
WHIPPLE AV,23.62413748846154
WHITBY ST,23.46955523
WHITBY TE,19.3877551
WHITCOMB AV,14.89361702
WHITE OAK RD,22.72007241
WHITE ST,24.06844020172414
WHITE STREET PL,24.82893451
WHITFIELD ST,28.3490567475
WHITFORD ST,21.863332839130436
WHITING ST,28.675345327857144
WHITMAN ST,23.593254300000005
WHITRIDGE ST,20.2915317
WHITTEMORE ST,19.35197514
WHITTEMORE TE,35.2402746
WHITTEN ST,20.92698806
WICHITA TE,23.20726916
WIDETT CI,6.820987654
WIGET ST,0.660660661
WIGGIN ST,5.875152999
WIGGLESWORTH ST,6.137724551
WILBERT RD,32.85957931
WILBUR CT,12.98482293
WILBUR ST,19.3877551
WILCOCK ST,40.72595281
WILCOX RD,28.579156150000003
WILCUTT RD,27.33160622
WILDWOOD ST,27.91708314225
WILKES ST,17.71062271
WILKINS PL,17.31476616
WILKINSON PK,38.01784576
WILLARD ST,8.5
WILLERS ST,28.274916780000005
WILLET ST,16.82178559
WILLIAM E DOUCETTE SQ,11.81722689
WILLIAM J DAY BL,
WILLIAM JACKSON AV,14.80263158
WILLIAMS AV,25.01785714
WILLIAMS ST,19.099545580416667
WILLIS ST,19.3877551
WILLISTON RD,0.702106319
WILLOUGHBY PL,10.45621046
WILLOUGHBY ST,14.802631580000002
WILLOW AV,24.05442177
WILLOW CT,16.67836257
WILLOW ST,19.232306086136365
WILLOW TE,19.35197514
WILLOWDEAN AV,14.92084877
WILLOWWOOD ST,24.79368497
WILMINGTON AV,23.703684975999998
WILMORE ST,32.14285714
WILMOT ST,24.3836754275
WILNA CT,19.35197514
WILROSE ST,27.49130939
WILSON PK,0.702106319
WILTON ST,11.649909715588237
WILTON TE,5.764503441
WILTSHIRE RD,14.80263158
WINBOROUGH ST,24.03921569
WINCHESTER ST,12.94448708
WINCHESTER TE,14.89361702
WINDERMERE RD,19.3877551
WINDHAM RD,24.05442177
WINDOM ST,4.8006445107
WINDSOR ST,22.83591731
WINFIELD ST,7.483686786
WINGATE RD,17.66409266
WINSHIP PL,7.728927471000001
WINSHIP ST,7.891148413076923
WINSLOW ST,24.129215930666664
WINSTON RD,24.793684970000005
WINTER PL,7.878685191
WINTER ST,19.776182466891893
WINTHROP LA,7.878685191
WINTHROP SQ,7.878685191
WINTHROP ST,19.604324609716983
WINTON ST,34.61336139
WISE ST,19.56241956
WITHINGTON ST,23.5932543
WM C KELLY SQ,21.826710052857145
WM CARD OCONNELL WY,3.163618389
WM F MCCLELLAN HW,21.46125403
WM T MORRISSEY BL,16.048221223333332
WOLCOTT CT,17.66409266
WOLCOTT SQ,17.66409266
WOLCOTT ST,26.722339530588236
WOLFE ST,19.35197514
WOLLASTON TE,24.79368497
WOOD AV,20.809673348
WOOD ST,21.7302173
WOODARD RD,22.72007241
WOODBINE ST,30.74534161
WOODBOURNE RD,21.03950104
WOODBRIER RD,16.82178559
WOODCLIFF ST,30.17217819
WOODDALE AV,24.88451496
WOODFIELD ST,20.2915317
WOODFORD ST,30.17217819
WOODGLEN RD,25.017857139999997
WOODHAVEN ST,20.72992701
WOODLAND AV,14.89361702
WOODLAND PL,14.10216233
WOODLAND RD,14.89361702
WOODLAWN ST,23.15018315
WOODLEDGE ST,30.17217819
WOODLEY AV,28.27491678
WOODMAN ST,16.32458234
WOODMERE ST,24.88451496
WOODMONT ST,10.2189781
WOODROW AV,32.83074007491803
WOODS PL,13.33878887
WOODSIDE AV,16.93430657
WOODSTOCK AV,2.294197031
WOODVILLE PK,30.57921635
WOODVILLE ST,30.57921635
WOODVILLE TE,30.57921635
WOODWARD AV,11.58208955
WOODWARD PARK ST,30.17217819
WOODWARD PL,6.820987654
WOODWARD ST,6.820987654
WOODWORTH ST,11.81722689
WOOLSEY SQ,12.86732742
WOOLSON ST,32.14285714
WORCESTER SQ,13.4825473
WORCESTER ST,8.265788437032258
WORDSWORTH ST,21.716801170000004
WORLEY ST,19.21774467
WORMWOOD ST,6.820987654
WORRELL ST,20.92698806
WORTHINGTON ST,6.137724551
WREN ST,22.72007241
WRENTHAM ST,24.17142521054054
WRIGHT ST,22.07008587
WYCLIFF AV,15.4410179
WYMAN PL,19.56241956
WYMAN ST,19.56241956
WYOLA PL,34.03105664
WYOMING ST,18.65008881
WYVERN ST,21.03950104
YALE TE,23.15018315
YARMOUTH ST,13.59593393
YEOMAN PL,11.58208955
YEOMAN ST,11.58208955
YORK ST,30.496609060000004
YORKTOWN ST,19.35197514
YOUNGS RD,20.72992701
YUILL CI,17.66409266
ZAMORA CT,8.589870904
ZAMORA ST,8.589870904
ZEIGLER ST,29.704797050000003
ZELLER ST,15.205830209999998
